0.1,0.0045338
0.2,0.0045267
0.3,0.0044121
0.4,0.004527
0.5,0.0044939
0.6,0.0045126
0.7,0.0044356
0.8,0.0044921
0.9,0.0044781
1,0.0045201
1.1,0.0045973
1.2,0.0043968
1.3,0.0045539
1.4,0.0045838
1.5,0.0045317
1.6,0.004437
1.7,0.0045352
1.8,0.0045568
1.9,0.0044568
2,0.0044238
2.1,0.0045087
2.2,0.0044204
2.3,0.0045384
2.4,0.0045986
2.5,0.0044435
2.6,0.0044216
2.7,0.0044475
2.8,0.0045692
2.9,0.0043375
3,0.0044897
3.1,0.0045735
3.2,0.0044953
3.3,0.0044484
3.4,0.0045139
3.5,0.0045586
3.6,0.004538
3.7,0.0044951
3.8,0.004485
3.9,0.0044808
4,0.0045362
4.1,0.0044703
4.2,0.0045367
4.3,0.0044607
4.4,0.0044666
4.5,0.004497
4.6,0.0045931
4.7,0.0043166
4.8,0.0044742
4.9,0.0046689
5,0.0045886
5.1,0.0044345
5.2,0.0044234
5.3,0.0045726
5.4,0.0044136
5.5,0.0044674
5.6,0.0045353
5.7,0.0044568
5.8,0.0044838
5.9,0.0043135
6,0.0046768
6.1,0.0044927
6.2,0.0043599
6.3,0.0045223
6.4,0.0045595
6.5,0.0044798
6.6,0.0042942
6.7,0.0045522
6.8,0.0045452
6.9,0.004525
7,0.004526
7.1,0.0044394
7.2,0.0045867
7.3,0.0045
7.4,0.0044417
7.5,0.0044713
7.6,0.0045677
7.7,0.0045778
7.8,0.0043254
7.9,0.0045611
8,0.0044998
8.1,0.0043955
8.2,0.0044544
8.3,0.0042498
8.4,0.004625
8.5,0.0045184
8.6,0.0045996
8.7,0.0044471
8.8,0.0045399
8.9,0.0044681
9,0.004256
9.1,0.0047493
9.2,0.0044301
9.3,0.0042621
9.4,0.0048188
9.5,0.0045821
9.6,0.0045434
9.7,0.0045243
9.8,0.0047729
9.9,0.0048458
10,0.0048419
10.1,0.0047195
10.2,0.0039564
10.3,0.0051389
10.4,0.0040869
10.5,0.0044465
10.6,0.0048341
10.7,0.0046988
10.8,0.0041002
10.9,0.0042392
11,0.004969
11.1,0.0044436
11.2,0.0042777
11.3,0.0048924
11.4,0.0039565
11.5,0.0051576
11.6,0.004428
11.7,0.0047998
11.8,0.0042231
11.9,0.0047155
12,0.0044503
12.1,0.0037371
12.2,0.0044031
12.3,0.0044114
12.4,0.0042633
12.5,0.0047492
12.6,0.004196
12.7,0.005101
12.8,0.0041028
12.9,0.004952
13,0.0055559
13.1,0.0043077
13.2,0.0047242
13.3,0.0040153
13.4,0.0049569
13.5,0.0054927
13.6,0.0048896
13.7,0.004011
13.8,0.0045291
13.9,0.0046231
14,0.0031275
14.1,0.0059112
14.2,0.0059448
14.3,0.0059489
14.4,0.0053429
14.5,0.0046284
14.6,0.0041383
14.7,0.0050657
14.8,0.0046716
14.9,0.0026959
15,0.004982
15.1,0.0054486
15.2,0.0049641
15.3,0.0049311
15.4,0.0024963
15.5,0.0046348
15.6,0.0052934
15.7,0.0044458
15.8,0.0050058
15.9,0.0044503
16,0.0051578
16.1,0.0031144
16.2,0.0029878
16.3,0.0034286
16.4,0.0044687
16.5,0.006818
16.6,0.0047741
16.7,0.0055547
16.8,0.0055975
16.9,0.0038425
17,0.0088102
17.1,0.0057993
17.2,0.0049763
17.3,0.0062084
17.4,0.0077395
17.5,0.0038554
17.6,0.0075146
17.7,0.0066504
17.8,0.0020475
17.9,0.004166
18,0.0047417
18.1,0.0069204
18.2,0.0038145
18.3,0.0054806
18.4,0.0066113
18.5,0.0058563
18.6,0.0011783
18.7,0.0031305
18.8,0.004537
18.9,0.0047769
19,0.0048622
19.1,0.0068819
19.2,0.0047833
19.3,0.0099904
19.4,0.0056638
19.5,0.0069762
19.6,0.0070244
19.7,0.0079085
19.8,0.0029482
19.9,0.010196
20,0.0063777
20.1,0.0059269
20.2,0.00757
20.3,0.0046917
20.4,0.0014996
20.5,0.0054064
20.6,0.0039693
20.7,0.00091769
20.8,0.0039191
20.9,0.005399
21,0.0053819
21.1,0.011171
21.2,0.01423
21.3,0.0049621
21.4,0.0055727
21.5,0.0013133
21.6,0.0077654
21.7,0.012224
21.8,0.0066403
21.9,0.0055554
22,0.0034477
22.1,0.0095393
22.2,0.0061528
22.3,0.009376
22.4,0.0043618
22.5,0.0076587
22.6,0.013653
22.7,0.0086399
22.8,0.0053043
22.9,0.013601
23,0.012361
23.1,0.010558
23.2,0.0048532
23.3,0.0077489
23.4,0.0085793
23.5,0.0073464
23.6,0.0087732
23.7,0.0046605
23.8,0.006645
23.9,0.0087127
24,0.0074259
24.1,0.007369
24.2,0.014613
24.3,0.013678
24.4,0.0067197
24.5,0.008797
24.6,0.018319
24.7,0.013085
24.8,0.0069732
24.9,0.0049824
25,0.010723
25.1,0.0072394
25.2,0.0096198
25.3,0.010564
25.4,0.0084535
25.5,0.0094046
25.6,0.0058843
25.7,0.021946
25.8,0.0080077
25.9,0.016605
26,0.0055396
26.1,0.013499
26.2,0.025673
26.3,0.01556
26.4,0.0088761
26.5,0.0070919
26.6,0.0033412
26.7,0.0064046
26.8,0.0091906
26.9,0.012464
27,0.0074557
27.1,0.011848
27.2,0.015402
27.3,0.0067485
27.4,0.025327
27.5,0.0032565
27.6,0.002407
27.7,0.0031033
27.8,0.022612
27.9,0.011357
28,0.0080118
28.1,0.0085772
28.2,0.011843
28.3,0.019555
28.4,0.0068207
28.5,0.016035
28.6,0.0038609
28.7,0.011905
28.8,0.011717
28.9,0.026072
29,0.0054417
29.1,0.0063715
29.2,0.0036415
29.3,0.013814
29.4,0.012072
29.5,0.015425
29.6,0.0090443
29.7,0.0088219
29.8,0.011726
29.9,0.010841
30,0.019358
30.1,0.021156
30.2,0.0042941
30.3,0.025557
30.4,0.021383
30.5,0.019246
30.6,0.024532
30.7,0.012471
30.8,0.013374
30.9,0.005636
31,0.011744
31.1,0.011322
31.2,0.012047
31.3,0.018247
31.4,0.0117
31.5,0.01233
31.6,0.0096064
31.7,0.019083
31.8,0.0090525
31.9,0.031329
32,0.021995
32.1,0.026243
32.2,0.0052862
32.3,0.01067
32.4,0.021552
32.5,0.0026125
32.6,0.0058854
32.7,0.0079438
32.8,0.003543
32.9,0.0059484
33,0.0020611
33.1,0.018856
33.2,0.036153
33.3,0.010623
33.4,0.019358
33.5,0.0057883
33.6,0.030001
33.7,0.024068
33.8,0.028093
33.9,0.017056
34,0.035054
34.1,0.021144
34.2,0.015914
34.3,0.014507
34.4,0.04946
34.5,0.01519
34.6,0.036036
34.7,0.0038814
34.8,0.014496
34.9,0.036781
35,0.018229
35.1,0.027411
35.2,0.033222
35.3,0.030195
35.4,0.0064203
35.5,0.02581
35.6,0.017608
35.7,0.031527
35.8,0.039767
35.9,0.016447
36,0.03341
36.1,0.012947
36.2,0.038675
36.3,0.0051632
36.4,0.030584
36.5,0.061582
36.6,0.040938
36.7,0.013229
36.8,0.0023485
36.9,0.0051031
37,0.045924
37.1,0.0040986
37.2,0.015099
37.3,0.043308
37.4,0.023755
37.5,0.015289
37.6,0.051093
37.7,0.037413
37.8,0.043251
37.9,0.027684
38,0.043197
38.1,0.020523
38.2,0.01697
38.3,0.009938
38.4,0.010171
38.5,0.01203
38.6,0.028162
38.7,0.030922
38.8,0.028255
38.9,0.048643
39,0.029648
39.1,0.039181
39.2,0.025407
39.3,0.022978
39.4,0.02744
39.5,0.042611
39.6,0.027889
39.7,0.045037
39.8,0.057342
39.9,0.050837
40,0.02311
40.1,0.040162
40.2,0.015005
40.3,0.024414
40.4,0.0035262
40.5,0.048198
40.6,0.034447
40.7,0.019951
40.8,0.034129
40.9,0.0080765
41,0.05421
41.1,0.019127
41.2,0.021818
41.3,0.045699
41.4,0.029952
41.5,0.057399
41.6,0.062457
41.7,0.037247
41.8,0.072315
41.9,0.061995
42,0.057193
42.1,0.0061031
42.2,0.056384
42.3,0.011052
42.4,0.011648
42.5,0.015547
42.6,0.028999
42.7,0.031869
42.8,0.067916
42.9,0.037455
43,0.066513
43.1,0.066859
43.2,0.033875
43.3,0.02968
43.4,0.054557
43.5,0.058054
43.6,0.0049959
43.7,0.022326
43.8,0.068733
43.9,0.054567
44,0.044321
44.1,0.087696
44.2,0.03202
44.3,0.042731
44.4,0.015077
44.5,0.020692
44.6,0.033126
44.7,0.035717
44.8,0.04699
44.9,0.10973
45,0.011296
45.1,0.015213
45.2,0.047404
45.3,0.04913
45.4,0.0092301
45.5,0.026074
45.6,0.038602
45.7,0.035868
45.8,0.09108
45.9,0.11126
46,0.11748
46.1,0.091442
46.2,0.089421
46.3,0.035388
46.4,0.027141
46.5,0.039708
46.6,0.060708
46.7,0.12075
46.8,0.03035
46.9,0.042505
47,0.041106
47.1,0.058604
47.2,0.050113
47.3,0.007099
47.4,0.014361
47.5,0.065665
47.6,0.033566
47.7,0.080478
47.8,0.061423
47.9,0.099554
48,0.11854
48.1,0.11475
48.2,0.042225
48.3,0.045285
48.4,0.085969
48.5,0.086285
48.6,0.070806
48.7,0.033548
48.8,0.013027
48.9,0.063119
49,0.041891
49.1,0.07758
49.2,0.041366
49.3,0.043038
49.4,0.063836
49.5,0.10686
49.6,0.038398
49.7,0.032976
49.8,0.10554
49.9,0.084006
50,0.054939
50.1,0.077936
50.2,0.038143
50.3,0.024594
50.4,0.060307
50.5,0.070984
50.6,0.051058
50.7,0.029224
50.8,0.12372
50.9,0.12985
51,0.033557
51.1,0.085939
51.2,0.065276
51.3,0.083244
51.4,0.073054
51.5,0.039468
51.6,0.089623
51.7,0.016382
51.8,0.065105
51.9,0.062903
52,0.037928
52.1,0.067131
52.2,0.089089
52.3,0.15072
52.4,0.14212
52.5,0.11612
52.6,0.049088
52.7,0.05034
52.8,0.059564
52.9,0.046927
53,0.074757
53.1,0.11106
53.2,0.056286
53.3,0.11597
53.4,0.051892
53.5,0.077449
53.6,0.069995
53.7,0.11077
53.8,0.12713
53.9,0.027364
54,0.01933
54.1,0.0047676
54.2,0.079512
54.3,0.12211
54.4,0.15305
54.5,0.026408
54.6,0.081854
54.7,0.005408
54.8,0.058662
54.9,0.010351
55,0.15594
55.1,0.076261
55.2,0.043995
55.3,0.072785
55.4,0.077538
55.5,0.061692
55.6,0.051335
55.7,0.11047
55.8,0.1668
55.9,0.083896
56,0.059066
56.1,0.13565
56.2,0.13271
56.3,0.060248
56.4,0.027547
56.5,0.053935
56.6,0.073849
56.7,0.037994
56.8,0.084168
56.9,0.087032
57,0.12023
57.1,0.056275
57.2,0.13588
57.3,0.16011
57.4,0.058424
57.5,0.095997
57.6,0.12904
57.7,0.11638
57.8,0.050673
57.9,0.097707
58,0.12927
58.1,0.090728
58.2,0.11316
58.3,0.0996
58.4,0.10674
58.5,0.16077
58.6,0.1162
58.7,0.050666
58.8,0.027156
58.9,0.037599
59,0.10411
59.1,0.060652
59.2,0.030974
59.3,0.065865
59.4,0.087419
59.5,0.083316
59.6,0.10274
59.7,0.077982
59.8,0.12114
59.9,0.07503
60,0.14022
60.1,0.17216
60.2,0.063997
60.3,0.10175
60.4,0.04949
60.5,0.098236
60.6,0.095739
60.7,0.10708
60.8,0.07651
60.9,0.1353
61,0.12232
61.1,0.049639
61.2,0.10303
61.3,0.10706
61.4,0.12907
61.5,0.2972
61.6,0.11424
61.7,0.086444
61.8,0.055563
61.9,0.053217
62,0.036473
62.1,0.15627
62.2,0.06174
62.3,0.14859
62.4,0.1155
62.5,0.055738
62.6,0.027559
62.7,0.061972
62.8,0.19941
62.9,0.077072
63,0.12988
63.1,0.17922
63.2,0.056488
63.3,0.10819
63.4,0.026106
63.5,0.068644
63.6,0.12124
63.7,0.063262
63.8,0.10337
63.9,0.053666
64,0.11098
64.1,0.23533
64.2,0.046003
64.3,0.11052
64.4,0.063545
64.5,0.094371
64.6,0.085211
64.7,0.038465
64.8,0.14324
64.9,0.12624
65,0.16607
65.1,0.097374
65.2,0.11859
65.3,0.11263
65.4,0.068777
65.5,0.24617
65.6,0.068381
65.7,0.061687
65.8,0.05625
65.9,0.15164
66,0.013537
66.1,0.023792
66.2,0.057153
66.3,0.14431
66.4,0.036377
66.5,0.089738
66.6,0.12939
66.7,0.18545
66.8,0.071574
66.9,0.15436
67,0.18411
67.1,0.23837
67.2,0.19173
67.3,0.026376
67.4,0.1909
67.5,0.12285
67.6,0.1603
67.7,0.15135
67.8,0.15518
67.9,0.22483
68,0.23937
68.1,0.039295
68.2,0.068677
68.3,0.13263
68.4,0.13825
68.5,0.18817
68.6,0.12554
68.7,0.10381
68.8,0.1413
68.9,0.10802
69,0.030985
69.1,0.034965
69.2,0.17455
69.3,0.031912
69.4,0.1025
69.5,0.15826
69.6,0.10617
69.7,0.13203
69.8,0.051634
69.9,0.043928
70,0.11622
70.1,0.065509
70.2,0.17703
70.3,0.071812
70.4,0.18786
70.5,0.073396
70.6,0.10194
70.7,0.20469
70.8,0.12595
70.9,0.087383
71,0.098695
71.1,0.10667
71.2,0.21705
71.3,0.081878
71.4,0.047448
71.5,0.096389
71.6,0.099737
71.7,0.12704
71.8,0.14116
71.9,0.049447
72,0.019079
72.1,0.25678
72.2,0.10548
72.3,0.23481
72.4,0.18047
72.5,0.09767
72.6,0.21341
72.7,0.1034
72.8,0.1214
72.9,0.037844
73,0.12819
73.1,0.046254
73.2,0.311
73.3,0.17564
73.4,0.11884
73.5,0.091346
73.6,0.086399
73.7,0.071124
73.8,0.16742
73.9,0.05395
74,0.034947
74.1,0.1048
74.2,0.15685
74.3,0.22259
74.4,0.2112
74.5,0.099396
74.6,0.092843
74.7,0.17273
74.8,0.058464
74.9,0.19151
75,0.057809
75.1,0.1241
75.2,0.3383
75.3,0.18318
75.4,0.16143
75.5,0.17603
75.6,0.16723
75.7,0.04368
75.8,0.069632
75.9,0.10214
76,0.11011
76.1,0.020855
76.2,0.22169
76.3,0.19325
76.4,0.13442
76.5,0.01535
76.6,0.16868
76.7,0.095626
76.8,0.053632
76.9,0.065984
77,0.041849
77.1,0.23342
77.2,0.15729
77.3,0.31201
77.4,0.057597
77.5,0.14624
77.6,0.12052
77.7,0.20336
77.8,0.022702
77.9,0.011341
78,0.19424
78.1,0.12149
78.2,0.2158
78.3,0.26515
78.4,0.15824
78.5,0.035632
78.6,0.21573
78.7,0.23511
78.8,0.21959
78.9,0.10712
79,0.039907
79.1,0.19376
79.2,0.29472
79.3,0.24867
79.4,0.096235
79.5,0.24494
79.6,0.18156
79.7,0.069621
79.8,0.03024
79.9,0.13925
80,0.041674
80.1,0.26987
80.2,0.18995
80.3,0.12852
80.4,0.098521
80.5,0.11773
80.6,0.1123
80.7,0.031847
80.8,0.14637
80.9,0.25625
81,0.40592
81.1,0.19456
81.2,0.095461
81.3,0.17598
81.4,0.10285
81.5,0.14182
81.6,0.26352
81.7,0.07821
81.8,0.15906
81.9,0.22281
82,0.19263
82.1,0.26784
82.2,0.14406
82.3,0.10989
82.4,0.10073
82.5,0.25644
82.6,0.11109
82.7,0.067934
82.8,0.27205
82.9,0.19728
83,0.1744
83.1,0.12757
83.2,0.10948
83.3,0.14796
83.4,0.15881
83.5,0.44401
83.6,0.04685
83.7,0.15796
83.8,0.24484
83.9,0.25379
84,0.070222
84.1,0.27803
84.2,0.19903
84.3,0.53311
84.4,0.21387
84.5,0.23899
84.6,0.25271
84.7,0.37886
84.8,0.21312
84.9,0.14409
85,0.10691
85.1,0.10824
85.2,0.30989
85.3,0.1101
85.4,0.18358
85.5,0.41529
85.6,0.19885
85.7,0.30995
85.8,0.084894
85.9,0.085812
86,0.093505
86.1,0.13145
86.2,0.18407
86.3,0.19006
86.4,0.34911
86.5,0.083835
86.6,0.14523
86.7,0.16177
86.8,0.091671
86.9,0.090706
87,0.089223
87.1,0.17277
87.2,0.48215
87.3,0.37973
87.4,0.13115
87.5,0.24719
87.6,0.099575
87.7,0.23302
87.8,0.20306
87.9,0.10056
88,0.18685
88.1,0.058939
88.2,0.41332
88.3,0.25505
88.4,0.18595
88.5,0.45172
88.6,0.093408
88.7,0.31718
88.8,0.20382
88.9,0.11801
89,0.31533
89.1,0.10434
89.2,0.30256
89.3,0.24228
89.4,0.15793
89.5,0.23615
89.6,0.053337
89.7,0.072824
89.8,0.22539
89.9,0.19176
90,0.4563
90.1,0.031583
90.2,0.36545
90.3,0.23526
90.4,0.035317
90.5,0.17424
90.6,0.22161
90.7,0.16001
90.8,0.19762
90.9,0.30187
91,0.1467
91.1,0.099755
91.2,0.2208
91.3,0.30259
91.4,0.36917
91.5,0.048221
91.6,0.5085
91.7,0.2677
91.8,0.29695
91.9,0.26611
92,0.22995
92.1,0.12519
92.2,0.35001
92.3,0.41147
92.4,0.1621
92.5,0.34669
92.6,0.075843
92.7,0.18709
92.8,0.10726
92.9,0.4969
93,0.23927
93.1,0.37809
93.2,0.075354
93.3,0.24511
93.4,0.064251
93.5,0.31012
93.6,0.24314
93.7,0.44694
93.8,0.1909
93.9,0.15496
94,0.1829
94.1,0.29503
94.2,0.21041
94.3,0.075898
94.4,0.41793
94.5,0.045738
94.6,0.090124
94.7,0.16781
94.8,0.52896
94.9,0.18988
95,0.33053
95.1,0.050583
95.2,0.36997
95.3,0.11756
95.4,0.12782
95.5,0.093683
95.6,0.27444
95.7,0.086328
95.8,0.63266
95.9,0.19977
96,0.41195
96.1,0.30061
96.2,0.087758
96.3,0.19498
96.4,0.28745
96.5,0.48628
96.6,0.16456
96.7,0.30675
96.8,0.39748
96.9,0.3742
97,0.23084
97.1,0.28124
97.2,0.15725
97.3,0.26574
97.4,0.19495
97.5,0.083443
97.6,0.50665
97.7,0.33692
97.8,0.17051
97.9,0.35834
98,0.25478
98.1,0.4072
98.2,0.18944
98.3,0.2333
98.4,0.28949
98.5,0.18824
98.6,0.20174
98.7,0.18345
98.8,0.62617
98.9,0.060043
99,0.2902
99.1,0.27807
99.2,0.4032
99.3,0.34454
99.4,0.16212
99.5,0.29137
99.6,0.19236
99.7,0.27997
99.8,0.33848
99.9,0.39879
100,0.22762
100.1,0.092134
100.2,0.49675
100.3,0.39355
100.4,0.36149
100.5,0.27585
100.6,0.28355
100.7,0.1709
100.8,0.34383
100.9,0.059144
101,0.3383
101.1,0.19782
101.2,0.17437
101.3,0.37371
101.4,0.11519
101.5,0.18319
101.6,0.21318
101.7,0.42608
101.8,0.52454
101.9,0.38953
102,0.24702
102.1,0.23048
102.2,0.235
102.3,0.038515
102.4,0.40242
102.5,0.27608
102.6,0.33077
102.7,0.14991
102.8,0.37364
102.9,0.21075
103,0.44069
103.1,0.14391
103.2,0.41565
103.3,0.34936
103.4,0.27712
103.5,0.31164
103.6,0.32609
103.7,0.14922
103.8,0.31592
103.9,0.076034
104,0.07511
104.1,0.17072
104.2,0.18363
104.3,0.090307
104.4,0.21666
104.5,0.22781
104.6,0.51956
104.7,0.14262
104.8,0.21508
104.9,0.19987
105,0.1056
105.1,0.3819
105.2,0.22803
105.3,0.32326
105.4,0.21526
105.5,0.27938
105.6,0.33844
105.7,0.31864
105.8,0.24847
105.9,0.18243
106,0.38449
106.1,0.40055
106.2,0.13621
106.3,0.44944
106.4,0.37353
106.5,0.13606
106.6,0.40333
106.7,0.15497
106.8,0.20133
106.9,0.11034
107,0.52449
107.1,0.025667
107.2,0.3312
107.3,0.85711
107.4,0.23155
107.5,0.19802
107.6,0.19277
107.7,0.33142
107.8,0.22594
107.9,0.034957
108,0.30465
108.1,0.16966
108.2,0.21104
108.3,0.19309
108.4,0.17635
108.5,0.27161
108.6,0.33873
108.7,0.18602
108.8,0.2172
108.9,0.22728
109,0.4898
109.1,0.3137
109.2,0.23982
109.3,0.26202
109.4,0.53782
109.5,0.1186
109.6,0.42159
109.7,0.22759
109.8,0.29527
109.9,0.447
110,0.20297
110.1,0.39288
110.2,0.31546
110.3,0.12623
110.4,0.18525
110.5,0.32042
110.6,0.19973
110.7,0.29413
110.8,0.40136
110.9,0.37527
111,0.3076
111.1,0.22955
111.2,0.45933
111.3,0.34475
111.4,0.26995
111.5,0.19246
111.6,0.44696
111.7,0.1233
111.8,0.31247
111.9,0.22136
112,0.46881
112.1,0.34626
112.2,0.30942
112.3,0.27583
112.4,0.37767
112.5,0.22127
112.6,0.35808
112.7,0.59829
112.8,0.45837
112.9,0.18172
113,0.28602
113.1,0.39628
113.2,0.12151
113.3,0.19851
113.4,0.19685
113.5,0.58167
113.6,0.42676
113.7,0.17524
113.8,0.50068
113.9,0.12287
114,0.47376
114.1,0.49405
114.2,0.38945
114.3,0.34657
114.4,0.38145
114.5,0.44282
114.6,0.11818
114.7,0.18688
114.8,0.22632
114.9,0.54488
115,0.24288
115.1,0.40844
115.2,0.24428
115.3,0.25312
115.4,0.18797
115.5,0.50862
115.6,0.19681
115.7,0.4456
115.8,0.23857
115.9,0.55365
116,0.52864
116.1,0.26619
116.2,0.14135
116.3,0.52042
116.4,0.3653
116.5,0.33531
116.6,0.51272
116.7,0.35733
116.8,0.49184
116.9,0.17446
117,0.13379
117.1,0.32899
117.2,0.34409
117.3,0.18677
117.4,0.09429
117.5,0.25321
117.6,0.40596
117.7,0.090218
117.8,0.54039
117.9,0.23992
118,0.37719
118.1,0.15199
118.2,0.29416
118.3,0.31
118.4,0.43344
118.5,0.25601
118.6,0.16301
118.7,0.3582
118.8,0.39141
118.9,0.058561
119,0.47215
119.1,0.21662
119.2,0.30166
119.3,0.39696
119.4,0.033452
119.5,0.083989
119.6,0.33517
119.7,0.078883
119.8,0.23708
119.9,0.34558
120,0.31197
120.1,0.14818
120.2,0.60573
120.3,0.0873
120.4,0.20112
120.5,0.28869
120.6,0.58436
120.7,0.35175
120.8,0.35062
120.9,0.12851
121,0.2077
121.1,0.51265
121.2,0.4754
121.3,0.34006
121.4,0.19846
121.5,0.477
121.6,0.013091
121.7,0.28329
121.8,0.12479
121.9,0.26462
122,0.0318
122.1,0.42595
122.2,0.72955
122.3,0.60631
122.4,0.48731
122.5,0.0072503
122.6,0.44671
122.7,0.54561
122.8,0.43742
122.9,0.4099
123,0.41568
123.1,0.15637
123.2,0.45129
123.3,0.46842
123.4,0.20261
123.5,0.35337
123.6,0.26408
123.7,0.57232
123.8,0.16967
123.9,0.40846
124,0.069526
124.1,0.39767
124.2,0.23158
124.3,0.37104
124.4,0.41844
124.5,0.72431
124.6,0.32271
124.7,0.29803
124.8,0.64887
124.9,0.45514
125,0.4848
125.1,0.59932
125.2,0.47756
125.3,0.093019
125.4,0.4406
125.5,0.39189
125.6,0.56233
125.7,0.31886
125.8,0.079317
125.9,0.31532
126,0.26316
126.1,0.32238
126.2,0.15767
126.3,0.39119
126.4,0.39643
126.5,0.46668
126.6,0.47739
126.7,0.81889
126.8,0.092843
126.9,0.56749
127,0.19394
127.1,0.29069
127.2,0.1603
127.3,0.12951
127.4,0.044727
127.5,0.3308
127.6,0.84383
127.7,0.2015
127.8,0.24655
127.9,0.32277
128,0.32706
128.1,0.38503
128.2,0.31072
128.3,0.2743
128.4,0.50229
128.5,0.44744
128.6,0.24254
128.7,0.10135
128.8,0.35663
128.9,0.26925
129,0.60424
129.1,0.46367
129.2,0.34992
129.3,0.3546
129.4,0.46966
129.5,0.32692
129.6,0.31647
129.7,0.30477
129.8,0.79586
129.9,0.29007
130,0.54508
130.1,0.63346
130.2,0.35279
130.3,0.37544
130.4,0.22814
130.5,0.23627
130.6,0.36322
130.7,0.45244
130.8,0.13656
130.9,0.19234
131,0.15396
131.1,0.24918
131.2,0.33373
131.3,0.3022
131.4,0.34548
131.5,0.16853
131.6,0.72352
131.7,0.15953
131.8,0.44668
131.9,0.39223
132,0.050973
132.1,0.17023
132.2,0.14269
132.3,0.18616
132.4,0.39695
132.5,0.14973
132.6,0.30947
132.7,0.47589
132.8,0.56666
132.9,0.46736
133,0.39042
133.1,0.32314
133.2,0.4373
133.3,0.3431
133.4,0.41051
133.5,0.34369
133.6,0.077388
133.7,0.10424
133.8,0.34964
133.9,0.1184
134,0.25582
134.1,0.21925
134.2,0.33076
134.3,0.35906
134.4,0.51268
134.5,0.17026
134.6,0.58636
134.7,0.30024
134.8,0.35248
134.9,0.24711
135,0.45092
135.1,0.47696
135.2,0.74576
135.3,0.68686
135.4,0.38632
135.5,0.20469
135.6,0.73934
135.7,0.37459
135.8,0.43208
135.9,0.26311
136,0.21323
136.1,0.34291
136.2,0.12699
136.3,0.15586
136.4,0.21815
136.5,0.53469
136.6,0.28919
136.7,0.26648
136.8,1
136.9,0.80928
137,0.30891
137.1,0.32564
137.2,0.064592
137.3,0.38111
137.4,0.13639
137.5,0.49322
137.6,0.09107
137.7,0.14558
137.8,0.38429
137.9,0.068541
138,0.38802
138.1,0.22002
138.2,0.60187
138.3,0.19335
138.4,0.46117
138.5,0.21316
138.6,0.18233
138.7,0.47079
138.8,0.45371
138.9,0.45681
139,0.080793
139.1,0.12565
139.2,0.44554
139.3,0.42237
139.4,0.77399
139.5,0.40456
139.6,0.15638
139.7,0.13424
139.8,0.10556
139.9,0.26939
140,0.87164
140.1,0.20792
140.2,0.72954
140.3,0.78061
140.4,0.53405
140.5,0.27891
140.6,0.56425
140.7,0.099537
140.8,0.076788
140.9,0.27414
141,0.59508
141.1,0.23057
141.2,0.19517
141.3,0.61724
141.4,0.52146
141.5,0.37194
141.6,0.28944
141.7,0.0027806
141.8,0.72968
141.9,0.63705
142,0.7635
142.1,0.60912
142.2,0.28632
142.3,0.44721
142.4,0.12288
142.5,0.40819
142.6,0.2884
142.7,0.3038
142.8,0.24355
142.9,0.69163
143,0.19623
143.1,0.67123
143.2,0.43183
143.3,0.98186
143.4,0.36096
143.5,0.27737
143.6,0.44337
143.7,0.26285
143.8,0.23716
143.9,0.28674
144,0.10234
144.1,0.35726
144.2,0.71769
144.3,0.59305
144.4,0.20428
144.5,0.50969
144.6,0.60542
144.7,0.69638
144.8,0.87478
144.9,0.26593
145,0.049678
145.1,0.25843
145.2,0.66065
145.3,0.99107
145.4,0.65887
145.5,0.35904
145.6,0.46325
145.7,0.16107
145.8,0.4486
145.9,0.18914
146,0.097152
146.1,0.41085
146.2,0.41332
146.3,0.6661
146.4,0.40302
146.5,0.71045
146.6,0.215
146.7,0.38306
146.8,0.86545
146.9,0.2219
147,0.43882
147.1,0.48914
147.2,0.35454
147.3,0.24221
147.4,0.49217
147.5,0.25992
147.6,0.39102
147.7,0.30939
147.8,0.1148
147.9,0.12338
148,0.83448
148.1,0.43675
148.2,0.19774
148.3,0.31717
148.4,0.28025
148.5,0.3132
148.6,0.32208
148.7,0.78874
148.8,0.24305
148.9,0.35589
149,0.31115
149.1,0.52357
149.2,0.16492
149.3,0.38951
149.4,0.54354
149.5,0.629
149.6,0.6951
149.7,0.21893
149.8,0.3283
149.9,0.14208
150,0.61882
150.1,0.79007
150.2,0.38836
150.3,0.41395
150.4,0.54915
150.5,0.13261
150.6,0.67944
150.7,0.50111
150.8,0.47529
150.9,0.928
151,0.48882
151.1,0.60724
151.2,0.5013
151.3,0.20522
151.4,0.25186
151.5,0.20867
151.6,0.25886
151.7,0.16185
151.8,0.23734
151.9,0.15451
152,0.099819
152.1,0.37807
152.2,0.52075
152.3,0.20231
152.4,0.10865
152.5,0.57712
152.6,0.36168
152.7,0.32864
152.8,0.36931
152.9,0.36773
153,0.15964
153.1,0.11137
153.2,0.41264
153.3,0.2218
153.4,0.66699
153.5,0.16678
153.6,0.46726
153.7,0.55258
153.8,0.38771
153.9,0.46301
154,0.24548
154.1,0.18288
154.2,0.31023
154.3,0.36816
154.4,0.69189
154.5,0.16065
154.6,0.32607
154.7,0.75166
154.8,0.23336
154.9,0.24087
155,0.46009
155.1,0.60189
155.2,0.17322
155.3,0.38764
155.4,0.6602
155.5,0.25927
155.6,0.36263
155.7,0.44752
155.8,0.37799
155.9,0.11165
156,0.18582
156.1,0.073772
156.2,0.29613
156.3,0.060262
156.4,0.34742
156.5,0.16631
156.6,0.27844
156.7,0.02066
156.8,0.52323
156.9,0.16847
157,0.80802
157.1,0.1724
157.2,0.39316
157.3,0.58798
157.4,0.46086
157.5,0.59441
157.6,0.11929
157.7,0.56944
157.8,0.46379
157.9,0.39428
158,0.21385
158.1,0.35122
158.2,0.41133
158.3,0.38305
158.4,0.39392
158.5,0.18672
158.6,0.30073
158.7,0.14889
158.8,0.49009
158.9,0.43611
159,0.67513
159.1,0.28167
159.2,0.061188
159.3,0.39887
159.4,0.63809
159.5,0.64664
159.6,0.16907
159.7,0.4039
159.8,0.7108
159.9,0.30279
160,0.4852
160.1,0.14585
160.2,0.14509
160.3,0.37042
160.4,0.37118
160.5,0.42136
160.6,0.4916
160.7,0.13405
160.8,0.88295
160.9,0.21134
161,0.24776
161.1,0.24357
161.2,0.089967
161.3,0.60921
161.4,0.55999
161.5,0.38857
161.6,0.37272
161.7,0.64307
161.8,0.17078
161.9,0.27651
162,0.67674
162.1,0.40441
162.2,0.36476
162.3,0.1994
162.4,0.34323
162.5,0.31944
162.6,0.10741
162.7,0.23487
162.8,0.59526
162.9,0.054783
163,0.50089
163.1,0.24678
163.2,0.49408
163.3,0.53224
163.4,0.40431
163.5,0.18423
163.6,0.42893
163.7,0.11284
163.8,0.1636
163.9,0.76534
164,0.15113
164.1,0.15025
164.2,0.58466
164.3,0.48791
164.4,0.74535
164.5,0.39599
164.6,0.23283
164.7,0.32409
164.8,0.69396
164.9,0.25246
165,0.32104
165.1,0.52332
165.2,0.052859
165.3,0.32415
165.4,0.57067
165.5,0.1414
165.6,0.63798
165.7,0.37618
165.8,0.49911
165.9,0.67687
166,0.2743
166.1,0.1677
166.2,0.56645
166.3,0.31079
166.4,0.47313
166.5,0.18301
166.6,0.14916
166.7,0.36802
166.8,0.14343
166.9,0.24812
167,0.58498
167.1,0.4097
167.2,0.76331
167.3,0.31958
167.4,0.31465
167.5,0.8096
167.6,0.50463
167.7,0.18514
167.8,0.30514
167.9,0.46202
168,0.1653
168.1,0.59171
168.2,0.086095
168.3,0.36092
168.4,0.57253
168.5,0.27815
168.6,0.53001
168.7,0.39741
168.8,0.16003
168.9,0.33723
169,0.52593
169.1,0.54414
169.2,0.074057
169.3,0.54355
169.4,0.45745
169.5,0.061841
169.6,0.44659
169.7,0.57797
169.8,0.10011
169.9,0.32197
170,0.11755
170.1,0.2904
170.2,0.63318
170.3,0.21251
170.4,0.20514
170.5,0.16382
170.6,0.6489
170.7,0.1367
170.8,0.56322
170.9,0.10182
171,0.83428
171.1,0.17284
171.2,0.20162
171.3,0.34955
171.4,0.20903
171.5,0.17379
171.6,0.11521
171.7,0.66659
171.8,0.52135
171.9,0.33134
172,0.34838
172.1,0.56404
172.2,0.64751
172.3,0.42472
172.4,0.54421
172.5,0.41752
172.6,0.20209
172.7,0.41825
172.8,0.40645
172.9,0.30634
173,0.48073
173.1,0.58793
173.2,0.48475
173.3,0.7949
173.4,0.70103
173.5,0.33162
173.6,0.56155
173.7,0.35549
173.8,0.52935
173.9,0.22952
174,0.4508
174.1,0.09551
174.2,0.3493
174.3,0.36314
174.4,0.5096
174.5,0.23562
174.6,0.40647
174.7,0.12038
174.8,0.49642
174.9,0.40068
175,0.35067
175.1,0.14277
175.2,0.59227
175.3,0.44486
175.4,0.35469
175.5,0.72597
175.6,0.1691
175.7,0.73167
175.8,0.11847
175.9,0.22947
176,0.59149
176.1,0.27275
176.2,0.45458
176.3,0.24299
176.4,0.23308
176.5,0.41601
176.6,0.19827
176.7,0.11618
176.8,0.42873
176.9,0.27558
177,0.14793
177.1,0.31509
177.2,0.53262
177.3,0.56204
177.4,0.80788
177.5,0.18884
177.6,0.23185
177.7,0.36209
177.8,0.37009
177.9,0.49371
178,0.32426
178.1,0.56373
178.2,0.26056
178.3,0.19011
178.4,0.26927
178.5,0.38767
178.6,0.32592
178.7,0.534
178.8,0.5722
178.9,0.27864
179,0.34307
179.1,0.7024
179.2,0.41219
179.3,0.20991
179.4,0.37529
179.5,0.55004
179.6,0.557
179.7,0.55998
179.8,0.42238
179.9,0.39331
180,0.44084
180.1,0.55571
180.2,0.46108
180.3,0.49212
180.4,0.28819
180.5,0.75102
180.6,0.26961
180.7,0.52871
180.8,0.28298
180.9,0.50493
181,0.11307
181.1,0.21351
181.2,0.4759
181.3,0.2764
181.4,0.41887
181.5,0.17646
181.6,0.25892
181.7,0.31343
181.8,0.31916
181.9,0.35627
182,0.44203
182.1,0.36858
182.2,0.3884
182.3,0.37283
182.4,0.34918
182.5,0.29327
182.6,0.21839
182.7,0.42511
182.8,0.52224
182.9,0.24351
183,0.7654
183.1,0.55737
183.2,0.94854
183.3,0.30033
183.4,0.15297
183.5,0.022509
183.6,0.42304
183.7,0.033936
183.8,0.12964
183.9,0.26325
184,0.68037
184.1,0.77293
184.2,0.4587
184.3,0.3104
184.4,0.30517
184.5,0.6619
184.6,0.20695
184.7,0.63284
184.8,0.25204
184.9,0.58668
185,0.34536
185.1,0.42015
185.2,0.22678
185.3,0.53672
185.4,0.31289
185.5,0.14851
185.6,0.54684
185.7,0.28546
185.8,0.44819
185.9,0.24823
186,0.13627
186.1,0.73359
186.2,0.52004
186.3,0.7211
186.4,0.5313
186.5,0.2849
186.6,0.6451
186.7,0.19447
186.8,0.6183
186.9,0.34258
187,0.71316
187.1,0.20602
187.2,0.34557
187.3,0.20419
187.4,0.38352
187.5,0.75639
187.6,0.49666
187.7,0.13266
187.8,0.14241
187.9,0.28212
188,0.18924
188.1,0.085343
188.2,0.35077
188.3,0.36235
188.4,0.3936
188.5,0.22173
188.6,0.087086
188.7,0.22887
188.8,0.42119
188.9,0.17657
189,0.23483
189.1,0.2307
189.2,0.065187
189.3,0.14913
189.4,0.48548
189.5,0.12519
189.6,0.179
189.7,0.43252
189.8,0.15125
189.9,0.39353
190,0.43036
190.1,0.57785
190.2,0.78455
190.3,0.65753
190.4,0.271
190.5,0.31505
190.6,0.76491
190.7,0.34796
190.8,0.64496
190.9,0.21414
191,0.18
191.1,0.31818
191.2,0.34971
191.3,0.57133
191.4,0.15487
191.5,0.65283
191.6,0.46854
191.7,0.063146
191.8,0.29735
191.9,0.27808
192,0.31583
192.1,0.4357
192.2,0.6271
192.3,0.16846
192.4,0.25424
192.5,0.48077
192.6,0.39514
192.7,0.63831
192.8,0.23457
192.9,0.18767
193,0.59164
193.1,0.1321
193.2,0.25111
193.3,0.54817
193.4,0.30034
193.5,0.24759
193.6,0.20804
193.7,0.21993
193.8,0.33063
193.9,0.4214
194,0.26664
194.1,0.23024
194.2,0.34832
194.3,0.2212
194.4,0.08044
194.5,0.25895
194.6,0.30265
194.7,0.1781
194.8,0.14322
194.9,0.55527
195,0.17385
195.1,0.20058
195.2,0.36135
195.3,0.2581
195.4,0.2543
195.5,0.40789
195.6,0.28549
195.7,0.38578
195.8,0.41694
195.9,0.046917
196,0.11611
196.1,0.54796
196.2,0.24469
196.3,0.56946
196.4,0.45833
196.5,0.23468
196.6,0.5728
196.7,0.39542
196.8,0.29741
196.9,0.18503
197,0.47524
197.1,0.24266
197.2,0.23045
197.3,0.54639
197.4,0.29324
197.5,0.16266
197.6,0.39222
197.7,0.22246
197.8,0.45958
197.9,0.26987
198,0.20452
198.1,0.28884
198.2,0.55695
198.3,0.1276
198.4,0.38051
198.5,0.27837
198.6,0.27499
198.7,0.60332
198.8,0.040932
198.9,0.4186
199,0.25386
199.1,0.12286
199.2,0.15592
199.3,0.48753
199.4,0.45359
199.5,0.47687
199.6,0.17279
199.7,0.24129
199.8,0.33545
199.9,0.32904
200,0.33308
