0.1,0.015905
0.2,0.015771
0.3,0.013513
0.4,0.01585
0.5,0.027009
0.6,0.026067
0.7,0.019395
0.8,0.020423
0.9,0.01974
1,0.022228
1.1,0.015354
1.2,0.018752
1.3,0.018152
1.4,0.016715
1.5,0.01904
1.6,0.025068
1.7,0.012662
1.8,0.034008
1.9,0.021011
2,0.017377
2.1,0.028666
2.2,0.013766
2.3,0.028432
2.4,0.01575
2.5,0.0093822
2.6,0.01665
2.7,0.0076408
2.8,0.031132
2.9,0.019629
3,0.010853
3.1,0.027594
3.2,0.015353
3.3,0.01857
3.4,0.026262
3.5,0.016327
3.6,0.024474
3.7,0.015257
3.8,0.014631
3.9,0.023433
4,0.019036
4.1,0.0165
4.2,0.021588
4.3,0.021886
4.4,0.025525
4.5,0.022505
4.6,0.0090828
4.7,0.01544
4.8,0.0062666
4.9,0.0075886
5,0.028486
5.1,0.018398
5.2,0.0045071
5.3,0.010811
5.4,0.013646
5.5,0.025557
5.6,0.019443
5.7,0.031149
5.8,0.019962
5.9,0.020981
6,0.015082
6.1,0.025191
6.2,0.0083405
6.3,0.020936
6.4,0.013154
6.5,0.0075492
6.6,0.010126
6.7,0.017067
6.8,0.025558
6.9,0.012917
7,0.028571
7.1,0.031262
7.2,0.0096748
7.3,0.027548
7.4,0.007774
7.5,0.025346
7.6,0.014957
7.7,0.030098
7.8,0.03313
7.9,0.012818
8,0.011541
8.1,0.016675
8.2,0.0030289
8.3,0.02576
8.4,0.021494
8.5,0.0084716
8.6,0.01699
8.7,0.018294
8.8,0.019408
8.9,0.036184
9,0.024098
9.1,0.0218
9.2,0.018401
9.3,0.0074951
9.4,0.0012812
9.5,0.02288
9.6,0.0089266
9.7,0.031914
9.8,0.0083936
9.9,0.036396
10,0.0067806
10.1,0.031541
10.2,0.021165
10.3,0.030501
10.4,0.030455
10.5,0.0096845
10.6,0.025286
10.7,0.020728
10.8,0.0040721
10.9,0.023129
11,0.008425
11.1,0.018114
11.2,0.026604
11.3,0.026726
11.4,0.014433
11.5,0.019957
11.6,0.020397
11.7,0.013875
11.8,0.015955
11.9,0.032333
12,0.029403
12.1,0.022421
12.2,0.017148
12.3,0.032763
12.4,0.030679
12.5,0.023914
12.6,0.012595
12.7,0.016857
12.8,0.010055
12.9,0.0083604
13,0.010998
13.1,0.02727
13.2,0.0087114
13.3,0.01027
13.4,0.035148
13.5,0.024131
13.6,0.019526
13.7,0.027092
13.8,0.02138
13.9,0.019766
14,0.033151
14.1,0.019506
14.2,0.026379
14.3,0.036884
14.4,0.017021
14.5,0.01278
14.6,0.026218
14.7,0.019223
14.8,0.029859
14.9,0.039336
15,0.024038
15.1,0.022903
15.2,0.016713
15.3,0.030773
15.4,0.028398
15.5,0.026378
15.6,0.042133
15.7,0.041824
15.8,0.017145
15.9,0.018076
16,0.032369
16.1,0.013395
16.2,0.012574
16.3,0.014198
16.4,0.013197
16.5,0.023076
16.6,0.011755
16.7,0.019111
16.8,0.039877
16.9,0.010664
17,0.033053
17.1,0.01842
17.2,0.013478
17.3,0.023686
17.4,0.024697
17.5,0.0078902
17.6,0.03091
17.7,0.018526
17.8,0.023172
17.9,0.03225
18,0.019326
18.1,0.025589
18.2,0.017517
18.3,0.014989
18.4,0.022261
18.5,0.019371
18.6,0.027697
18.7,0.03587
18.8,0.020472
18.9,0.018476
19,0.036763
19.1,0.017046
19.2,0.017494
19.3,0.027252
19.4,0.028985
19.5,0.021649
19.6,0.024289
19.7,0.019297
19.8,0.030199
19.9,0.020766
20,0.014486
20.1,0.033139
20.2,0.039581
20.3,0.011346
20.4,0.018894
20.5,0.013693
20.6,0.015114
20.7,0.021297
20.8,0.045149
20.9,0.0017284
21,0.021361
21.1,0.027133
21.2,0.024188
21.3,0.033381
21.4,0.025458
21.5,0.022724
21.6,0.023562
21.7,0.018543
21.8,0.031731
21.9,0.015051
22,0.011068
22.1,0.026353
22.2,0.028578
22.3,0.018512
22.4,0.0079666
22.5,0.01589
22.6,0.013646
22.7,0.030566
22.8,0.025942
22.9,0.0018808
23,0.0048201
23.1,0.014413
23.2,0.026617
23.3,0.019527
23.4,0.033106
23.5,0.015598
23.6,0.016587
23.7,0.02152
23.8,0.038428
23.9,0.0019066
24,0.046696
24.1,0.016585
24.2,0.01796
24.3,0.036715
24.4,0.010915
24.5,0.031019
24.6,0.0089326
24.7,0.011751
24.8,0.014598
24.9,0.0059608
25,0.015638
25.1,0.024753
25.2,0.02672
25.3,0.021947
25.4,0.027794
25.5,0.016478
25.6,0.022196
25.7,0.02836
25.8,0.00048698
25.9,0.027485
26,0.016498
26.1,0.020827
26.2,0.011579
26.3,0.013559
26.4,0.023986
26.5,0.029534
26.6,0.026492
26.7,0.018362
26.8,0.025302
26.9,0.029872
27,0.015799
27.1,0.021627
27.2,0.028315
27.3,0.023605
27.4,0.012933
27.5,0.042274
27.6,0.019772
27.7,0.019632
27.8,0.011134
27.9,0.0092554
28,0.018449
28.1,0.0097775
28.2,0.023689
28.3,0.023782
28.4,0.029442
28.5,0.024155
28.6,0.043348
28.7,0.017057
28.8,0.018649
28.9,0.01853
29,0.027549
29.1,0.035573
29.2,0.017045
29.3,0.031475
29.4,0.019897
29.5,0.0060902
29.6,0.025381
29.7,0.015376
29.8,0.013598
29.9,0.026828
30,0.019471
30.1,0.01956
30.2,0.022024
30.3,0.036241
30.4,0.00196
30.5,0.030833
30.6,0.035026
30.7,0.017209
30.8,0.014568
30.9,0.016911
31,0.014587
31.1,0.031657
31.2,0.02163
31.3,0.024871
31.4,0.035812
31.5,0.024721
31.6,0.014336
31.7,0.019267
31.8,0.0083
31.9,0.018754
32,0.024722
32.1,0.017595
32.2,0.010012
32.3,0.022948
32.4,0.016067
32.5,0.018124
32.6,0.041801
32.7,0.023637
32.8,0.019044
32.9,0.020182
33,0.025141
33.1,0.018121
33.2,0.029602
33.3,0.023931
33.4,0.025546
33.5,0.027601
33.6,0.015779
33.7,0.025596
33.8,0.018032
33.9,0.020386
34,0.024897
34.1,0.015306
34.2,0.013529
34.3,0.013341
34.4,0.020801
34.5,0.02814
34.6,0.013907
34.7,0.011208
34.8,0.024035
34.9,0.019283
35,0.029633
35.1,0.0068652
35.2,0.022291
35.3,0.026441
35.4,0.014776
35.5,0.026031
35.6,0.0066157
35.7,0.011616
35.8,0.023741
35.9,0.024774
36,0.02283
36.1,0.015318
36.2,0.030692
36.3,0.016191
36.4,0.012599
36.5,0.02506
36.6,0.015882
36.7,0.0084499
36.8,0.011752
36.9,0.02387
37,0.01571
37.1,0.017947
37.2,0.021884
37.3,0.026345
37.4,0.034868
37.5,0.019844
37.6,0.025831
37.7,0.020237
37.8,0.018141
37.9,0.023631
38,0.020159
38.1,0.010731
38.2,0.0048149
38.3,0.014904
38.4,0.02207
38.5,0.026647
38.6,0.015712
38.7,0.021401
38.8,0.021566
38.9,0.020321
39,0.028751
39.1,0.020617
39.2,0.018136
39.3,0.010272
39.4,0.015091
39.5,0.015316
39.6,0.019713
39.7,0.012517
39.8,0.022965
39.9,0.034486
40,0.018914
40.1,0.015329
40.2,0.010383
40.3,0.021551
40.4,0.01942
40.5,0.012793
40.6,0.009256
40.7,0.0028412
40.8,0.0066925
40.9,0.023521
41,0.025807
41.1,0.02966
41.2,0.011481
41.3,0.0227
41.4,0.030197
41.5,0.018695
41.6,0.018574
41.7,0.02039
41.8,0.010454
41.9,0.0162
42,0.022721
42.1,0.011022
42.2,0.023257
42.3,0.023293
42.4,0.020797
42.5,0.031886
42.6,0.017888
42.7,0.032948
42.8,0.025808
42.9,0.025005
43,0.016509
43.1,0.007614
43.2,0.02965
43.3,0.031745
43.4,0.016028
43.5,0.026084
43.6,0.0090058
43.7,0.025109
43.8,0.036975
43.9,0.020668
44,0.0091901
44.1,0.0028354
44.2,0.024112
44.3,0.022085
44.4,0.021328
44.5,0.0099269
44.6,0.023315
44.7,0.022346
44.8,0.013845
44.9,0.018456
45,0.0076399
45.1,0.037072
45.2,0.022903
45.3,0.010182
45.4,0.02636
45.5,0.026285
45.6,0.01513
45.7,0.025413
45.8,0.021735
45.9,0.035726
46,0.015851
46.1,0.018006
46.2,0.024942
46.3,0.013388
46.4,0.046702
46.5,0.013258
46.6,0.023769
46.7,0.026211
46.8,0.021972
46.9,0.024307
47,0.029028
47.1,0.028003
47.2,0.024058
47.3,0.022503
47.4,0.015886
47.5,0.016196
47.6,0.027262
47.7,0.031282
47.8,0.029295
47.9,0.014014
48,0.029641
48.1,0.0042479
48.2,0.021388
48.3,0.027068
48.4,0.022983
48.5,0.020559
48.6,0.023208
48.7,0.038874
48.8,0.024487
48.9,0.032438
49,0.02135
49.1,0.012896
49.2,0.023084
49.3,0.017341
49.4,0.028418
49.5,0.013876
49.6,0.02954
49.7,0.023948
49.8,0.021508
49.9,0.020652
50,0.030591
50.1,0.0067091
50.2,0.0033793
50.3,0.008187
50.4,0.022628
50.5,0.018279
50.6,0.027604
50.7,0.013853
50.8,0.010402
50.9,0.010427
51,0.0092009
51.1,0.039433
51.2,0.018354
51.3,0.038573
51.4,0.03197
51.5,0.0052973
51.6,0.013467
51.7,0.027967
51.8,0.0045029
51.9,0.036733
52,0.019221
52.1,0.0069287
52.2,0.057798
52.3,0.0054109
52.4,0.028027
52.5,0.024151
52.6,0.030117
52.7,0.031031
52.8,0.028444
52.9,0.023303
53,0.032291
53.1,0.036709
53.2,0.011531
53.3,0.0058951
53.4,0.020544
53.5,0.0090082
53.6,0.020037
53.7,0.02771
53.8,0.020693
53.9,0.019385
54,0.0081878
54.1,0.027463
54.2,0.0072134
54.3,0.04277
54.4,0.04635
54.5,0.026182
54.6,0.024553
54.7,0.011303
54.8,0.020053
54.9,0.0039874
55,0.023577
55.1,0.040569
55.2,0.0056685
55.3,0.036898
55.4,0.01292
55.5,0.017191
55.6,0.01329
55.7,0.04378
55.8,0.010762
55.9,0.0082708
56,0.016543
56.1,0.046647
56.2,0.032524
56.3,0.03294
56.4,0.010054
56.5,0.020924
56.6,0.02461
56.7,0.032347
56.8,0.042629
56.9,0.026945
57,0.014141
57.1,0.03422
57.2,0.037838
57.3,0.030494
57.4,0.037454
57.5,0.017792
57.6,0.028183
57.7,0.02808
57.8,0.028822
57.9,0.021966
58,0.028866
58.1,0.034949
58.2,0.015584
58.3,0.0060417
58.4,0.018883
58.5,0.033969
58.6,0.040258
58.7,0.023731
58.8,0.028812
58.9,0.01698
59,0.022069
59.1,0.016396
59.2,0.014772
59.3,0.02774
59.4,0.012648
59.5,0.022797
59.6,0.0066321
59.7,0.017854
59.8,0.00977
59.9,0.018006
60,0.03159
60.1,0.019139
60.2,0.021952
60.3,0.025179
60.4,0.019637
60.5,0.023448
60.6,0.0018441
60.7,0.02405
60.8,0.028026
60.9,0.039121
61,0.033923
61.1,0.028431
61.2,0.031893
61.3,0.030501
61.4,0.018299
61.5,0.02627
61.6,0.0070905
61.7,0.022798
61.8,0.0041975
61.9,0.022892
62,0.025456
62.1,0.017227
62.2,0.018246
62.3,0.029611
62.4,0.0108
62.5,0.025591
62.6,0.014987
62.7,0.011409
62.8,0.0068279
62.9,0.023942
63,0.010465
63.1,0.039079
63.2,0.011712
63.3,0.0076633
63.4,0.015168
63.5,0.017033
63.6,0.019911
63.7,0.025095
63.8,0.028105
63.9,0.021264
64,0.02667
64.1,0.024463
64.2,0.037051
64.3,0.022579
64.4,0.012537
64.5,0.035128
64.6,0.0088016
64.7,0.029029
64.8,0.028574
64.9,0.023192
65,0.017046
65.1,0.026333
65.2,0.026776
65.3,0.029443
65.4,0.015996
65.5,0.017248
65.6,0.021361
65.7,0.0083802
65.8,0.025978
65.9,0.032315
66,0.020923
66.1,0.02865
66.2,0.029542
66.3,0.012871
66.4,0.020808
66.5,0.015986
66.6,0.034681
66.7,0.014084
66.8,0.018891
66.9,0.025297
67,0.027179
67.1,0.01983
67.2,0.029177
67.3,0.033273
67.4,0.022686
67.5,0.016812
67.6,0.036666
67.7,0.021019
67.8,0.04083
67.9,0.0072807
68,0.033584
68.1,0.043856
68.2,0.031467
68.3,0.0095793
68.4,0.017183
68.5,0.028812
68.6,0.024659
68.7,0.024678
68.8,0.01475
68.9,0.0077187
69,0.018211
69.1,0.022633
69.2,0.021558
69.3,0.015159
69.4,0.034665
69.5,0.027417
69.6,0.020385
69.7,0.0076542
69.8,0.026287
69.9,0.018833
70,0.035239
70.1,0.038243
70.2,0.021866
70.3,0.019023
70.4,0.030373
70.5,0.03047
70.6,0.017441
70.7,0.028105
70.8,0.035939
70.9,0.0059709
71,0.020796
71.1,0.0040305
71.2,0.035406
71.3,0.015796
71.4,0.029809
71.5,0.039013
71.6,0.014133
71.7,0.0152
71.8,0.031107
71.9,0.0033849
72,0.022887
72.1,0.024773
72.2,0.020274
72.3,0.026835
72.4,0.012944
72.5,0.03082
72.6,0.045115
72.7,0.02829
72.8,0.027988
72.9,0.018595
73,0.015916
73.1,0.029413
73.2,0.021344
73.3,0.017088
73.4,0.040162
73.5,0.034753
73.6,0.024168
73.7,0.011686
73.8,0.040666
73.9,0.026714
74,0.028121
74.1,0.038436
74.2,0.029479
74.3,0.023863
74.4,0.019784
74.5,0.012644
74.6,0.032348
74.7,0.015006
74.8,0.035154
74.9,0.020762
75,0.018774
75.1,0.028115
75.2,0.0032672
75.3,0.043065
75.4,0.031596
75.5,0.0090768
75.6,0.023913
75.7,0.017253
75.8,0.040997
75.9,0.033497
76,0.032822
76.1,0.025328
76.2,0.033802
76.3,0.015938
76.4,0.030884
76.5,0.028775
76.6,0.020771
76.7,0.032129
76.8,0.023561
76.9,0.015486
77,0.024433
77.1,0.028029
77.2,0.02521
77.3,0.02078
77.4,0.021842
77.5,0.02104
77.6,0.0093279
77.7,0.015567
77.8,0.031278
77.9,0.043461
78,0.043927
78.1,0.0312
78.2,0.025603
78.3,0.027451
78.4,0.019205
78.5,0.014809
78.6,0.013469
78.7,0.01487
78.8,0.024942
78.9,0.020615
79,0.027669
79.1,0.030838
79.2,0.025229
79.3,0.017098
79.4,0.01734
79.5,0.015684
79.6,0.028401
79.7,0.013729
79.8,0.021637
79.9,0.019656
80,0.036563
80.1,0.029609
80.2,0.022987
80.3,0.0028785
80.4,0.018875
80.5,0.01418
80.6,0.023115
80.7,0.029824
80.8,0.021772
80.9,0.012782
81,0.020115
81.1,0.025785
81.2,0.029786
81.3,0.026968
81.4,0.035199
81.5,0.055379
81.6,0.011118
81.7,0.024431
81.8,0.025576
81.9,0.020346
82,0.031252
82.1,0.025438
82.2,0.029781
82.3,0.023452
82.4,0.025292
82.5,0.021653
82.6,0.028514
82.7,0.015524
82.8,0.029503
82.9,0.018454
83,0.012803
83.1,0.013692
83.2,0.027973
83.3,0.023451
83.4,0.025041
83.5,0.022274
83.6,0.036173
83.7,0.0033323
83.8,0.036961
83.9,0.036637
84,0.028746
84.1,0.032396
84.2,0.025393
84.3,0.032649
84.4,0.029385
84.5,0.023172
84.6,0.011109
84.7,0.01272
84.8,0.0060029
84.9,0.01439
85,0.06124
85.1,0.025607
85.2,0.043703
85.3,0.010334
85.4,0.042231
85.5,0.020798
85.6,0.022851
85.7,0.024293
85.8,0.036633
85.9,0.021451
86,0.044059
86.1,0.010597
86.2,0.042673
86.3,0.021263
86.4,0.020515
86.5,0.01277
86.6,0.034503
86.7,0.0080971
86.8,0.017662
86.9,0.028868
87,0.021928
87.1,0.041319
87.2,0.01544
87.3,0.01246
87.4,0.017128
87.5,0.032898
87.6,0.04265
87.7,0.008587
87.8,0.041062
87.9,0.036047
88,0.043067
88.1,0.053332
88.2,0.016382
88.3,0.039912
88.4,0.024996
88.5,0.013869
88.6,0.063433
88.7,0.024894
88.8,0.029419
88.9,0.037577
89,0.010898
89.1,0.032833
89.2,0.035784
89.3,0.0054227
89.4,0.048492
89.5,0.0069179
89.6,0.020047
89.7,0.044701
89.8,0.02666
89.9,0.017478
90,0.019502
90.1,0.027937
90.2,0.037328
90.3,0.032442
90.4,0.032065
90.5,0.030804
90.6,0.010099
90.7,0.026994
90.8,0.046842
90.9,0.036888
91,0.02423
91.1,0.028739
91.2,0.051035
91.3,0.016117
91.4,0.035427
91.5,0.037108
91.6,0.0086873
91.7,0.034552
91.8,0.031996
91.9,0.017621
92,0.020011
92.1,0.0166
92.2,0.035321
92.3,0.031674
92.4,0.019771
92.5,0.053041
92.6,0.034361
92.7,0.005998
92.8,0.037764
92.9,0.011348
93,0.0090238
93.1,0.013506
93.2,0.02608
93.3,0.041171
93.4,0.042152
93.5,0.012929
93.6,0.02135
93.7,0.036094
93.8,0.050009
93.9,0.054409
94,0.021249
94.1,0.023448
94.2,0.017266
94.3,0.034053
94.4,0.035968
94.5,0.041603
94.6,0.0091859
94.7,0.020198
94.8,0.032187
94.9,0.0053543
95,0.019716
95.1,0.011566
95.2,0.038873
95.3,0.010677
95.4,0.031172
95.5,0.035583
95.6,0.029145
95.7,0.041302
95.8,0.037793
95.9,0.012911
96,0.027093
96.1,0.022488
96.2,0.015404
96.3,0.035456
96.4,0.01642
96.5,0.017731
96.6,0.029337
96.7,0.021376
96.8,0.014787
96.9,0.050929
97,0.0046547
97.1,0.0076632
97.2,0.019434
97.3,0.063563
97.4,0.023744
97.5,0.059157
97.6,0.023318
97.7,0.028706
97.8,0.015209
97.9,0.026413
98,0.0033198
98.1,0.038714
98.2,0.011524
98.3,0.032482
98.4,0.010881
98.5,0.016644
98.6,0.038619
98.7,0.015736
98.8,0.0036895
98.9,0.027266
99,0.030241
99.1,0.015558
99.2,0.048507
99.3,0.023663
99.4,0.0066379
99.5,0.035205
99.6,0.043673
99.7,0.024435
99.8,0.0062345
99.9,0.026343
100,0.02054
100.1,0.034342
100.2,0.018508
100.3,0.027952
100.4,0.01679
100.5,0.034019
100.6,0.010637
100.7,0.029136
100.8,0.040996
100.9,0.02855
101,0.027152
101.1,0.010755
101.2,0.036161
101.3,0.026031
101.4,0.029193
101.5,0.022118
101.6,0.051041
101.7,0.060948
101.8,0.023199
101.9,0.008925
102,0.022453
102.1,0.01814
102.2,0.035037
102.3,0.054929
102.4,0.032498
102.5,0.036661
102.6,0.042931
102.7,0.014818
102.8,0.015838
102.9,0.058454
103,0.022542
103.1,0.032222
103.2,0.0041418
103.3,0.02456
103.4,0.025356
103.5,0.046367
103.6,0.01264
103.7,0.023624
103.8,0.026788
103.9,0.0084828
104,0.021216
104.1,0.022323
104.2,0.018268
104.3,0.033548
104.4,0.02567
104.5,0.036286
104.6,0.028465
104.7,0.060492
104.8,0.022787
104.9,0.040628
105,0.021219
105.1,0.060683
105.2,0.056804
105.3,0.052938
105.4,0.038767
105.5,0.021367
105.6,0.05355
105.7,0.021747
105.8,0.020522
105.9,0.048908
106,0.031756
106.1,0.045623
106.2,0.042747
106.3,0.026011
106.4,0.044916
106.5,0.034239
106.6,0.0368
106.7,0.029623
106.8,0.0084045
106.9,0.026272
107,0.025515
107.1,0.022991
107.2,0.029069
107.3,0.088136
107.4,0.014944
107.5,0.036626
107.6,0.022998
107.7,0.013813
107.8,0.0090229
107.9,0.029088
108,0.036503
108.1,0.060425
108.2,0.009733
108.3,0.016386
108.4,0.014006
108.5,0.046713
108.6,0.028631
108.7,0.026001
108.8,0.027434
108.9,0.057686
109,0.024611
109.1,0.048224
109.2,0.018566
109.3,0.088136
109.4,0.010778
109.5,0.040456
109.6,0.026725
109.7,0.022604
109.8,0.032322
109.9,0.034982
110,0.024701
110.1,0.018512
110.2,0.049455
110.3,0.038444
110.4,0.064821
110.5,0.057585
110.6,0.025786
110.7,0.018443
110.8,0.036054
110.9,0.037767
111,0.024279
111.1,0.050349
111.2,0.029587
111.3,0.03205
111.4,0.039278
111.5,0.039369
111.6,0.023465
111.7,0.02847
111.8,0.031289
111.9,0.039718
112,0.029892
112.1,0.043443
112.2,0.038665
112.3,0.018329
112.4,0.042865
112.5,0.046129
112.6,0.027765
112.7,0.057493
112.8,0.024066
112.9,0.017383
113,0.015178
113.1,0.016237
113.2,0.01996
113.3,0.04769
113.4,0.034238
113.5,0.011697
113.6,0.052112
113.7,0.028016
113.8,0.021163
113.9,0.039838
114,0.050899
114.1,0.036726
114.2,0.0361
114.3,0.040817
114.4,0.036246
114.5,0.082355
114.6,0.018707
114.7,0.027112
114.8,0.0088543
114.9,0.043257
115,0.0062912
115.1,0.039784
115.2,0.0094138
115.3,0.0062299
115.4,0.023366
115.5,0.0039309
115.6,0.036818
115.7,0.026899
115.8,0.048837
115.9,0.021507
116,0.027077
116.1,0.0090318
116.2,0.0095561
116.3,0.027987
116.4,0.041642
116.5,0.0054586
116.6,0.051994
116.7,0.029086
116.8,0.032755
116.9,0.01482
117,0.044948
117.1,0.045309
117.2,0.055941
117.3,0.059848
117.4,0.044949
117.5,0.029272
117.6,0.053097
117.7,0.035532
117.8,0.068602
117.9,0.032436
118,0.01712
118.1,0.037066
118.2,0.016649
118.3,0.059175
118.4,0.044401
118.5,0.063064
118.6,0.019421
118.7,0.040466
118.8,0.046806
118.9,0.052139
119,0.022448
119.1,0.067039
119.2,0.031189
119.3,0.011824
119.4,0.039484
119.5,0.048799
119.6,0.053896
119.7,0.053672
119.8,0.024999
119.9,0.024865
120,0.031933
120.1,0.01478
120.2,0.049128
120.3,0.059412
120.4,0.05875
120.5,0.063162
120.6,0.023216
120.7,0.063993
120.8,0.049757
120.9,0.033964
121,0.014325
121.1,0.025923
121.2,0.011933
121.3,0.055101
121.4,0.026511
121.5,0.078125
121.6,0.018329
121.7,0.10129
121.8,0.031776
121.9,0.073831
122,0.075764
122.1,0.039315
122.2,0.043821
122.3,0.055293
122.4,0.031161
122.5,0.030345
122.6,0.050428
122.7,0.073022
122.8,0.11547
122.9,0.0025761
123,0.052095
123.1,0.037987
123.2,0.037374
123.3,0.010367
123.4,0.072033
123.5,0.037239
123.6,0.05797
123.7,0.013002
123.8,0.044539
123.9,0.040058
124,0.048384
124.1,0.058088
124.2,0.055171
124.3,0.033747
124.4,0.045183
124.5,0.050138
124.6,0.025855
124.7,0.067945
124.8,0.041433
124.9,0.088734
125,0.047565
125.1,0.10949
125.2,0.091552
125.3,0.030414
125.4,0.051548
125.5,0.058806
125.6,0.0072066
125.7,0.031598
125.8,0.041299
125.9,0.042799
126,0.0051765
126.1,0.056881
126.2,0.030551
126.3,0.030992
126.4,0.087501
126.5,0.11977
126.6,0.028392
126.7,0.055715
126.8,0.045938
126.9,0.040441
127,0.029891
127.1,0.045271
127.2,0.061754
127.3,0.05423
127.4,0.084061
127.5,0.028982
127.6,0.050196
127.7,0.026351
127.8,0.034557
127.9,0.038823
128,0.060253
128.1,0.064176
128.2,0.024587
128.3,0.051377
128.4,0.10942
128.5,0.0052096
128.6,0.048672
128.7,0.047948
128.8,0.022707
128.9,0.0476
129,0.045596
129.1,0.020391
129.2,0.086168
129.3,0.038016
129.4,0.037371
129.5,0.014355
129.6,0.037109
129.7,0.03725
129.8,0.03241
129.9,0.02195
130,0.033294
130.1,0.063628
130.2,0.04993
130.3,0.096097
130.4,0.062273
130.5,0.069929
130.6,0.0033241
130.7,0.10902
130.8,0.035652
130.9,0.008465
131,0.059759
131.1,0.023036
131.2,0.084751
131.3,0.033862
131.4,0.052008
131.5,0.08168
131.6,0.066342
131.7,0.11393
131.8,0.049632
131.9,0.097437
132,0.062712
132.1,0.081448
132.2,0.065291
132.3,0.056069
132.4,0.13117
132.5,0.066238
132.6,0.083309
132.7,0.01688
132.8,0.054693
132.9,0.064675
133,0.086481
133.1,0.11778
133.2,0.080245
133.3,0.075241
133.4,0.058645
133.5,0.11684
133.6,0.10733
133.7,0.059466
133.8,0.058986
133.9,0.17378
134,0.061367
134.1,0.092146
134.2,0.11719
134.3,0.049459
134.4,0.11371
134.5,0.12558
134.6,0.13666
134.7,0.02194
134.8,0.099387
134.9,0.067035
135,0.013113
135.1,0.047233
135.2,0.078147
135.3,0.047022
135.4,0.032632
135.5,0.054592
135.6,0.044121
135.7,0.09043
135.8,0.13891
135.9,0.059866
136,0.084774
136.1,0.063623
136.2,0.024931
136.3,0.089369
136.4,0.12325
136.5,0.046873
136.6,0.021752
136.7,0.075723
136.8,0.086815
136.9,0.070714
137,0.080916
137.1,0.086337
137.2,0.15223
137.3,0.11657
137.4,0.070616
137.5,0.11794
137.6,0.10659
137.7,0.075357
137.8,0.0051387
137.9,0.27436
138,0.077034
138.1,0.051687
138.2,0.092442
138.3,0.054702
138.4,0.13584
138.5,0.023135
138.6,0.067094
138.7,0.093938
138.8,0.033825
138.9,0.037354
139,0.069954
139.1,0.078604
139.2,0.037255
139.3,0.096816
139.4,0.084194
139.5,0.12526
139.6,0.14108
139.7,0.032116
139.8,0.20811
139.9,0.1011
140,0.11377
140.1,0.057377
140.2,0.18623
140.3,0.050922
140.4,0.1121
140.5,0.08237
140.6,0.11148
140.7,0.11236
140.8,0.16854
140.9,0.051163
141,0.074441
141.1,0.058097
141.2,0.15863
141.3,0.098134
141.4,0.050269
141.5,0.10681
141.6,0.056425
141.7,0.057978
141.8,0.054419
141.9,0.056919
142,0.11813
142.1,0.074091
142.2,0.017931
142.3,0.024899
142.4,0.11839
142.5,0.015789
142.6,0.080239
142.7,0.19669
142.8,0.1299
142.9,0.039619
143,0.17441
143.1,0.12771
143.2,0.043874
143.3,0.021062
143.4,0.036397
143.5,0.054004
143.6,0.17029
143.7,0.1416
143.8,0.11448
143.9,0.11198
144,0.21271
144.1,0.16773
144.2,0.19719
144.3,0.15849
144.4,0.046194
144.5,0.079461
144.6,0.053677
144.7,0.021931
144.8,0.14236
144.9,0.12427
145,0.061985
145.1,0.11136
145.2,0.15767
145.3,0.082095
145.4,0.10996
145.5,0.13002
145.6,0.13005
145.7,0.091309
145.8,0.18372
145.9,0.11011
146,0.12999
146.1,0.19857
146.2,0.13737
146.3,0.12056
146.4,0.095575
146.5,0.082688
146.6,0.20308
146.7,0.16029
146.8,0.097568
146.9,0.16075
147,0.026176
147.1,0.02447
147.2,0.076681
147.3,0.11446
147.4,0.25919
147.5,0.1254
147.6,0.056399
147.7,0.12978
147.8,0.048305
147.9,0.21032
148,0.16421
148.1,0.079432
148.2,0.10503
148.3,0.1264
148.4,0.0091795
148.5,0.16548
148.6,0.27012
148.7,0.11092
148.8,0.080451
148.9,0.11291
149,0.16909
149.1,0.1419
149.2,0.11818
149.3,0.047417
149.4,0.094706
149.5,0.20243
149.6,0.072207
149.7,0.14059
149.8,0.056722
149.9,0.07182
150,0.15788
150.1,0.17635
150.2,0.18979
150.3,0.22047
150.4,0.035653
150.5,0.23937
150.6,0.026242
150.7,0.12317
150.8,0.11632
150.9,0.12955
151,0.28814
151.1,0.0125
151.2,0.17282
151.3,0.044214
151.4,0.033813
151.5,0.056689
151.6,0.15176
151.7,0.13977
151.8,0.15542
151.9,0.12995
152,0.1107
152.1,0.013893
152.2,0.11076
152.3,0.021252
152.4,0.055001
152.5,0.19211
152.6,0.25297
152.7,0.11941
152.8,0.046078
152.9,0.16967
153,0.26634
153.1,0.13109
153.2,0.14346
153.3,0.22569
153.4,0.28941
153.5,0.12944
153.6,0.073322
153.7,0.047065
153.8,0.14783
153.9,0.099975
154,0.053174
154.1,0.17282
154.2,0.032259
154.3,0.19776
154.4,0.15783
154.5,0.2731
154.6,0.36604
154.7,0.17009
154.8,0.19462
154.9,0.15472
155,0.10578
155.1,0.080782
155.2,0.18234
155.3,0.14858
155.4,0.081047
155.5,0.21524
155.6,0.18314
155.7,0.083147
155.8,0.22893
155.9,0.26401
156,0.2059
156.1,0.026063
156.2,0.14674
156.3,0.14646
156.4,0.016287
156.5,0.1305
156.6,0.069949
156.7,0.274
156.8,0.10345
156.9,0.0099441
157,0.13374
157.1,0.077485
157.2,0.093765
157.3,0.20772
157.4,0.2147
157.5,0.22598
157.6,0.3324
157.7,0.21408
157.8,0.10567
157.9,0.27144
158,0.1613
158.1,0.080861
158.2,0.12636
158.3,0.14767
158.4,0.11772
158.5,0.2159
158.6,0.12567
158.7,0.064241
158.8,0.094853
158.9,0.33547
159,0.23084
159.1,0.36554
159.2,0.12358
159.3,0.29307
159.4,0.084638
159.5,0.30428
159.6,0.16712
159.7,0.20315
159.8,0.22191
159.9,0.082238
160,0.13879
160.1,0.13887
160.2,0.20743
160.3,0.1135
160.4,0.27418
160.5,0.2153
160.6,0.04102
160.7,0.071588
160.8,0.14671
160.9,0.28503
161,0.058705
161.1,0.099774
161.2,0.046788
161.3,0.11218
161.4,0.13972
161.5,0.27293
161.6,0.059155
161.7,0.14041
161.8,0.1567
161.9,0.28762
162,0.2432
162.1,0.14285
162.2,0.34026
162.3,0.33797
162.4,0.20165
162.5,0.10533
162.6,0.10616
162.7,0.077133
162.8,0.087109
162.9,0.12136
163,0.18492
163.1,0.35934
163.2,0.127
163.3,0.32614
163.4,0.25535
163.5,0.13626
163.6,0.072473
163.7,0.27841
163.8,0.13451
163.9,0.30795
164,0.2211
164.1,0.3335
164.2,0.33404
164.3,0.14085
164.4,0.23832
164.5,0.17479
164.6,0.24172
164.7,0.41826
164.8,0.17012
164.9,0.15883
165,0.14343
165.1,0.30049
165.2,0.23928
165.3,0.18219
165.4,0.31572
165.5,0.052777
165.6,0.29375
165.7,0.13151
165.8,0.083476
165.9,0.22205
166,0.33023
166.1,0.13542
166.2,0.21949
166.3,0.14805
166.4,0.019467
166.5,0.13851
166.6,0.3141
166.7,0.11483
166.8,0.17508
166.9,0.57647
167,0.12363
167.1,0.23485
167.2,0.27115
167.3,0.13137
167.4,0.20117
167.5,0.20092
167.6,0.19075
167.7,0.28154
167.8,0.3939
167.9,0.13556
168,0.024044
168.1,0.20343
168.2,0.27508
168.3,0.16256
168.4,0.18659
168.5,0.13712
168.6,0.18216
168.7,0.23976
168.8,0.16568
168.9,0.082429
169,0.41123
169.1,0.10934
169.2,0.2843
169.3,0.2167
169.4,0.63186
169.5,0.38232
169.6,0.32126
169.7,0.34452
169.8,0.35327
169.9,0.3527
170,0.12523
170.1,0.13661
170.2,0.18148
170.3,0.19633
170.4,0.18248
170.5,0.34954
170.6,0.30803
170.7,0.082248
170.8,0.36993
170.9,0.63505
171,0.31116
171.1,0.38837
171.2,0.58795
171.3,0.31432
171.4,0.087933
171.5,0.44785
171.6,0.34789
171.7,0.2918
171.8,0.41703
171.9,0.7318
172,0.26321
172.1,0.086967
172.2,0.4612
172.3,0.24473
172.4,0.2355
172.5,0.30471
172.6,0.31934
172.7,0.084335
172.8,0.32359
172.9,0.26234
173,0.29841
173.1,0.31884
173.2,0.11922
173.3,0.10019
173.4,0.66839
173.5,0.25695
173.6,0.38759
173.7,0.26429
173.8,0.28052
173.9,0.28648
174,0.12359
174.1,0.20669
174.2,0.23643
174.3,0.12
174.4,0.44729
174.5,0.12474
174.6,0.10686
174.7,0.31094
174.8,0.84474
174.9,0.35188
175,0.31303
175.1,0.5326
175.2,0.40903
175.3,0.20631
175.4,0.034062
175.5,0.18743
175.6,0.25734
175.7,0.094922
175.8,0.46016
175.9,0.23395
176,0.24083
176.1,0.31091
176.2,0.051581
176.3,0.44479
176.4,0.37135
176.5,0.26081
176.6,0.51886
176.7,0.35886
176.8,0.59194
176.9,0.24328
177,0.55178
177.1,0.44103
177.2,0.16927
177.3,0.12755
177.4,0.59724
177.5,0.32767
177.6,0.35016
177.7,0.28427
177.8,0.12962
177.9,0.48432
178,0.41835
178.1,0.36535
178.2,0.16385
178.3,0.35286
178.4,0.35988
178.5,0.09492
178.6,0.4025
178.7,0.16261
178.8,0.077332
178.9,0.22254
179,0.10451
179.1,0.12753
179.2,0.28634
179.3,0.3079
179.4,0.32608
179.5,0.15535
179.6,0.35136
179.7,0.42595
179.8,0.28257
179.9,0.38307
180,0.27228
180.1,0.15827
180.2,0.016313
180.3,0.19777
180.4,0.08458
180.5,0.28964
180.6,0.19933
180.7,0.33419
180.8,0.34254
180.9,0.23047
181,0.284
181.1,0.37635
181.2,0.037872
181.3,0.34751
181.4,0.38142
181.5,0.32795
181.6,0.24895
181.7,0.30467
181.8,0.10374
181.9,0.49967
182,0.34054
182.1,0.43414
182.2,0.27834
182.3,0.2899
182.4,0.3341
182.5,0.078842
182.6,0.25676
182.7,0.51481
182.8,0.35858
182.9,0.4282
183,0.5179
183.1,0.3441
183.2,0.29298
183.3,0.4568
183.4,0.38562
183.5,0.21922
183.6,0.24333
183.7,0.2703
183.8,0.30175
183.9,0.20585
184,0.86352
184.1,0.11969
184.2,0.17345
184.3,0.51304
184.4,0.29391
184.5,0.37382
184.6,0.49868
184.7,0.61948
184.8,0.28609
184.9,0.15518
185,0.41596
185.1,0.46322
185.2,0.31443
185.3,0.52392
185.4,0.21038
185.5,0.50759
185.6,0.12979
185.7,0.24268
185.8,0.21953
185.9,0.30328
186,0.15742
186.1,0.32931
186.2,0.48215
186.3,0.26973
186.4,0.74405
186.5,0.1761
186.6,0.17719
186.7,0.13058
186.8,0.38067
186.9,0.44775
187,0.49484
187.1,0.19057
187.2,0.38684
187.3,0.31992
187.4,0.25043
187.5,0.30895
187.6,0.17046
187.7,0.24216
187.8,0.1454
187.9,0.25388
188,0.48251
188.1,0.50959
188.2,0.65762
188.3,0.44597
188.4,0.30914
188.5,0.38558
188.6,0.18365
188.7,0.49467
188.8,0.33766
188.9,0.62603
189,0.27678
189.1,0.61658
189.2,0.6026
189.3,0.66149
189.4,0.37529
189.5,0.098591
189.6,0.39196
189.7,0.46782
189.8,0.35241
189.9,0.2604
190,0.49743
190.1,0.32884
190.2,0.40719
190.3,0.29455
190.4,0.85125
190.5,0.64887
190.6,0.16845
190.7,0.1124
190.8,0.39373
190.9,0.36917
191,0.52131
191.1,0.31445
191.2,0.28409
191.3,0.55896
191.4,0.29931
191.5,0.2982
191.6,0.09853
191.7,0.37089
191.8,0.18822
191.9,0.15341
192,0.14035
192.1,0.78812
192.2,0.23512
192.3,0.2429
192.4,0.11225
192.5,0.31974
192.6,0.38657
192.7,0.40406
192.8,0.23887
192.9,0.5991
193,0.57634
193.1,0.4788
193.2,0.14469
193.3,0.43808
193.4,0.39144
193.5,0.54859
193.6,0.59688
193.7,0.54911
193.8,0.23822
193.9,0.40609
194,0.17249
194.1,0.42297
194.2,0.40263
194.3,0.64564
194.4,0.24432
194.5,0.45812
194.6,0.27749
194.7,0.31177
194.8,0.4024
194.9,0.073269
195,0.23325
195.1,0.41195
195.2,0.23467
195.3,0.42364
195.4,0.20716
195.5,0.50177
195.6,0.37495
195.7,0.3701
195.8,0.18814
195.9,0.31672
196,0.39057
196.1,0.5158
196.2,0.20901
196.3,0.98515
196.4,0.57937
196.5,0.80598
196.6,0.39574
196.7,0.43061
196.8,0.21226
196.9,0.2512
197,0.68549
197.1,0.44074
197.2,0.21188
197.3,0.59214
197.4,0.41544
197.5,0.25812
197.6,0.7783
197.7,0.39992
197.8,0.45089
197.9,0.63748
198,0.52249
198.1,1
198.2,0.12893
198.3,0.45294
198.4,0.45163
198.5,0.79841
198.6,0.23683
198.7,0.29085
198.8,0.24184
198.9,0.35834
199,0.42708
199.1,0.27958
199.2,0.43991
199.3,0.69232
199.4,0.62753
199.5,0.35388
199.6,0.33731
199.7,0.94419
199.8,0.53379
199.9,0.11642
200,0.8952
