0.1,0.015999
0.2,0.039895
0.3,0.036733
0.4,0.027652
0.5,0.03462
0.6,0.040462
0.7,0.02815
0.8,0.042604
0.9,0.053531
1,0.032532
1.1,0.011785
1.2,0.01019
1.3,0.082929
1.4,0.050659
1.5,0.076174
1.6,0.071907
1.7,0.071913
1.8,0.15374
1.9,0.096161
2,0.16517
2.1,0.087906
2.2,0.1729
2.3,0.1717
2.4,0.15119
2.5,0.20474
2.6,0.139
2.7,0.14206
2.8,0.052748
2.9,0.23494
3,0.061275
3.1,0.060147
3.2,0.075549
3.3,0.22275
3.4,0.066937
3.5,0.16319
3.6,0.20045
3.7,0.10069
3.8,0.25847
3.9,0.26935
4,0.093103
4.1,0.25772
4.2,0.29064
4.3,0.29897
4.4,0.34588
4.5,0.17885
4.6,0.16424
4.7,0.14012
4.8,0.29889
4.9,0.30321
5,0.37146
5.1,0.21176
5.2,0.23836
5.3,0.092965
5.4,0.20555
5.5,0.40422
5.6,0.46051
5.7,0.44351
5.8,0.24857
5.9,0.19179
6,0.094
6.1,0.16595
6.2,0.25276
6.3,0.25438
6.4,0.26828
6.5,0.056014
6.6,0.23808
6.7,0.25522
6.8,0.40309
6.9,0.46066
7,0.045642
7.1,0.15881
7.2,0.46374
7.3,0.48689
7.4,0.5326
7.5,0.40563
7.6,0.29536
7.7,0.25469
7.8,0.3019
7.9,0.19564
8,0.21766
8.1,0.35706
8.2,0.4628
8.3,0.39103
8.4,0.51556
8.5,0.5532
8.6,0.44761
8.7,0.5901
8.8,0.63661
8.9,0.2402
9,0.080122
9.1,0.39587
9.2,0.25538
9.3,0.28802
9.4,0.28826
9.5,0.43653
9.6,0.45111
9.7,0.21307
9.8,0.095428
9.9,0.31148
10,0.47562
10.1,0.25013
10.2,0.17886
10.3,0.20947
10.4,0.10262
10.5,0.24538
10.6,0.23577
10.7,0.22625
10.8,0.072683
10.9,0.18158
11,0.10663
11.1,0.41296
11.2,0.24183
11.3,0.50633
11.4,0.19757
11.5,0.18409
11.6,0.081979
11.7,0.13067
11.8,0.3267
11.9,0.20131
12,0.20714
12.1,0.23393
12.2,0.13373
12.3,0.019139
12.4,0.093575
12.5,0.34795
12.6,0.34897
12.7,0.19323
12.8,0.20163
12.9,0.10724
13,0.16159
13.1,0.17129
13.2,0.19222
13.3,0.22814
13.4,0.38413
13.5,0.32571
13.6,0.3655
13.7,0.43083
13.8,0.1553
13.9,0.073388
14,0.13521
14.1,0.032477
14.2,0.26187
14.3,0.37729
14.4,0.36728
14.5,0.21303
14.6,0.1366
14.7,0.053334
14.8,0.040029
14.9,0.3618
15,0.10122
15.1,0.46086
15.2,0.33096
15.3,0.59456
15.4,0.53571
15.5,0.34279
15.6,0.17037
15.7,0.69089
15.8,0.40901
15.9,0.52534
16,0.073956
16.1,0.4668
16.2,0.13993
16.3,0.10203
16.4,0.12394
16.5,0.16602
16.6,0.23197
16.7,0.25366
16.8,0.42155
16.9,0.19807
17,0.37406
17.1,0.44885
17.2,0.31336
17.3,0.31179
17.4,0.30737
17.5,0.13359
17.6,0.22209
17.7,0.27148
17.8,0.034578
17.9,0.34591
18,0.40023
18.1,0.25687
18.2,0.26173
18.3,0.24669
18.4,0.24655
18.5,0.056226
18.6,0.3672
18.7,0.25327
18.8,0.28674
18.9,0.27099
19,0.463
19.1,0.06095
19.2,0.091743
19.3,0.095107
19.4,0.10208
19.5,0.13204
19.6,0.18941
19.7,0.15815
19.8,0.24049
19.9,0.29063
20,0.481
20.1,0.057999
20.2,0.2123
20.3,0.41153
20.4,0.60622
20.5,0.21522
20.6,0.35656
20.7,0.31244
20.8,0.23697
20.9,0.19167
21,0.10115
21.1,0.14964
21.2,0.1442
21.3,0.12905
21.4,0.047587
21.5,0.13742
21.6,0.090451
21.7,0.22231
21.8,0.21113
21.9,0.18705
22,0.11445
22.1,0.066447
22.2,0.3301
22.3,0.099435
22.4,0.088703
22.5,0.30754
22.6,0.056165
22.7,0.38471
22.8,0.25232
22.9,0.078068
23,0.22483
23.1,0.49222
23.2,0.21991
23.3,0.16193
23.4,0.12553
23.5,0.37569
23.6,0.22982
23.7,0.06512
23.8,0.42167
23.9,0.10757
24,0.29147
24.1,0.76663
24.2,0.37425
24.3,0.10705
24.4,0.32363
24.5,0.082403
24.6,0.29833
24.7,0.30491
24.8,0.16333
24.9,0.31538
25,0.21232
25.1,0.13904
25.2,0.22847
25.3,0.25785
25.4,0.27718
25.5,0.047825
25.6,0.21154
25.7,0.24347
25.8,0.30379
25.9,0.25207
26,0.16381
26.1,0.47375
26.2,0.41498
26.3,0.66008
26.4,0.43715
26.5,0.46766
26.6,0.027961
26.7,0.17529
26.8,0.41484
26.9,0.30748
27,0.26715
27.1,0.2821
27.2,0.27749
27.3,0.17516
27.4,0.41598
27.5,0.14268
27.6,0.1868
27.7,0.22096
27.8,0.37737
27.9,0.35732
28,0.14638
28.1,0.2714
28.2,0.32773
28.3,0.18254
28.4,0.29815
28.5,0.3712
28.6,0.29618
28.7,0.58636
28.8,0.16146
28.9,0.076915
29,0.22975
29.1,0.39522
29.2,0.22536
29.3,0.37087
29.4,0.29925
29.5,0.28089
29.6,0.51839
29.7,0.2023
29.8,0.21593
29.9,0.24589
30,0.4024
30.1,0.43702
30.2,0.25855
30.3,0.40592
30.4,0.75146
30.5,0.20592
30.6,0.65063
30.7,0.40537
30.8,0.33667
30.9,0.071191
31,0.4054
31.1,0.26359
31.2,0.55571
31.3,0.27944
31.4,0.29443
31.5,0.50782
31.6,0.46489
31.7,0.43867
31.8,0.40454
31.9,0.20476
32,0.13245
32.1,0.48773
32.2,0.14602
32.3,0.26297
32.4,0.10443
32.5,0.49233
32.6,0.28064
32.7,0.14928
32.8,0.17718
32.9,0.35134
33,0.26093
33.1,0.42415
33.2,0.21291
33.3,0.1025
33.4,0.17175
33.5,0.33608
33.6,0.2611
33.7,0.29213
33.8,0.25068
33.9,0.2571
34,0.11619
34.1,0.21352
34.2,0.42436
34.3,0.32072
34.4,0.30523
34.5,0.11408
34.6,0.85782
34.7,0.40048
34.8,0.10292
34.9,0.61171
35,0.12132
35.1,0.62363
35.2,0.1842
35.3,0.19739
35.4,0.46248
35.5,0.25025
35.6,0.30799
35.7,0.30576
35.8,0.56446
35.9,0.38232
36,0.18026
36.1,0.1283
36.2,0.22923
36.3,0.55987
36.4,0.65188
36.5,0.4442
36.6,0.38628
36.7,0.11303
36.8,0.13897
36.9,0.38832
37,0.29734
37.1,0.51036
37.2,0.55776
37.3,0.49997
37.4,0.43887
37.5,0.17381
37.6,0.37773
37.7,0.12342
37.8,0.19291
37.9,0.62304
38,0.51643
38.1,0.63587
38.2,0.34584
38.3,0.20546
38.4,0.4034
38.5,0.75817
38.6,0.8985
38.7,0.51049
38.8,0.21656
38.9,0.46754
39,0.45646
39.1,0.49146
39.2,0.41336
39.3,0.4074
39.4,0.38432
39.5,0.25699
39.6,0.34191
39.7,0.15902
39.8,0.075417
39.9,0.082307
40,0.25027
40.1,0.50426
40.2,0.47748
40.3,0.36532
40.4,0.23538
40.5,0.44839
40.6,0.44859
40.7,0.35942
40.8,0.33726
40.9,0.16555
41,0.062284
41.1,0.42861
41.2,0.40079
41.3,0.49279
41.4,0.54556
41.5,0.32337
41.6,0.42543
41.7,0.58257
41.8,0.4694
41.9,0.41506
42,0.30661
42.1,0.38559
42.2,0.42378
42.3,0.36408
42.4,0.31066
42.5,0.21687
42.6,0.7005
42.7,0.23103
42.8,0.04659
42.9,0.50863
43,0.70536
43.1,0.36015
43.2,0.30391
43.3,0.24425
43.4,0.042443
43.5,0.7631
43.6,0.32601
43.7,0.36476
43.8,0.53179
43.9,0.19605
44,0.3179
44.1,0.85003
44.2,0.7323
44.3,0.29218
44.4,0.24929
44.5,0.71421
44.6,0.29819
44.7,0.29366
44.8,0.20653
44.9,0.28484
45,0.50708
45.1,0.76635
45.2,0.4289
45.3,0.60273
45.4,0.2321
45.5,0.5975
45.6,0.15382
45.7,0.24894
45.8,0.15455
45.9,0.60994
46,0.31731
46.1,0.32491
46.2,0.46061
46.3,0.54103
46.4,0.12736
46.5,0.44041
46.6,0.43934
46.7,0.17272
46.8,0.68563
46.9,0.37472
47,0.70168
47.1,0.65204
47.2,0.39349
47.3,0.56689
47.4,0.17539
47.5,0.75132
47.6,0.52692
47.7,0.33708
47.8,0.27092
47.9,0.21624
48,0.40151
48.1,0.57517
48.2,0.32189
48.3,0.29409
48.4,0.38878
48.5,0.23513
48.6,0.4041
48.7,0.50766
48.8,0.64901
48.9,0.52449
49,0.51684
49.1,0.30207
49.2,0.38576
49.3,0.36284
49.4,0.1919
49.5,0.19083
49.6,0.65183
49.7,0.41135
49.8,0.27803
49.9,0.60822
50,0.25103
50.1,0.39499
50.2,0.34062
50.3,0.39913
50.4,0.92323
50.5,0.13429
50.6,0.38854
50.7,0.15752
50.8,0.29184
50.9,0.59775
51,0.30165
51.1,0.37086
51.2,0.31264
51.3,0.53586
51.4,0.31821
51.5,0.53932
51.6,0.53917
51.7,0.22712
51.8,0.11738
51.9,0.25263
52,0.19921
52.1,0.072148
52.2,0.48408
52.3,0.33071
52.4,0.22116
52.5,0.43324
52.6,0.096115
52.7,0.38645
52.8,0.015706
52.9,0.35428
53,0.23271
53.1,0.25889
53.2,0.17993
53.3,1
53.4,0.45426
53.5,0.12089
53.6,0.29719
53.7,0.36275
53.8,0.76677
53.9,0.056297
54,0.10835
54.1,0.4462
54.2,0.66146
54.3,0.44225
54.4,0.27629
54.5,0.13658
54.6,0.2183
54.7,0.56415
54.8,0.49431
54.9,0.372
55,0.13244
55.1,0.65174
55.2,0.61061
55.3,0.38128
55.4,0.48006
55.5,0.19125
55.6,0.29249
55.7,0.35799
55.8,0.26382
55.9,0.19459
56,0.50726
56.1,0.58813
56.2,0.60508
56.3,0.37438
56.4,0.19899
56.5,0.53842
56.6,0.46862
56.7,0.25971
56.8,0.3244
56.9,0.44013
57,0.55036
57.1,0.29614
57.2,0.59308
57.3,0.35148
57.4,0.40252
57.5,0.1211
57.6,0.78831
57.7,0.52462
57.8,0.33435
57.9,0.55935
58,0.13145
58.1,0.49297
58.2,0.12502
58.3,0.50506
58.4,0.34183
58.5,0.73813
58.6,0.54426
58.7,0.65719
58.8,0.33335
58.9,0.36693
59,0.19933
59.1,0.29165
59.2,0.43364
59.3,0.5731
59.4,0.064002
59.5,0.29452
59.6,0.45211
59.7,0.31046
59.8,0.20339
59.9,0.51535
60,0.40071
60.1,0.35254
60.2,0.16007
60.3,0.64273
60.4,0.066587
60.5,0.22627
60.6,0.41677
60.7,0.26433
60.8,0.27377
60.9,0.19183
61,0.42923
61.1,0.55204
61.2,0.095351
61.3,0.33284
61.4,0.36612
61.5,0.17609
61.6,0.33368
61.7,0.59346
61.8,0.40499
61.9,0.5788
62,0.57956
62.1,0.12655
62.2,0.2235
62.3,0.2417
62.4,0.41004
62.5,0.17266
62.6,0.26632
62.7,0.47488
62.8,0.19394
62.9,0.82705
63,0.45858
63.1,0.076795
63.2,0.16739
63.3,0.25477
63.4,0.95544
63.5,0.08592
63.6,0.062405
63.7,0.33756
63.8,0.38562
63.9,0.30248
64,0.73546
64.1,0.24994
64.2,0.36304
64.3,0.23897
64.4,0.48565
64.5,0.32903
64.6,0.26778
64.7,0.53818
64.8,0.21584
64.9,0.23143
65,0.23373
65.1,0.4849
65.2,0.29632
65.3,0.46264
65.4,0.86029
65.5,0.77088
65.6,0.2751
65.7,0.12554
65.8,0.19511
65.9,0.14212
66,0.55808
66.1,0.21568
66.2,0.34874
66.3,0.27868
66.4,0.054724
66.5,0.33629
66.6,0.33285
66.7,0.50234
66.8,0.12186
66.9,0.41902
67,0.6853
67.1,0.2412
67.2,0.15673
67.3,0.13263
67.4,0.4093
67.5,0.064655
67.6,0.21737
67.7,0.21323
67.8,0.36161
67.9,0.93928
68,0.49826
68.1,0.38444
68.2,0.29504
68.3,0.05267
68.4,0.50384
68.5,0.59443
68.6,0.35535
68.7,0.46409
68.8,0.27056
68.9,0.071703
69,0.50798
69.1,0.29954
69.2,0.17099
69.3,0.05063
69.4,0.23281
69.5,0.28589
69.6,0.59748
69.7,0.26702
69.8,0.21796
69.9,0.40118
70,0.52583
70.1,0.22414
70.2,0.040329
70.3,0.40138
70.4,0.50262
70.5,0.26828
70.6,0.48914
70.7,0.31809
70.8,0.16538
70.9,0.12206
71,0.41864
71.1,0.070239
71.2,0.5255
71.3,0.21915
71.4,0.32398
71.5,0.31596
71.6,0.22498
71.7,0.050431
71.8,0.48299
71.9,0.22704
72,0.31396
72.1,0.3562
72.2,0.3844
72.3,0.37846
72.4,0.20022
72.5,0.16119
72.6,0.17344
72.7,0.42241
72.8,0.25901
72.9,0.17477
73,0.32963
73.1,0.32683
73.2,0.39026
73.3,0.17657
73.4,0.28336
73.5,0.092095
73.6,0.39351
73.7,0.088115
73.8,0.46607
73.9,0.25552
74,0.23159
74.1,0.042844
74.2,0.20754
74.3,0.38218
74.4,0.12322
74.5,0.2086
74.6,0.17642
74.7,0.86267
74.8,0.040162
74.9,0.69816
75,0.27267
75.1,0.36903
75.2,0.21704
75.3,0.27529
75.4,0.30466
75.5,0.43283
75.6,0.21446
75.7,0.28657
75.8,0.081015
75.9,0.35647
76,0.8067
76.1,0.20492
76.2,0.3153
76.3,0.52593
76.4,0.50677
76.5,0.1855
76.6,0.16273
76.7,0.1939
76.8,0.14085
76.9,0.25207
77,0.19252
77.1,0.65513
77.2,0.67239
77.3,0.23287
77.4,0.093486
77.5,0.071153
77.6,0.19627
77.7,0.67848
77.8,0.15801
77.9,0.67213
78,0.7501
78.1,0.27789
78.2,0.18403
78.3,0.37484
78.4,0.14935
78.5,0.16402
78.6,0.34713
78.7,0.30758
78.8,0.18039
78.9,0.43792
79,0.11874
79.1,0.57481
79.2,0.21709
79.3,0.12691
79.4,0.21348
79.5,0.2517
79.6,0.17803
79.7,0.16393
79.8,0.20296
79.9,0.34563
80,0.085826
80.1,0.25046
80.2,0.43571
80.3,0.33949
80.4,0.15251
80.5,0.077518
80.6,0.32364
80.7,0.29119
80.8,0.27591
80.9,0.36614
81,0.18546
81.1,0.16926
81.2,0.13937
81.3,0.36441
81.4,0.2507
81.5,0.18563
81.6,0.21672
81.7,0.74551
81.8,0.25471
81.9,0.51312
82,0.41665
82.1,0.13794
82.2,0.3453
82.3,0.42874
82.4,0.14561
82.5,0.17238
82.6,0.064805
82.7,0.2442
82.8,0.20602
82.9,0.068975
83,0.011
83.1,0.096203
83.2,0.25186
83.3,0.5625
83.4,0.23653
83.5,0.39779
83.6,0.33621
83.7,0.20551
83.8,0.25619
83.9,0.21257
84,0.18393
84.1,0.12993
84.2,0.10782
84.3,0.37025
84.4,0.30787
84.5,0.081483
84.6,0.28668
84.7,0.18148
84.8,0.21676
84.9,0.14446
85,0.34556
85.1,0.25051
85.2,0.64098
85.3,0.18867
85.4,0.17888
85.5,0.17535
85.6,0.18362
85.7,0.061653
85.8,0.36817
85.9,0.088648
86,0.28005
86.1,0.29326
86.2,0.18101
86.3,0.08474
86.4,0.2715
86.5,0.22617
86.6,0.085657
86.7,0.47741
86.8,0.19089
86.9,0.57627
87,0.20748
87.1,0.024603
87.2,0.18147
87.3,0.3842
87.4,0.32005
87.5,0.30347
87.6,0.1188
87.7,0.41305
87.8,0.37573
87.9,0.30483
88,0.14769
88.1,0.096868
88.2,0.29356
88.3,0.26607
88.4,0.18398
88.5,0.37796
88.6,0.059074
88.7,0.29071
88.8,0.23735
88.9,0.43703
89,0.1399
89.1,0.41353
89.2,0.31087
89.3,0.056877
89.4,0.28922
89.5,0.27929
89.6,0.05903
89.7,0.51133
89.8,0.31086
89.9,0.18542
90,0.31403
90.1,0.24409
90.2,0.35633
90.3,0.2973
90.4,0.17883
90.5,0.14689
90.6,0.29244
90.7,0.29565
90.8,0.012324
90.9,0.11926
91,0.36674
91.1,0.33259
91.2,0.52263
91.3,0.19824
91.4,0.19521
91.5,0.13782
91.6,0.097204
91.7,0.36827
91.8,0.3002
91.9,0.15919
92,0.13214
92.1,0.4066
92.2,0.2912
92.3,0.27042
92.4,0.12149
92.5,0.28742
92.6,0.27286
92.7,0.46498
92.8,0.37416
92.9,0.37759
93,0.46782
93.1,0.52214
93.2,0.22612
93.3,0.33557
93.4,0.14824
93.5,0.056513
93.6,0.26298
93.7,0.28692
93.8,0.31463
93.9,0.51877
94,0.57212
94.1,0.44361
94.2,0.32286
94.3,0.33687
94.4,0.35627
94.5,0.29455
94.6,0.50941
94.7,0.3714
94.8,0.45129
94.9,0.3777
95,0.014351
95.1,0.058742
95.2,0.18632
95.3,0.20038
95.4,0.37757
95.5,0.27357
95.6,0.20937
95.7,0.14979
95.8,0.23695
95.9,0.14237
96,0.48409
96.1,0.10922
96.2,0.12511
96.3,0.43203
96.4,0.49256
96.5,0.39244
96.6,0.27132
96.7,0.14958
96.8,0.4742
96.9,0.36208
97,0.57724
97.1,0.38222
97.2,0.34772
97.3,0.38198
97.4,0.12331
97.5,0.62092
97.6,0.29713
97.7,0.38518
97.8,0.23502
97.9,0.18421
98,0.66574
98.1,0.29243
98.2,0.024329
98.3,0.17098
98.4,0.34618
98.5,0.13617
98.6,0.25815
98.7,0.41082
98.8,0.35842
98.9,0.11194
99,0.27109
99.1,0.34683
99.2,0.10052
99.3,0.34212
99.4,0.18418
99.5,0.35684
99.6,0.10842
99.7,0.43857
99.8,0.23634
99.9,0.38979
100,0.30588
100.1,0.16861
100.2,0.1615
100.3,0.29137
100.4,0.2199
100.5,0.3696
100.6,0.22086
100.7,0.31088
100.8,0.35039
100.9,0.1596
101,0.1409
101.1,0.058095
101.2,0.29837
101.3,0.34636
101.4,0.20274
101.5,0.53714
101.6,0.28296
101.7,0.27203
101.8,0.044176
101.9,0.26269
102,0.070991
102.1,0.2984
102.2,0.1056
102.3,0.24048
102.4,0.31865
102.5,0.40789
102.6,0.32658
102.7,0.24013
102.8,0.1168
102.9,0.22323
103,0.20846
103.1,0.37991
103.2,0.36222
103.3,0.35272
103.4,0.24166
103.5,0.37329
103.6,0.16504
103.7,0.28154
103.8,0.07975
103.9,0.23203
104,0.20552
104.1,0.15233
104.2,0.32944
104.3,0.59472
104.4,0.14622
104.5,0.198
104.6,0.22018
104.7,0.13079
104.8,0.3885
104.9,0.066373
105,0.27099
105.1,0.093657
105.2,0.21136
105.3,0.35406
105.4,0.22857
105.5,0.19936
105.6,0.20089
105.7,0.10274
105.8,0.25711
105.9,0.04406
106,0.26302
106.1,0.1654
106.2,0.1504
106.3,0.13944
106.4,0.30127
106.5,0.4676
106.6,0.26369
106.7,0.2038
106.8,0.12568
106.9,0.26638
107,0.1513
107.1,0.090706
107.2,0.079624
107.3,0.18263
107.4,0.6656
107.5,0.23646
107.6,0.19937
107.7,0.25925
107.8,0.29311
107.9,0.23664
108,0.36133
108.1,0.13406
108.2,0.33674
108.3,0.24066
108.4,0.089717
108.5,0.11435
108.6,0.10692
108.7,0.45094
108.8,0.21258
108.9,0.060883
109,0.069474
109.1,0.11866
109.2,0.097661
109.3,0.28834
109.4,0.35873
109.5,0.16251
109.6,0.49416
109.7,0.22022
109.8,0.46486
109.9,0.36458
110,0.27282
110.1,0.21723
110.2,0.17086
110.3,0.23962
110.4,0.21791
110.5,0.066056
110.6,0.10612
110.7,0.26682
110.8,0.2234
110.9,0.35202
111,0.46105
111.1,0.22884
111.2,0.15242
111.3,0.17334
111.4,0.069287
111.5,0.11981
111.6,0.32661
111.7,0.29934
111.8,0.079224
111.9,0.27103
112,0.24234
112.1,0.30768
112.2,0.084877
112.3,0.12972
112.4,0.12794
112.5,0.11882
112.6,0.18679
112.7,0.19156
112.8,0.22467
112.9,0.031788
113,0.096607
113.1,0.32327
113.2,0.088308
113.3,0.33006
113.4,0.08917
113.5,0.27275
113.6,0.1278
113.7,0.2789
113.8,0.24965
113.9,0.10208
114,0.091391
114.1,0.18407
114.2,0.1763
114.3,0.1336
114.4,0.24778
114.5,0.32483
114.6,0.2494
114.7,0.27408
114.8,0.14131
114.9,0.35611
115,0.23961
115.1,0.33392
115.2,0.33989
115.3,0.26878
115.4,0.28227
115.5,0.1305
115.6,0.14444
115.7,0.094205
115.8,0.32654
115.9,0.20169
116,0.18862
116.1,0.33007
116.2,0.28567
116.3,0.055223
116.4,0.4667
116.5,0.24982
116.6,0.26438
116.7,0.1772
116.8,0.75308
116.9,0.37246
117,0.18313
117.1,0.16632
117.2,0.1263
117.3,0.15916
117.4,0.19081
117.5,0.38976
117.6,0.15213
117.7,0.22844
117.8,0.21686
117.9,0.20407
118,0.22777
118.1,0.19326
118.2,0.056646
118.3,0.1309
118.4,0.32765
118.5,0.36764
118.6,0.29855
118.7,0.18667
118.8,0.12924
118.9,0.13669
119,0.35782
119.1,0.318
119.2,0.3238
119.3,0.23203
119.4,0.15751
119.5,0.4359
119.6,0.13047
119.7,0.16386
119.8,0.074017
119.9,0.17713
120,0.45593
120.1,0.22202
120.2,0.093753
120.3,0.1171
120.4,0.2452
120.5,0.1514
120.6,0.24608
120.7,0.0072361
120.8,0.23654
120.9,0.15307
121,0.18007
121.1,0.16207
121.2,0.12156
121.3,0.17353
121.4,0.087807
121.5,0.35542
121.6,0.1232
121.7,0.46338
121.8,0.10654
121.9,0.22863
122,0.04102
122.1,0.10029
122.2,0.16725
122.3,0.062987
122.4,0.23823
122.5,0.10193
122.6,0.021992
122.7,0.15683
122.8,0.17207
122.9,0.041755
123,0.095399
123.1,0.12369
123.2,0.26593
123.3,0.14679
123.4,0.23624
123.5,0.30051
123.6,0.081251
123.7,0.11093
123.8,0.21663
123.9,0.15856
124,0.25536
124.1,0.30523
124.2,0.25823
124.3,0.35507
124.4,0.28202
124.5,0.1633
124.6,0.18431
124.7,0.10409
124.8,0.22756
124.9,0.15648
125,0.35631
125.1,0.13277
125.2,0.18772
125.3,0.44568
125.4,0.24676
125.5,0.20675
125.6,0.28781
125.7,0.14805
125.8,0.32448
125.9,0.10128
126,0.19215
126.1,0.33755
126.2,0.3018
126.3,0.34517
126.4,0.24156
126.5,0.42352
126.6,0.2518
126.7,0.28901
126.8,0.13823
126.9,0.14387
127,0.29638
127.1,0.11161
127.2,0.058284
127.3,0.196
127.4,0.082526
127.5,0.21728
127.6,0.27412
127.7,0.14443
127.8,0.33621
127.9,0.095323
128,0.18458
128.1,0.20003
128.2,0.11734
128.3,0.13896
128.4,0.11069
128.5,0.088084
128.6,0.19039
128.7,0.14982
128.8,0.10989
128.9,0.28567
129,0.44845
129.1,0.39291
129.2,0.27801
129.3,0.14124
129.4,0.20899
129.5,0.078316
129.6,0.21835
129.7,0.14435
129.8,0.11028
129.9,0.096857
130,0.16369
130.1,0.16233
130.2,0.14266
130.3,0.20528
130.4,0.1256
130.5,0.093526
130.6,0.20235
130.7,0.088643
130.8,0.37473
130.9,0.30668
131,0.20599
131.1,0.17746
131.2,0.25854
131.3,0.20243
131.4,0.1289
131.5,0.1365
131.6,0.11366
131.7,0.33795
131.8,0.094987
131.9,0.16175
132,0.19527
132.1,0.31126
132.2,0.14812
132.3,0.21484
132.4,0.20426
132.5,0.028114
132.6,0.17305
132.7,0.039053
132.8,0.25864
132.9,0.28002
133,0.22562
133.1,0.26762
133.2,0.078991
133.3,0.10064
133.4,0.11435
133.5,0.21043
133.6,0.16765
133.7,0.18731
133.8,0.10799
133.9,0.44893
134,0.17844
134.1,0.080692
134.2,0.12894
134.3,0.15031
134.4,0.29037
134.5,0.24546
134.6,0.21541
134.7,0.1581
134.8,0.26184
134.9,0.24994
135,0.11234
135.1,0.20528
135.2,0.14589
135.3,0.028847
135.4,0.039073
135.5,0.22217
135.6,0.31378
135.7,0.24545
135.8,0.23641
135.9,0.24525
136,0.1718
136.1,0.14924
136.2,0.16125
136.3,0.04935
136.4,0.034099
136.5,0.088115
136.6,0.055746
136.7,0.080025
136.8,0.19646
136.9,0.20563
137,0.049537
137.1,0.13221
137.2,0.14611
137.3,0.18738
137.4,0.18741
137.5,0.29942
137.6,0.015511
137.7,0.060629
137.8,0.19543
137.9,0.26318
138,0.29852
138.1,0.32695
138.2,0.09036
138.3,0.24634
138.4,0.11161
138.5,0.23471
138.6,0.10809
138.7,0.094427
138.8,0.0739
138.9,0.23416
139,0.12923
139.1,0.3729
139.2,0.070267
139.3,0.089493
139.4,0.33182
139.5,0.075004
139.6,0.16615
139.7,0.15231
139.8,0.27162
139.9,0.12682
140,0.16457
140.1,0.22827
140.2,0.26735
140.3,0.12491
140.4,0.094511
140.5,0.18116
140.6,0.15559
140.7,0.069766
140.8,0.12611
140.9,0.14551
141,0.13934
141.1,0.11398
141.2,0.15839
141.3,0.27843
141.4,0.25548
141.5,0.12034
141.6,0.19597
141.7,0.15374
141.8,0.054029
141.9,0.26913
142,0.21187
142.1,0.12601
142.2,0.22018
142.3,0.12522
142.4,0.1463
142.5,0.014294
142.6,0.019982
142.7,0.063906
142.8,0.17191
142.9,0.16341
143,0.06414
143.1,0.13779
143.2,0.019247
143.3,0.26289
143.4,0.073377
143.5,0.090746
143.6,0.074268
143.7,0.044076
143.8,0.25826
143.9,0.11164
144,0.15952
144.1,0.097192
144.2,0.057505
144.3,0.099596
144.4,0.19704
144.5,0.033583
144.6,0.23246
144.7,0.29703
144.8,0.13109
144.9,0.25391
145,0.18332
145.1,0.20764
145.2,0.38546
145.3,0.18583
145.4,0.26531
145.5,0.25865
145.6,0.16935
145.7,0.21514
145.8,0.12235
145.9,0.12781
146,0.30867
146.1,0.0781
146.2,0.22297
146.3,0.22242
146.4,0.32062
146.5,0.091065
146.6,0.18863
146.7,0.11534
146.8,0.22057
146.9,0.26533
147,0.11565
147.1,0.12891
147.2,0.19625
147.3,0.1557
147.4,0.073052
147.5,0.078062
147.6,0.063726
147.7,0.25086
147.8,0.17031
147.9,0.016287
148,0.18271
148.1,0.14937
148.2,0.13835
148.3,0.15306
148.4,0.042739
148.5,0.052398
148.6,0.051204
148.7,0.22174
148.8,0.27021
148.9,0.21902
149,0.10097
149.1,0.10437
149.2,0.052943
149.3,0.25117
149.4,0.082197
149.5,0.12169
149.6,0.11203
149.7,0.25105
149.8,0.1955
149.9,0.042355
150,0.1657
150.1,0.12187
150.2,0.07653
150.3,0.094543
150.4,0.051827
150.5,0.20276
150.6,0.17191
150.7,0.22726
150.8,0.27588
150.9,0.39536
151,0.1418
151.1,0.092628
151.2,0.16115
151.3,0.23603
151.4,0.21999
151.5,0.096075
151.6,0.26347
151.7,0.082704
151.8,0.063547
151.9,0.15993
152,0.17771
152.1,0.063682
152.2,0.22988
152.3,0.27186
152.4,0.11552
152.5,0.10662
152.6,0.091759
152.7,0.087713
152.8,0.21479
152.9,0.26448
153,0.13199
153.1,0.26825
153.2,0.13702
153.3,0.34294
153.4,0.15756
153.5,0.039552
153.6,0.22706
153.7,0.093116
153.8,0.16592
153.9,0.18248
154,0.09041
154.1,0.1197
154.2,0.049772
154.3,0.18877
154.4,0.074695
154.5,0.080099
154.6,0.12392
154.7,0.13552
154.8,0.21536
154.9,0.080179
155,0.33669
155.1,0.14132
155.2,0.20878
155.3,0.084847
155.4,0.10861
155.5,0.33653
155.6,0.1222
155.7,0.19285
155.8,0.10495
155.9,0.093181
156,0.16148
156.1,0.10102
156.2,0.053028
156.3,0.036281
156.4,0.067342
156.5,0.24263
156.6,0.16472
156.7,0.033091
156.8,0.1224
156.9,0.07952
157,0.12188
157.1,0.04906
157.2,0.16705
157.3,0.030655
157.4,0.07241
157.5,0.17296
157.6,0.11908
157.7,0.14211
157.8,0.067219
157.9,0.10631
158,0.16346
158.1,0.20527
158.2,0.078528
158.3,0.20284
158.4,0.076151
158.5,0.029017
158.6,0.01843
158.7,0.16524
158.8,0.17905
158.9,0.099522
159,0.042049
159.1,0.13499
159.2,0.21056
159.3,0.14969
159.4,0.098581
159.5,0.16063
159.6,0.1344
159.7,0.19312
159.8,0.12166
159.9,0.065948
160,0.1274
160.1,0.13067
160.2,0.10325
160.3,0.13797
160.4,0.029874
160.5,0.1506
160.6,0.22194
160.7,0.15623
160.8,0.051484
160.9,0.2252
161,0.17277
161.1,0.087055
161.2,0.15142
161.3,0.090731
161.4,0.19095
161.5,0.15652
161.6,0.23547
161.7,0.30464
161.8,0.22735
161.9,0.12446
162,0.15155
162.1,0.1684
162.2,0.057571
162.3,0.0057037
162.4,0.15814
162.5,0.028661
162.6,0.18131
162.7,0.11098
162.8,0.17891
162.9,0.099082
163,0.1804
163.1,0.27525
163.2,0.015505
163.3,0.087763
163.4,0.11939
163.5,0.078427
163.6,0.094441
163.7,0.018772
163.8,0.10367
163.9,0.050843
164,0.02028
164.1,0.18426
164.2,0.071817
164.3,0.099373
164.4,0.082123
164.5,0.097605
164.6,0.066135
164.7,0.058275
164.8,0.0977
164.9,0.1035
165,0.18024
165.1,0.026754
165.2,0.20628
165.3,0.11376
165.4,0.24966
165.5,0.25596
165.6,0.090366
165.7,0.20534
165.8,0.19772
165.9,0.059434
166,0.042548
166.1,0.17118
166.2,0.075727
166.3,0.087727
166.4,0.026633
166.5,0.13746
166.6,0.085128
166.7,0.076514
166.8,0.10919
166.9,0.26506
167,0.077448
167.1,0.23181
167.2,0.11322
167.3,0.1261
167.4,0.12162
167.5,0.018725
167.6,0.098628
167.7,0.035876
167.8,0.046073
167.9,0.10651
168,0.042429
168.1,0.099975
168.2,0.13936
168.3,0.2197
168.4,0.17058
168.5,0.14766
168.6,0.16132
168.7,0.23374
168.8,0.1874
168.9,0.061281
169,0.14395
169.1,0.10617
169.2,0.17671
169.3,0.04995
169.4,0.16443
169.5,0.12172
169.6,0.24403
169.7,0.075348
169.8,0.15448
169.9,0.17343
170,0.076953
170.1,0.259
170.2,0.14893
170.3,0.082614
170.4,0.13813
170.5,0.22155
170.6,0.13282
170.7,0.089437
170.8,0.043105
170.9,0.058492
171,0.10435
171.1,0.11837
171.2,0.18216
171.3,0.22335
171.4,0.14818
171.5,0.13675
171.6,0.21752
171.7,0.19728
171.8,0.080815
171.9,0.21089
172,0.055608
172.1,0.20841
172.2,0.08996
172.3,0.21595
172.4,0.14155
172.5,0.069146
172.6,0.24153
172.7,0.16604
172.8,0.092218
172.9,0.10274
173,0.048717
173.1,0.13723
173.2,0.085757
173.3,0.10303
173.4,0.15016
173.5,0.12103
173.6,0.20706
173.7,0.017972
173.8,0.18242
173.9,0.046827
174,0.15972
174.1,0.044651
174.2,0.040486
174.3,0.1853
174.4,0.044954
174.5,0.16398
174.6,0.136
174.7,0.032737
174.8,0.20644
174.9,0.049427
175,0.085546
175.1,0.039078
175.2,0.12103
175.3,0.10513
175.4,0.018734
175.5,0.12207
175.6,0.13997
175.7,0.097636
175.8,0.10557
175.9,0.13468
176,0.28889
176.1,0.048889
176.2,0.068495
176.3,0.036977
176.4,0.10092
176.5,0.17225
176.6,0.14797
176.7,0.045877
176.8,0.14765
176.9,0.24449
177,0.10543
177.1,0.012141
177.2,0.21235
177.3,0.04349
177.4,0.13067
177.5,0.14097
177.6,0.12782
177.7,0.089061
177.8,0.033276
177.9,0.11652
178,0.11662
178.1,0.013756
178.2,0.11873
178.3,0.088219
178.4,0.13219
178.5,0.24796
178.6,0.09009
178.7,0.14566
178.8,0.042741
178.9,0.046405
179,0.25292
179.1,0.16886
179.2,0.07382
179.3,0.041407
179.4,0.055889
179.5,0.14252
179.6,0.097582
179.7,0.12974
179.8,0.034889
179.9,0.11308
180,0.097434
180.1,0.06477
180.2,0.10976
180.3,0.11158
180.4,0.11612
180.5,0.089027
180.6,0.091407
180.7,0.21416
180.8,0.027528
180.9,0.16941
181,0.093954
181.1,0.10202
181.2,0.15419
181.3,0.16848
181.4,0.19074
181.5,0.12202
181.6,0.081153
181.7,0.01643
181.8,0.036873
181.9,0.21099
182,0.094602
182.1,0.14901
182.2,0.086113
182.3,0.15681
182.4,0.022296
182.5,0.13529
182.6,0.055062
182.7,0.058529
182.8,0.23188
182.9,0.17135
183,0.032658
183.1,0.081769
183.2,0.2205
183.3,0.11056
183.4,0.07962
183.5,0.16318
183.6,0.17134
183.7,0.033976
183.8,0.1184
183.9,0.034964
184,0.084966
184.1,0.18946
184.2,0.14694
184.3,0.087481
184.4,0.10111
184.5,0.096296
184.6,0.13612
184.7,0.022732
184.8,0.12628
184.9,0.037177
185,0.074809
185.1,0.08705
185.2,0.023698
185.3,0.16829
185.4,0.094186
185.5,0.20144
185.6,0.14983
185.7,0.077186
185.8,0.13377
185.9,0.093164
186,0.1898
186.1,0.2003
186.2,0.03499
186.3,0.11126
186.4,0.1449
186.5,0.050399
186.6,0.14953
186.7,0.11682
186.8,0.11493
186.9,0.022045
187,0.089999
187.1,0.01143
187.2,0.19887
187.3,0.021759
187.4,0.056437
187.5,0.12111
187.6,0.11234
187.7,0.091008
187.8,0.15555
187.9,0.19051
188,0.035544
188.1,0.092481
188.2,0.14146
188.3,0.1834
188.4,0.11471
188.5,0.054426
188.6,0.13076
188.7,0.12168
188.8,0.016371
188.9,0.035633
189,0.033494
189.1,0.1575
189.2,0.073275
189.3,0.1221
189.4,0.056807
189.5,0.086394
189.6,0.1033
189.7,0.0058527
189.8,0.14322
189.9,0.038645
190,0.14855
190.1,0.15459
190.2,0.24134
190.3,0.13732
190.4,0.21881
190.5,0.054892
190.6,0.21004
190.7,0.10528
190.8,0.064664
190.9,0.10127
191,0.036823
191.1,0.061804
191.2,0.18638
191.3,0.16829
191.4,0.11417
191.5,0.080735
191.6,0.10951
191.7,0.11056
191.8,0.11175
191.9,0.13765
192,0.26324
192.1,0.059553
192.2,0.12347
192.3,0.12881
192.4,0.076785
192.5,0.12889
192.6,0.052436
192.7,0.14243
192.8,0.037721
192.9,0.076787
193,0.17594
193.1,0.12896
193.2,0.072239
193.3,0.051282
193.4,0.09306
193.5,0.061791
193.6,0.088742
193.7,0.13812
193.8,0.054801
193.9,0.2412
194,0.14266
194.1,0.049622
194.2,0.14818
194.3,0.12484
194.4,0.1166
194.5,0.16555
194.6,0.055225
194.7,0.014536
194.8,0.19522
194.9,0.022319
195,0.092361
195.1,0.14177
195.2,0.084484
195.3,0.13475
195.4,0.16063
195.5,0.11796
195.6,0.056617
195.7,0.21911
195.8,0.15452
195.9,0.23366
196,0.041704
196.1,0.13689
196.2,0.085742
196.3,0.098748
196.4,0.092335
196.5,0.06141
196.6,0.15086
196.7,0.10599
196.8,0.21276
196.9,0.15363
197,0.10974
197.1,0.14412
197.2,0.074627
197.3,0.088444
197.4,0.078474
197.5,0.10572
197.6,0.049817
197.7,0.094967
197.8,0.14159
197.9,0.13765
198,0.076987
198.1,0.066178
198.2,0.098296
198.3,0.10216
198.4,0.094244
198.5,0.1131
198.6,0.1752
198.7,0.016233
198.8,0.081129
198.9,0.22628
199,0.063022
199.1,0.099925
199.2,0.042461
199.3,0.057827
199.4,0.09044
199.5,0.055522
199.6,0.18297
199.7,0.036216
199.8,0.0086938
199.9,0.027935
200,0.079055
