0.1,0.002071
0.2,0.0010058
0.3,0.014527
0.4,0.016276
0.5,0.010359
0.6,0.0072398
0.7,0.015479
0.8,0.02515
0.9,0.020891
1,0.018165
1.1,0.014875
1.2,0.014199
1.3,0.0096854
1.4,0.04536
1.5,0.030608
1.6,0.059228
1.7,0.025194
1.8,0.024601
1.9,0.061575
2,0.11152
2.1,0.16054
2.2,0.21293
2.3,0.09848
2.4,0.27755
2.5,0.59951
2.6,0.53538
2.7,0.15881
2.8,0.11299
2.9,0.12095
3,0.11462
3.1,0.14281
3.2,0.10006
3.3,0.17301
3.4,0.070499
3.5,0.03679
3.6,0.094663
3.7,0.09016
3.8,0.072993
3.9,0.050614
4,0.12099
4.1,0.10757
4.2,0.031298
4.3,0.088163
4.4,0.095068
4.5,0.18432
4.6,0.13325
4.7,0.21312
4.8,0.21343
4.9,0.16694
5,0.30509
5.1,0.53224
5.2,0.58492
5.3,0.38138
5.4,0.10942
5.5,0.3118
5.6,0.36055
5.7,0.14349
5.8,0.54397
5.9,0.517
6,0.10557
6.1,0.1089
6.2,0.0092646
6.3,0.42322
6.4,0.4901
6.5,0.42893
6.6,0.28284
6.7,0.13372
6.8,0.0882
6.9,0.32996
7,0.38747
7.1,0.10512
7.2,0.28965
7.3,0.33
7.4,0.36989
7.5,0.44635
7.6,0.50843
7.7,0.39301
7.8,0.4554
7.9,0.50866
8,0.47808
8.1,0.52552
8.2,0.57652
8.3,1
8.4,0.9835
8.5,0.59523
8.6,0.48745
8.7,0.22268
8.8,0.3284
8.9,0.59759
9,0.39519
9.1,0.39769
9.2,0.17832
9.3,0.33852
9.4,0.55463
9.5,0.21808
9.6,0.18064
9.7,0.13411
9.8,0.26484
9.9,0.25943
10,0.28531
10.1,0.10499
10.2,0.14028
10.3,0.1204
10.4,0.49934
10.5,0.55587
10.6,0.38349
10.7,0.51547
10.8,0.58494
10.9,0.39004
11,0.20391
11.1,0.28079
11.2,0.11698
11.3,0.17335
11.4,0.14446
11.5,0.15609
11.6,0.1376
11.7,0.19436
11.8,0.3148
11.9,0.21337
12,0.052538
12.1,0.1093
12.2,0.057272
12.3,0.16022
12.4,0.16093
12.5,0.16759
12.6,0.06398
12.7,0.12415
12.8,0.19758
12.9,0.2284
13,0.21146
13.1,0.18278
13.2,0.12151
13.3,0.33058
13.4,0.083922
13.5,0.2064
13.6,0.26324
13.7,0.21915
13.8,0.19714
13.9,0.24892
14,0.046613
14.1,0.024534
14.2,0.19789
14.3,0.24991
14.4,0.18389
14.5,0.07797
14.6,0.21519
14.7,0.20817
14.8,0.25025
14.9,0.26787
15,0.21412
15.1,0.071325
15.2,0.19677
15.3,0.32015
15.4,0.1514
15.5,0.20566
15.6,0.23867
15.7,0.23011
15.8,0.32272
15.9,0.20315
16,0.33419
16.1,0.21882
16.2,0.21673
16.3,0.14677
16.4,0.18371
16.5,0.04451
16.6,0.18363
16.7,0.11673
16.8,0.053562
16.9,0.14429
17,0.068988
17.1,0.25027
17.2,0.29551
17.3,0.13479
17.4,0.055296
17.5,0.22413
17.6,0.22339
17.7,0.20482
17.8,0.1043
17.9,0.14198
18,0.26713
18.1,0.18359
18.2,0.046232
18.3,0.15773
18.4,0.11981
18.5,0.16257
18.6,0.13438
18.7,0.033901
18.8,0.073694
18.9,0.17718
19,0.27794
19.1,0.20607
19.2,0.24343
19.3,0.13711
19.4,0.10204
19.5,0.060853
19.6,0.034344
19.7,0.13691
19.8,0.28806
19.9,0.34346
20,0.18316
20.1,0.26753
20.2,0.25898
20.3,0.2171
20.4,0.099029
20.5,0.2013
20.6,0.13042
20.7,0.22166
20.8,0.29658
20.9,0.076192
21,0.21052
21.1,0.13054
21.2,0.17714
21.3,0.26204
21.4,0.12328
21.5,0.15907
21.6,0.011621
21.7,0.060753
21.8,0.3061
21.9,0.45099
22,0.0737
22.1,0.20129
22.2,0.28268
22.3,0.16704
22.4,0.23063
22.5,0.32106
22.6,0.15387
22.7,0.16502
22.8,0.28063
22.9,0.086617
23,0.056605
23.1,0.37591
23.2,0.25273
23.3,0.13273
23.4,0.18258
23.5,0.032455
23.6,0.35685
23.7,0.094197
23.8,0.049103
23.9,0.099656
24,0.070708
24.1,0.13564
24.2,0.18472
24.3,0.23586
24.4,0.20336
24.5,0.27178
24.6,0.267
24.7,0.078449
24.8,0.1199
24.9,0.12669
25,0.26539
25.1,0.21121
25.2,0.42304
25.3,0.092272
25.4,0.28182
25.5,0.33631
25.6,0.25971
25.7,0.088262
25.8,0.1481
25.9,0.16085
26,0.15155
26.1,0.12448
26.2,0.32283
26.3,0.057433
26.4,0.2736
26.5,0.054266
26.6,0.21397
26.7,0.15185
26.8,0.056164
26.9,0.13893
27,0.18311
27.1,0.38338
27.2,0.21173
27.3,0.3181
27.4,0.56709
27.5,0.49837
27.6,0.11643
27.7,0.56746
27.8,0.32161
27.9,0.19807
28,0.03138
28.1,0.08197
28.2,0.19717
28.3,0.1718
28.4,0.32765
28.5,0.30008
28.6,0.22317
28.7,0.55249
28.8,0.53314
28.9,0.40385
29,0.26117
29.1,0.22597
29.2,0.23714
29.3,0.20786
29.4,0.2733
29.5,0.24216
29.6,0.076605
29.7,0.41847
29.8,0.27343
29.9,0.32257
30,0.26668
30.1,0.21412
30.2,0.37282
30.3,0.65927
30.4,0.43193
30.5,0.46921
30.6,0.13423
30.7,0.44355
30.8,0.47806
30.9,0.26124
31,0.23787
31.1,0.17039
31.2,0.17472
31.3,0.42261
31.4,0.051485
31.5,0.15
31.6,0.17053
31.7,0.30487
31.8,0.15862
31.9,0.062469
32,0.19705
32.1,0.13155
32.2,0.063888
32.3,0.36655
32.4,0.19342
32.5,0.18443
32.6,0.40393
32.7,0.18259
32.8,0.3768
32.9,0.21298
33,0.27872
33.1,0.30738
33.2,0.033572
33.3,0.12736
33.4,0.11512
33.5,0.17833
33.6,0.65896
33.7,0.10843
33.8,0.20811
33.9,0.27426
34,0.27876
34.1,0.17545
34.2,0.16313
34.3,0.29867
34.4,0.04768
34.5,0.30136
34.6,0.35863
34.7,0.20306
34.8,0.44985
34.9,0.057486
35,0.22481
35.1,0.25262
35.2,0.23691
35.3,0.32426
35.4,0.11358
35.5,0.24296
35.6,0.1196
35.7,0.3892
35.8,0.14903
35.9,0.45624
36,0.41411
36.1,0.065916
36.2,0.090699
36.3,0.21921
36.4,0.21268
36.5,0.24772
36.6,0.13156
36.7,0.038093
36.8,0.10588
36.9,0.20039
37,0.18176
37.1,0.37247
37.2,0.12219
37.3,0.27955
37.4,0.14802
37.5,0.10303
37.6,0.22386
37.7,0.44152
37.8,0.30713
37.9,0.26929
38,0.42155
38.1,0.48305
38.2,0.52792
38.3,0.088744
38.4,0.17364
38.5,0.54941
38.6,0.62667
38.7,0.58601
38.8,0.47416
38.9,0.63777
39,0.23436
39.1,0.40766
39.2,0.36809
39.3,0.48819
39.4,0.067531
39.5,0.43641
39.6,0.18498
39.7,0.29948
39.8,0.40111
39.9,0.36045
40,0.24547
40.1,0.34688
40.2,0.14466
40.3,0.35408
40.4,0.3047
40.5,0.62118
40.6,0.6053
40.7,0.3591
40.8,0.56207
40.9,0.1418
41,0.38917
41.1,0.12424
41.2,0.28317
41.3,0.23861
41.4,0.11092
41.5,0.41116
41.6,0.29638
41.7,0.1196
41.8,0.056043
41.9,0.21493
42,0.3581
42.1,0.058237
42.2,0.31118
42.3,0.31866
42.4,0.20279
42.5,0.28193
42.6,0.16721
42.7,0.16482
42.8,0.43986
42.9,0.43845
43,0.53957
43.1,0.48979
43.2,0.4264
43.3,0.52372
43.4,0.63354
43.5,0.31551
43.6,0.46307
43.7,0.40515
43.8,0.33962
43.9,0.4026
44,0.28458
44.1,0.72148
44.2,0.34459
44.3,0.43337
44.4,0.23398
44.5,0.20425
44.6,0.10078
44.7,0.58192
44.8,0.53179
44.9,0.42274
45,0.30856
45.1,0.17835
45.2,0.29518
45.3,0.32284
45.4,0.38158
45.5,0.11051
45.6,0.25565
45.7,0.1773
45.8,0.35409
45.9,0.19421
46,0.42259
46.1,0.42824
46.2,0.18772
46.3,0.15796
46.4,0.16852
46.5,0.018571
46.6,0.16773
46.7,0.24836
46.8,0.44983
46.9,0.37573
47,0.28962
47.1,0.30874
47.2,0.20325
47.3,0.34963
47.4,0.29788
47.5,0.10518
47.6,0.38617
47.7,0.2797
47.8,0.48873
47.9,0.37695
48,0.33367
48.1,0.26594
48.2,0.24737
48.3,0.25123
48.4,0.10057
48.5,0.27534
48.6,0.62346
48.7,0.20128
48.8,0.1709
48.9,0.51678
49,0.17334
49.1,0.44163
49.2,0.48772
49.3,0.40663
49.4,0.45241
49.5,0.042787
49.6,0.24152
49.7,0.13544
49.8,0.40951
49.9,0.12096
50,0.48299
50.1,0.38661
50.2,0.31117
50.3,0.12988
50.4,0.18148
50.5,0.30156
50.6,0.054089
50.7,0.31195
50.8,0.15952
50.9,0.092011
51,0.22622
51.1,0.29771
51.2,0.44105
51.3,0.29227
51.4,0.16324
51.5,0.42644
51.6,0.19906
51.7,0.50942
51.8,0.061113
51.9,0.3255
52,0.091675
52.1,0.25959
52.2,0.42751
52.3,0.50894
52.4,0.44475
52.5,0.14366
52.6,0.16444
52.7,0.48032
52.8,0.14542
52.9,0.39492
53,0.24632
53.1,0.23202
53.2,0.24667
53.3,0.13081
53.4,0.14788
53.5,0.19763
53.6,0.22721
53.7,0.1634
53.8,0.18399
53.9,0.34861
54,0.41386
54.1,0.088371
54.2,0.33335
54.3,0.29003
54.4,0.23148
54.5,0.4095
54.6,0.21814
54.7,0.77779
54.8,0.30258
54.9,0.04711
55,0.21014
55.1,0.6145
55.2,0.3545
55.3,0.51138
55.4,0.42609
55.5,0.28735
55.6,0.43345
55.7,0.55168
55.8,0.35853
55.9,0.1829
56,0.16638
56.1,0.32854
56.2,0.22942
56.3,0.24847
56.4,0.52107
56.5,0.3409
56.6,0.39025
56.7,0.14577
56.8,0.088436
56.9,0.3019
57,0.50766
57.1,0.254
57.2,0.35611
57.3,0.14909
57.4,0.35279
57.5,0.20189
57.6,0.21925
57.7,0.33091
57.8,0.54062
57.9,0.31428
58,0.31689
58.1,0.50974
58.2,0.10585
58.3,0.30054
58.4,0.27171
58.5,0.53174
58.6,0.2058
58.7,0.24321
58.8,0.24664
58.9,0.59903
59,0.39959
59.1,0.15196
59.2,0.15944
59.3,0.17973
59.4,0.25785
59.5,0.40619
59.6,0.20662
59.7,0.4124
59.8,0.37433
59.9,0.17089
60,0.076061
60.1,0.44117
60.2,0.53755
60.3,0.19509
60.4,0.031005
60.5,0.12448
60.6,0.32063
60.7,0.042279
60.8,0.24611
60.9,0.19865
61,0.1984
61.1,0.50062
61.2,0.49404
61.3,0.44272
61.4,0.43847
61.5,0.11839
61.6,0.32113
61.7,0.3781
61.8,0.6407
61.9,0.31147
62,0.19149
62.1,0.079327
62.2,0.44282
62.3,0.1997
62.4,0.63733
62.5,0.1589
62.6,0.18413
62.7,0.35471
62.8,0.34238
62.9,0.11159
63,0.1882
63.1,0.043699
63.2,0.25756
63.3,0.15601
63.4,0.24422
63.5,0.47632
63.6,0.11626
63.7,0.2407
63.8,0.60608
63.9,0.37877
64,0.21132
64.1,0.13375
64.2,0.66911
64.3,0.29194
64.4,0.33806
64.5,0.12264
64.6,0.3667
64.7,0.43158
64.8,0.58796
64.9,0.082112
65,0.10544
65.1,0.35699
65.2,0.34654
65.3,0.31505
65.4,0.068448
65.5,0.26155
65.6,0.14926
65.7,0.24899
65.8,0.38839
65.9,0.44532
66,0.12616
66.1,0.29053
66.2,0.1138
66.3,0.52857
66.4,0.2686
66.5,0.14094
66.6,0.10354
66.7,0.4277
66.8,0.22324
66.9,0.39703
67,0.25467
67.1,0.25524
67.2,0.22077
67.3,0.25564
67.4,0.24418
67.5,0.42549
67.6,0.22219
67.7,0.28663
67.8,0.54061
67.9,0.58786
68,0.069245
68.1,0.16315
68.2,0.34428
68.3,0.44283
68.4,0.22893
68.5,0.21174
68.6,0.29648
68.7,0.20959
68.8,0.095505
68.9,0.24706
69,0.1237
69.1,0.22701
69.2,0.10619
69.3,0.033799
69.4,0.25167
69.5,0.31354
69.6,0.19554
69.7,0.17873
69.8,0.23442
69.9,0.38155
70,0.17239
70.1,0.26243
70.2,0.29835
70.3,0.1754
70.4,0.43268
70.5,0.33459
70.6,0.47923
70.7,0.4979
70.8,0.21311
70.9,0.22879
71,0.42138
71.1,0.19846
71.2,0.084468
71.3,0.30197
71.4,0.32548
71.5,0.13374
71.6,0.19387
71.7,0.11863
71.8,0.11662
71.9,0.23666
72,0.15816
72.1,0.27426
72.2,0.3284
72.3,0.29592
72.4,0.11083
72.5,0.23496
72.6,0.24539
72.7,0.26217
72.8,0.1808
72.9,0.10908
73,0.074553
73.1,0.11181
73.2,0.62152
73.3,0.4859
73.4,0.075077
73.5,0.31415
73.6,0.081056
73.7,0.38419
73.8,0.36038
73.9,0.15379
74,0.51659
74.1,0.11978
74.2,0.12691
74.3,0.36595
74.4,0.24928
74.5,0.31963
74.6,0.40054
74.7,0.28456
74.8,0.1898
74.9,0.39282
75,0.18725
75.1,0.19911
75.2,0.45466
75.3,0.071312
75.4,0.11379
75.5,0.41089
75.6,0.39837
75.7,0.26871
75.8,0.19211
75.9,0.23968
76,0.2391
76.1,0.29725
76.2,0.29626
76.3,0.15642
76.4,0.14098
76.5,0.13122
76.6,0.25404
76.7,0.085566
76.8,0.15622
76.9,0.29136
77,0.22486
77.1,0.37588
77.2,0.099566
77.3,0.19115
77.4,0.34688
77.5,0.12596
77.6,0.14176
77.7,0.099136
77.8,0.26591
77.9,0.24069
78,0.18087
78.1,0.30494
78.2,0.11207
78.3,0.24842
78.4,0.21604
78.5,0.31371
78.6,0.2972
78.7,0.32837
78.8,0.341
78.9,0.16951
79,0.28526
79.1,0.24391
79.2,0.10504
79.3,0.091906
79.4,0.092557
79.5,0.19057
79.6,0.18986
79.7,0.07484
79.8,0.22216
79.9,0.33589
80,0.10806
80.1,0.12035
80.2,0.070944
80.3,0.064438
80.4,0.096234
80.5,0.26632
80.6,0.039425
80.7,0.10556
80.8,0.14256
80.9,0.22869
81,0.087595
81.1,0.34779
81.2,0.16447
81.3,0.088699
81.4,0.18247
81.5,0.2298
81.6,0.34487
81.7,0.16724
81.8,0.46864
81.9,0.30085
82,0.1912
82.1,0.21457
82.2,0.050722
82.3,0.29375
82.4,0.060397
82.5,0.12535
82.6,0.31669
82.7,0.18517
82.8,0.18641
82.9,0.17969
83,0.016521
83.1,0.25541
83.2,0.17839
83.3,0.043171
83.4,0.52505
83.5,0.29076
83.6,0.20056
83.7,0.070907
83.8,0.22089
83.9,0.23302
84,0.34887
84.1,0.19379
84.2,0.071628
84.3,0.27937
84.4,0.09883
84.5,0.16538
84.6,0.17474
84.7,0.37233
84.8,0.078766
84.9,0.29809
85,0.11921
85.1,0.34328
85.2,0.16963
85.3,0.054624
85.4,0.32111
85.5,0.18047
85.6,0.20726
85.7,0.33429
85.8,0.18139
85.9,0.055028
86,0.045009
86.1,0.23517
86.2,0.14444
86.3,0.1977
86.4,0.054252
86.5,0.27159
86.6,0.24169
86.7,0.21107
86.8,0.20871
86.9,0.087734
87,0.046909
87.1,0.11953
87.2,0.10855
87.3,0.24565
87.4,0.26258
87.5,0.38038
87.6,0.2989
87.7,0.045757
87.8,0.18335
87.9,0.17371
88,0.24626
88.1,0.064497
88.2,0.18797
88.3,0.12644
88.4,0.33993
88.5,0.060657
88.6,0.28868
88.7,0.24654
88.8,0.30136
88.9,0.30449
89,0.1479
89.1,0.04411
89.2,0.14067
89.3,0.42944
89.4,0.050017
89.5,0.24987
89.6,0.17975
89.7,0.13188
89.8,0.2046
89.9,0.16706
90,0.26085
90.1,0.28828
90.2,0.042162
90.3,0.15811
90.4,0.15975
90.5,0.15722
90.6,0.10146
90.7,0.081176
90.8,0.063973
90.9,0.39546
91,0.15918
91.1,0.10459
91.2,0.23239
91.3,0.24214
91.4,0.13777
91.5,0.096145
91.6,0.34607
91.7,0.15233
91.8,0.13627
91.9,0.17245
92,0.13749
92.1,0.23282
92.2,0.14967
92.3,0.11524
92.4,0.033176
92.5,0.082436
92.6,0.05648
92.7,0.22424
92.8,0.074796
92.9,0.29587
93,0.27179
93.1,0.37193
93.2,0.14453
93.3,0.10665
93.4,0.15666
93.5,0.25937
93.6,0.12758
93.7,0.24001
93.8,0.17552
93.9,0.30754
94,0.093305
94.1,0.33455
94.2,0.072999
94.3,0.07464
94.4,0.11929
94.5,0.39068
94.6,0.11247
94.7,0.37623
94.8,0.31445
94.9,0.14538
95,0.51845
95.1,0.15856
95.2,0.23757
95.3,0.1947
95.4,0.092431
95.5,0.28564
95.6,0.033656
95.7,0.25561
95.8,0.19413
95.9,0.32423
96,0.16728
96.1,0.092192
96.2,0.061093
96.3,0.1507
96.4,0.19497
96.5,0.15916
96.6,0.18358
96.7,0.32287
96.8,0.13894
96.9,0.45544
97,0.28359
97.1,0.12344
97.2,0.11907
97.3,0.11927
97.4,0.24986
97.5,0.23471
97.6,0.14696
97.7,0.23056
97.8,0.25083
97.9,0.19056
98,0.069218
98.1,0.19966
98.2,0.2755
98.3,0.11355
98.4,0.19125
98.5,0.048933
98.6,0.081319
98.7,0.1099
98.8,0.41156
98.9,0.18379
99,0.23783
99.1,0.056126
99.2,0.10727
99.3,0.1373
99.4,0.31896
99.5,0.18125
99.6,0.12789
99.7,0.13189
99.8,0.14932
99.9,0.17885
100,0.13518
100.1,0.03863
100.2,0.11871
100.3,0.2232
100.4,0.38624
100.5,0.064564
100.6,0.11556
100.7,0.23466
100.8,0.18201
100.9,0.12822
101,0.22636
101.1,0.092769
101.2,0.14006
101.3,0.16484
101.4,0.18983
101.5,0.27595
101.6,0.23993
101.7,0.17253
101.8,0.24063
101.9,0.23369
102,0.041674
102.1,0.27718
102.2,0.079934
102.3,0.1562
102.4,0.1903
102.5,0.13749
102.6,0.27088
102.7,0.16618
102.8,0.062099
102.9,0.14354
103,0.012359
103.1,0.20172
103.2,0.23001
103.3,0.18934
103.4,0.031895
103.5,0.25764
103.6,0.18075
103.7,0.12435
103.8,0.098028
103.9,0.18292
104,0.22623
104.1,0.1254
104.2,0.080346
104.3,0.051112
104.4,0.12994
104.5,0.035708
104.6,0.15364
104.7,0.19075
104.8,0.20844
104.9,0.21803
105,0.21716
105.1,0.059965
105.2,0.34814
105.3,0.069527
105.4,0.27488
105.5,0.11377
105.6,0.083041
105.7,0.10636
105.8,0.18563
105.9,0.20447
106,0.16234
106.1,0.1778
106.2,0.039877
106.3,0.096645
106.4,0.12126
106.5,0.20052
106.6,0.18977
106.7,0.13929
106.8,0.1292
106.9,0.12074
107,0.34431
107.1,0.25721
107.2,0.21983
107.3,0.10981
107.4,0.056113
107.5,0.21383
107.6,0.20339
107.7,0.066806
107.8,0.12958
107.9,0.27772
108,0.26794
108.1,0.16092
108.2,0.15088
108.3,0.11427
108.4,0.1024
108.5,0.15775
108.6,0.25823
108.7,0.13061
108.8,0.36301
108.9,0.091454
109,0.06857
109.1,0.08018
109.2,0.26979
109.3,0.20682
109.4,0.091074
109.5,0.071081
109.6,0.16945
109.7,0.15622
109.8,0.23651
109.9,0.098962
110,0.23394
110.1,0.28103
110.2,0.058072
110.3,0.22354
110.4,0.18738
110.5,0.099161
110.6,0.080605
110.7,0.19157
110.8,0.1386
110.9,0.21221
111,0.28929
111.1,0.28027
111.2,0.27567
111.3,0.15887
111.4,0.15843
111.5,0.046899
111.6,0.12565
111.7,0.22153
111.8,0.083534
111.9,0.25014
112,0.17548
112.1,0.28251
112.2,0.30493
112.3,0.13136
112.4,0.023483
112.5,0.27265
112.6,0.10947
112.7,0.20021
112.8,0.077916
112.9,0.090821
113,0.10492
113.1,0.14753
113.2,0.096283
113.3,0.086241
113.4,0.31376
113.5,0.18642
113.6,0.062452
113.7,0.10254
113.8,0.11972
113.9,0.16538
114,0.14301
114.1,0.015628
114.2,0.26193
114.3,0.063653
114.4,0.042381
114.5,0.23897
114.6,0.12741
114.7,0.081571
114.8,0.12858
114.9,0.039977
115,0.088897
115.1,0.1154
115.2,0.010152
115.3,0.22494
115.4,0.16293
115.5,0.094458
115.6,0.17432
115.7,0.13426
115.8,0.15471
115.9,0.15619
116,0.26989
116.1,0.21275
116.2,0.10681
116.3,0.28797
116.4,0.14692
116.5,0.126
116.6,0.10888
116.7,0.11048
116.8,0.02387
116.9,0.026397
117,0.1717
117.1,0.079004
117.2,0.065254
117.3,0.096613
117.4,0.16777
117.5,0.15609
117.6,0.204
117.7,0.12251
117.8,0.049238
117.9,0.093913
118,0.1013
118.1,0.09565
118.2,0.11713
118.3,0.10126
118.4,0.11274
118.5,0.28031
118.6,0.21214
118.7,0.17445
118.8,0.23658
118.9,0.12824
119,0.17012
119.1,0.15326
119.2,0.15621
119.3,0.17102
119.4,0.25615
119.5,0.11761
119.6,0.075807
119.7,0.09357
119.8,0.17455
119.9,0.0912
120,0.21748
120.1,0.063409
120.2,0.061317
120.3,0.18409
120.4,0.14792
120.5,0.090401
120.6,0.14278
120.7,0.10247
120.8,0.2361
120.9,0.12467
121,0.095606
121.1,0.23239
121.2,0.1504
121.3,0.18707
121.4,0.24145
121.5,0.058811
121.6,0.060117
121.7,0.11218
121.8,0.12844
121.9,0.085324
122,0.12969
122.1,0.0803
122.2,0.17301
122.3,0.25103
122.4,0.083016
122.5,0.054448
122.6,0.1864
122.7,0.075452
122.8,0.16814
122.9,0.16175
123,0.18753
123.1,0.12568
123.2,0.085675
123.3,0.15964
123.4,0.11884
123.5,0.014118
123.6,0.026894
123.7,0.18812
123.8,0.17126
123.9,0.13687
124,0.041811
124.1,0.18128
124.2,0.11623
124.3,0.082343
124.4,0.040561
124.5,0.10228
124.6,0.18166
124.7,0.22692
124.8,0.12817
124.9,0.025984
125,0.036286
125.1,0.099919
125.2,0.084205
125.3,0.25007
125.4,0.18312
125.5,0.21166
125.6,0.076641
125.7,0.13526
125.8,0.074704
125.9,0.086669
126,0.10038
126.1,0.29284
126.2,0.22195
126.3,0.23107
126.4,0.25883
126.5,0.11827
126.6,0.11421
126.7,0.084443
126.8,0.29036
126.9,0.15263
127,0.097451
127.1,0.17096
127.2,0.19033
127.3,0.12366
127.4,0.089163
127.5,0.16639
127.6,0.068483
127.7,0.052818
127.8,0.11533
127.9,0.089268
128,0.16416
128.1,0.20049
128.2,0.090099
128.3,0.17407
128.4,0.23472
128.5,0.10457
128.6,0.1175
128.7,0.26639
128.8,0.063495
128.9,0.1203
129,0.037317
129.1,0.054665
129.2,0.2631
129.3,0.04257
129.4,0.18719
129.5,0.21683
129.6,0.10797
129.7,0.1523
129.8,0.18647
129.9,0.11132
130,0.19726
130.1,0.075836
130.2,0.17237
130.3,0.18814
130.4,0.052965
130.5,0.18178
130.6,0.18018
130.7,0.12496
130.8,0.051986
130.9,0.12149
131,0.17946
131.1,0.20471
131.2,0.092553
131.3,0.085272
131.4,0.15898
131.5,0.20674
131.6,0.10659
131.7,0.090674
131.8,0.078963
131.9,0.11605
132,0.1854
132.1,0.10974
132.2,0.020466
132.3,0.25799
132.4,0.071023
132.5,0.10445
132.6,0.15756
132.7,0.13259
132.8,0.15972
132.9,0.025658
133,0.18784
133.1,0.13261
133.2,0.13462
133.3,0.21591
133.4,0.094378
133.5,0.096005
133.6,0.065738
133.7,0.0088016
133.8,0.040106
133.9,0.26371
134,0.13942
134.1,0.13922
134.2,0.09291
134.3,0.088499
134.4,0.063403
134.5,0.20054
134.6,0.084252
134.7,0.041761
134.8,0.098659
134.9,0.10321
135,0.12245
135.1,0.17175
135.2,0.23298
135.3,0.17081
135.4,0.20872
135.5,0.020545
135.6,0.12547
135.7,0.12822
135.8,0.059508
135.9,0.12695
136,0.11038
136.1,0.12428
136.2,0.11244
136.3,0.15002
136.4,0.099183
136.5,0.19559
136.6,0.26031
136.7,0.11172
136.8,0.12727
136.9,0.11615
137,0.024808
137.1,0.15172
137.2,0.15347
137.3,0.19967
137.4,0.11606
137.5,0.078024
137.6,0.045114
137.7,0.058314
137.8,0.050145
137.9,0.070513
138,0.055363
138.1,0.12088
138.2,0.08461
138.3,0.091191
138.4,0.047884
138.5,0.025673
138.6,0.060005
138.7,0.10642
138.8,0.21698
138.9,0.077582
139,0.23623
139.1,0.11338
139.2,0.17418
139.3,0.038573
139.4,0.2082
139.5,0.14008
139.6,0.17625
139.7,0.11875
139.8,0.036138
139.9,0.22574
140,0.13948
140.1,0.10523
140.2,0.1577
140.3,0.23586
140.4,0.11587
140.5,0.050803
140.6,0.17283
140.7,0.3194
140.8,0.17438
140.9,0.073864
141,0.09334
141.1,0.19968
141.2,0.073191
141.3,0.11073
141.4,0.091788
141.5,0.11823
141.6,0.22782
141.7,0.070795
141.8,0.060856
141.9,0.11991
142,0.078727
142.1,0.058418
142.2,0.051475
142.3,0.15479
142.4,0.097682
142.5,0.13191
142.6,0.13553
142.7,0.14661
142.8,0.13891
142.9,0.070316
143,0.096083
143.1,0.23433
143.2,0.042929
143.3,0.21952
143.4,0.096331
143.5,0.01734
143.6,0.061363
143.7,0.051077
143.8,0.088209
143.9,0.12093
144,0.13766
144.1,0.056071
144.2,0.26154
144.3,0.22082
144.4,0.049072
144.5,0.10433
144.6,0.1535
144.7,0.091611
144.8,0.1363
144.9,0.082436
145,0.12054
145.1,0.17786
145.2,0.13796
145.3,0.047869
145.4,0.16292
145.5,0.083307
145.6,0.20449
145.7,0.044018
145.8,0.0060231
145.9,0.20513
146,0.15777
146.1,0.17927
146.2,0.14678
146.3,0.043378
146.4,0.073487
146.5,0.10778
146.6,0.094745
146.7,0.15077
146.8,0.080831
146.9,0.12461
147,0.1342
147.1,0.024328
147.2,0.017777
147.3,0.033357
147.4,0.017553
147.5,0.15136
147.6,0.057692
147.7,0.15742
147.8,0.07598
147.9,0.071075
148,0.12489
148.1,0.11591
148.2,0.077618
148.3,0.035769
148.4,0.086603
148.5,0.047602
148.6,0.12042
148.7,0.13958
148.8,0.063575
148.9,0.13977
149,0.1035
149.1,0.086772
149.2,0.10661
149.3,0.064196
149.4,0.024405
149.5,0.055901
149.6,0.09186
149.7,0.10557
149.8,0.10777
149.9,0.14501
150,0.053103
150.1,0.057908
150.2,0.048968
150.3,0.092177
150.4,0.076103
150.5,0.12832
150.6,0.024035
150.7,0.078233
150.8,0.082131
150.9,0.022764
151,0.15028
151.1,0.0951
151.2,0.091455
151.3,0.1059
151.4,0.13349
151.5,0.036589
151.6,0.032173
151.7,0.081611
151.8,0.098023
151.9,0.056762
152,0.086811
152.1,0.0355
152.2,0.069992
152.3,0.034328
152.4,0.074338
152.5,0.0092863
152.6,0.083231
152.7,0.20713
152.8,0.022511
152.9,0.068614
153,0.071968
153.1,0.058397
153.2,0.11548
153.3,0.054952
153.4,0.10196
153.5,0.12664
153.6,0.16387
153.7,0.015469
153.8,0.047776
153.9,0.07783
154,0.12126
154.1,0.10287
154.2,0.094041
154.3,0.077143
154.4,0.040162
154.5,0.11354
154.6,0.072806
154.7,0.12269
154.8,0.11987
154.9,0.076871
155,0.1106
155.1,0.05812
155.2,0.029381
155.3,0.08603
155.4,0.16721
155.5,0.054422
155.6,0.036377
155.7,0.11915
155.8,0.086424
155.9,0.068444
156,0.16716
156.1,0.043555
156.2,0.16125
156.3,0.14911
156.4,0.14337
156.5,0.090177
156.6,0.05022
156.7,0.077832
156.8,0.039094
156.9,0.057504
157,0.064073
157.1,0.039914
157.2,0.043159
157.3,0.1714
157.4,0.14288
157.5,0.062649
157.6,0.10642
157.7,0.075961
157.8,0.073273
157.9,0.061578
158,0.06344
158.1,0.053271
158.2,0.025974
158.3,0.087371
158.4,0.056292
158.5,0.062535
158.6,0.10838
158.7,0.043756
158.8,0.10938
158.9,0.14011
159,0.07238
159.1,0.11173
159.2,0.16883
159.3,0.054094
159.4,0.036445
159.5,0.024586
159.6,0.12101
159.7,0.084299
159.8,0.10325
159.9,0.065268
160,0.088875
160.1,0.089817
160.2,0.0030781
160.3,0.085735
160.4,0.10971
160.5,0.024219
160.6,0.20939
160.7,0.081547
160.8,0.061851
160.9,0.15718
161,0.084097
161.1,0.066809
161.2,0.19988
161.3,0.14106
161.4,0.063194
161.5,0.0644
161.6,0.045094
161.7,0.092036
161.8,0.045895
161.9,0.035274
162,0.080864
162.1,0.144
162.2,0.15021
162.3,0.11302
162.4,0.16082
162.5,0.028089
162.6,0.1333
162.7,0.034762
162.8,0.082103
162.9,0.017817
163,0.025683
163.1,0.20631
163.2,0.029466
163.3,0.0049566
163.4,0.11684
163.5,0.060662
163.6,0.076991
163.7,0.092175
163.8,0.086077
163.9,0.094492
164,0.10365
164.1,0.15114
164.2,0.057369
164.3,0.041011
164.4,0.11543
164.5,0.076043
164.6,0.027941
164.7,0.013541
164.8,0.084365
164.9,0.056131
165,0.076804
165.1,0.057504
165.2,0.062331
165.3,0.078078
165.4,0.061084
165.5,0.0747
165.6,0.058827
165.7,0.10387
165.8,0.075046
165.9,0.036193
166,0.092295
166.1,0.061242
166.2,0.011391
166.3,0.045273
166.4,0.064118
166.5,0.034289
166.6,0.045827
166.7,0.049226
166.8,0.050657
166.9,0.026865
167,0.029863
167.1,0.098488
167.2,0.07167
167.3,0.041225
167.4,0.12846
167.5,0.095474
167.6,0.076371
167.7,0.065816
167.8,0.16624
167.9,0.069622
168,0.12904
168.1,0.038475
168.2,0.090677
168.3,0.098432
168.4,0.12324
168.5,0.0021836
168.6,0.048588
168.7,0.045902
168.8,0.059446
168.9,0.0075753
169,0.039273
169.1,0.069614
169.2,0.085131
169.3,0.057034
169.4,0.01128
169.5,0.053753
169.6,0.094686
169.7,0.1145
169.8,0.042884
169.9,0.038005
170,0.063683
170.1,0.046273
170.2,0.005452
170.3,0.011252
170.4,0.038633
170.5,0.083305
170.6,0.067996
170.7,0.053389
170.8,0.037235
170.9,0.13202
171,0.083281
171.1,0.050474
171.2,0.050762
171.3,0.05594
171.4,0.040447
171.5,0.038118
171.6,0.13617
171.7,0.086388
171.8,0.052125
171.9,0.051371
172,0.12068
172.1,0.025753
172.2,0.124
172.3,0.090275
172.4,0.061681
172.5,0.075125
172.6,0.14265
172.7,0.051714
172.8,0.059947
172.9,0.089448
173,0.09269
173.1,0.11807
173.2,0.075066
173.3,0.079717
173.4,0.057177
173.5,0.012493
173.6,0.057027
173.7,0.093272
173.8,0.053157
173.9,0.082352
174,0.14202
174.1,0.051849
174.2,0.073717
174.3,0.12965
174.4,0.063942
174.5,0.069398
174.6,0.089352
174.7,0.023577
174.8,0.072208
174.9,0.097498
175,0.01424
175.1,0.11618
175.2,0.087117
175.3,0.1153
175.4,0.041736
175.5,0.074872
175.6,0.079062
175.7,0.075079
175.8,0.035875
175.9,0.039174
176,0.01422
176.1,0.093023
176.2,0.033747
176.3,0.078373
176.4,0.066968
176.5,0.11153
176.6,0.15297
176.7,0.070648
176.8,0.12004
176.9,0.045029
177,0.075306
177.1,0.046955
177.2,0.016353
177.3,0.041225
177.4,0.024981
177.5,0.053579
177.6,0.062802
177.7,0.097035
177.8,0.080894
177.9,0.024196
178,0.0098004
178.1,0.10328
178.2,0.056966
178.3,0.09352
178.4,0.071177
178.5,0.069678
178.6,0.087955
178.7,0.088111
178.8,0.096684
178.9,0.073757
179,0.096106
179.1,0.11309
179.2,0.035176
179.3,0.052054
179.4,0.11742
179.5,0.064624
179.6,0.045585
179.7,0.082271
179.8,0.10013
179.9,0.032094
180,0.082791
180.1,0.081348
180.2,0.0099438
180.3,0.053907
180.4,0.050675
180.5,0.091996
180.6,0.12342
180.7,0.058005
180.8,0.017605
180.9,0.039256
181,0.027834
181.1,0.10142
181.2,0.034543
181.3,0.054977
181.4,0.073967
181.5,0.051553
181.6,0.069518
181.7,0.042651
181.8,0.093965
181.9,0.12648
182,0.04364
182.1,0.054325
182.2,0.039391
182.3,0.058028
182.4,0.022967
182.5,0.10463
182.6,0.031654
182.7,0.037464
182.8,0.064111
182.9,0.016292
183,0.071283
183.1,0.041418
183.2,0.026741
183.3,0.018113
183.4,0.027915
183.5,0.13876
183.6,0.10057
183.7,0.083596
183.8,0.049155
183.9,0.079778
184,0.047418
184.1,0.051076
184.2,0.07116
184.3,0.045384
184.4,0.089864
184.5,0.043931
184.6,0.038685
184.7,0.089197
184.8,0.054933
184.9,0.014245
185,0.071148
185.1,0.035958
185.2,0.06342
185.3,0.02528
185.4,0.070131
185.5,0.025726
185.6,0.075821
185.7,0.074042
185.8,0.047776
185.9,0.071293
186,0.088408
186.1,0.084075
186.2,0.020814
186.3,0.093706
186.4,0.16067
186.5,0.044132
186.6,0.070812
186.7,0.018042
186.8,0.070076
186.9,0.030153
187,0.066164
187.1,0.087979
187.2,0.070935
187.3,0.092513
187.4,0.037993
187.5,0.037826
187.6,0.033635
187.7,0.021181
187.8,0.076421
187.9,0.050592
188,0.060835
188.1,0.025501
188.2,0.077497
188.3,0.044368
188.4,0.07346
188.5,0.063113
188.6,0.031828
188.7,0.017942
188.8,0.037914
188.9,0.064846
189,0.044841
189.1,0.030696
189.2,0.044417
189.3,0.06984
189.4,0.065941
189.5,0.057044
189.6,0.074608
189.7,0.03905
189.8,0.049046
189.9,0.067991
190,0.053337
190.1,0.061122
190.2,0.022705
190.3,0.044477
190.4,0.0024885
190.5,0.034031
190.6,0.036809
190.7,0.073915
190.8,0.081615
190.9,0.031033
191,0.02995
191.1,0.031583
191.2,0.052839
191.3,0.029945
191.4,0.071762
191.5,0.043186
191.6,0.046054
191.7,0.062123
191.8,0.089037
191.9,0.05107
192,0.1018
192.1,0.065473
192.2,0.054041
192.3,0.077982
192.4,0.084219
192.5,0.021841
192.6,0.083534
192.7,0.047394
192.8,0.03209
192.9,0.074709
193,0.023375
193.1,0.081294
193.2,0.057615
193.3,0.028324
193.4,0.069502
193.5,0.02679
193.6,0.090296
193.7,0.025854
193.8,0.046186
193.9,0.11424
194,0.05615
194.1,0.048372
194.2,0.094417
194.3,0.048334
194.4,0.075904
194.5,0.10144
194.6,0.072053
194.7,0.035039
194.8,0.035813
194.9,0.029841
195,0.044398
195.1,0.10581
195.2,0.078764
195.3,0.038907
195.4,0.045479
195.5,0.045884
195.6,0.026233
195.7,0.037118
195.8,0.085026
195.9,0.095285
196,0.07483
196.1,0.11926
196.2,0.047742
196.3,0.11431
196.4,0.037605
196.5,0.089295
196.6,0.013401
196.7,0.11284
196.8,0.040121
196.9,0.068904
197,0.068898
197.1,0.090485
197.2,0.057595
197.3,0.024726
197.4,0.062193
197.5,0.077004
197.6,0.071278
197.7,0.047633
197.8,0.099674
197.9,0.02857
198,0.093129
198.1,0.023377
198.2,0.044037
198.3,0.023401
198.4,0.057921
198.5,0.039362
198.6,0.03274
198.7,0.039761
198.8,0.020818
198.9,0.024632
199,0.031671
199.1,0.042146
199.2,0.044279
199.3,0.030933
199.4,0.13092
199.5,0.038881
199.6,0.02908
199.7,0.092987
199.8,0.083565
199.9,0.021377
200,0.046424
