17,0.001529,0.0039571,0.0056737,0.0021729,0.0024592,0.0021525,0.0079734,0.0030242,0.0057612,0.001619,0.0015813,0.0011963,0.002531,0.004997,0.0024857,0.0025976,0.0020532,0.0023827,0.0023964,0.0019001,0.0031613,0.0028142,0.0030019,0.0064951,0.0052679,0.0025197,0.0010716,0.00030889,0.00046896,0.00085493,0.00073891,0.0052839,0.0024019,0.0057783,0.0018648,0.0012562,0.0046833,0.008067,0.0023001,0.00087452,0.0017626,0.00070689,0.00090424,0.0012976,0.00033823,0.0039902,0.0029015,0.0013999,0.0021492,0.0042222,0.0069545,0.0036317,0.0039451,0.0018804,0.0016402,0.0023923,0.0025449,0.0021931,0.0051171,0.014887,0.0090651,0.0035053,0.003179,0.0077061,0.0068167,0.012174,0.0060467,0.0021516,0.0014774,0.0015554,0.0048334,0.0070326,0.0010866,0.003113,0.0017432,0.0038029,0.0060302,0.0015011,0.001045,0.0008292,0.0035389,0.0016319,0.0015799,0.0018192,0.0066683,0.0028569,0.0050165,0.0034349,0.0039955,0.0058198,0.0095647,0.016797,0.009895,0.0070645,0.0063022,0.0025316,0.0010199,0.010283,0.0019297,0.0084157,0.0023596,0.0031541,0.0064672,0.00032993,0.0029414,0.00097588,0.0038193,0.00086002,0.0030406,0.0058856,0.0025742,0.0016721,0.0017397,0.00061972,0.0031615,0.0018996,0.0034452,0.00095832,0.0024483,0.00071265,0.0026229,0.0029624,0.0016713,0.0045886,0.0034103,0.0056236,0.0067552,0.0082921,0.0014942,0.0011613,0.003261,0.0038501,0.0039183,0.001506,0.00077717,0.00099234,0.0022998,0.012012,0.012622,0.003714,0.0025211,0.0022704,0.0044754,0.00083501,0.0024207,0.0013106,0.0043861,0.0096537,0.0046669,0.010954,0.0059413,0.0045178,0.003823,0.0014911,0.0014594,0.0018215,0.0020637,0.0045196,0.0052107,0.0043474,0.0020002,0.0019322,0.0037024,0.0027448,0.0066233,0.008878,0.00093371,0.0034374,0.0031145,0.011984,0.0046649,0.0053903,0.0027334,0.0027987,0.0032213,0.002734,0.0010796,0.00030809,0.0012562,0.0007935,0.0021613,0.0049583,0.0011399,0.0014593,0.0015222,0.0024966,0.001507,0.0042205,0.00097791,0.0039081,0.0025876,0.0015744,0.0035852,0.0023476,0.0018211,0.0027107,0.0044637,0.0081324,0.0036244,0.0021154,0.0022546,0.0036092,0.0046466,0.0020922,0.0043496,0.0022336,0.001033,0.0039389,0.0041813,0.0024309,0.00067461,0.0030183,0.0012227,0.00028535,0.0038688,0.0022124,0.0040732,0.0027549,0.0020667,0.0025496,0.0010074,0.0030985,0.0015777,0.0016999,0.00050549,0.0025129,0.00042569,0.0021917,0.00159,0.0017172,0.0036839,0.0025236,0.0022127,0.0018954,0.0020495,0.0028368,0.013148,0.0011845,0.0032003,0.0039674,0.0027424,0.0014214,0.00066143,0.0023921,0.010419,0.0093954,0.011515,0.0084282,0.011885,0.014358,0.021173,0.01652,0.014775,0.021952,0.0069815,0.01684,0.020256,0.018113,0.012793,0.019283,0.020931,0.021919,0.0078829,0.0085182,0.010208,0.0085999,0.01256,0.0061664,0.0070747,0.012472,0.013365,0.0064834,0.012426,0.011838,0.0095282,0.010831,0.0099953,0.00755,0.011619,0.013098,0.01228,0.011248,0.0044638,0.011019,0.013594,0.012637,0.0073023,0.0060569,0.011068,0.011484,0.0111,0.013061,0.013922,0.0088198,0.01116,0.013328,0.013641,0.011595,0.013198,0.0095519,0.016059,0.015606,0.011463,0.014954,0.0083639,0.018159,0.019246,0.017758,0.012366,0.016765,0.013015,0.011048,0.014772,0.0082186,0.0094657,0.014973,0.013279,0.010441,0.0088309,0.0040527,0.010258,0.0095866,0.0094891,0.017126,0.011726,0.012578,0.014843,0.013669,0.016958,0.01005,0.011518,0.018249,0.014658,0.012593,0.011575,0.0075187,0.013233,0.011178,0.012622,0.012109,0.012459,0.016472,0.018384,0.010993,0.013271,0.019651,0.012301,0.0099374,0.0084106,0.010391,0.01093,0.012321,0.014892,0.011485,0.016241,0.017833,0.0067529,0.018785,0.017232,0.0060109
34,0.018256,0.054221,0.045225,0.031969,0.046838,0.03848,0.043786,0.037898,0.030881,0.021844,0.036948,0.011988,0.027156,0.057887,0.052499,0.029926,0.040907,0.017157,0.023171,0.027067,0.031736,0.043403,0.03657,0.049504,0.033963,0.005811,0.0064116,0.0038534,0.0043596,0.0068562,0.0087022,0.021818,0.033978,0.061037,0.058822,0.024994,0.036831,0.047101,0.016847,0.015045,0.016649,0.0058585,0.0094162,0.015333,0.0052904,0.012346,0.01689,0.018078,0.012552,0.032059,0.031141,0.029292,0.033009,0.028774,0.022504,0.034606,0.039619,0.019238,0.037,0.083092,0.067626,0.0342,0.044979,0.034294,0.039023,0.020104,0.038488,0.012045,0.015794,0.01479,0.021883,0.052241,0.019491,0.031598,0.025495,0.026154,0.010188,0.021551,0.01299,0.015281,0.018543,0.023,0.025015,0.042614,0.042699,0.038489,0.025496,0.0098759,0.034413,0.039629,0.028058,0.035722,0.043619,0.038403,0.037226,0.030331,0.023326,0.042974,0.0059078,0.059723,0.043606,0.03827,0.031208,0.006351,0.019637,0.019126,0.018551,0.0073335,0.019728,0.015486,0.005984,0.015095,0.011542,0.011822,0.014354,0.0055624,0.0094947,0.0060798,0.011694,0.013389,0.017836,0.016465,0.026311,0.042242,0.044042,0.029808,0.025646,0.04559,0.011568,0.019221,0.051943,0.037659,0.021203,0.025072,0.012705,0.018426,0.047807,0.049229,0.045741,0.038961,0.047601,0.039867,0.036621,0.013358,0.031578,0.023841,0.012814,0.026696,0.054018,0.057343,0.031095,0.047059,0.031861,0.016369,0.030397,0.024156,0.028443,0.039954,0.044732,0.030981,0.033005,0.030994,0.033926,0.027138,0.038581,0.043951,0.007716,0.022642,0.035817,0.080617,0.056612,0.041286,0.049843,0.028851,0.044775,0.032767,0.012153,0.0036866,0.019491,0.013881,0.020468,0.070496,0.020721,0.035857,0.029041,0.027072,0.016972,0.014116,0.0058126,0.016678,0.018083,0.022749,0.026959,0.03687,0.034607,0.02618,0.027908,0.034683,0.043812,0.0067869,0.020708,0.030794,0.043384,0.026675,0.03676,0.030872,0.025152,0.036739,0.049614,0.041666,0.010478,0.044979,0.018425,0.0064745,0.022442,0.015639,0.017284,0.011314,0.020161,0.017825,0.011305,0.022719,0.011874,0.0096052,0.0047998,0.0073217,0.0064435,0.017235,0.015417,0.02339,0.023416,0.050985,0.054049,0.028084,0.036373,0.02699,0.05672,0.0087444,0.021619,0.046209,0.031201,0.023409,0.013261,0.039786,0.078617,0.080676,0.086129,0.070172,0.092966,0.10096,0.21167,0.15152,0.12682,0.19817,0.08878,0.17741,0.18495,0.17114,0.12542,0.18452,0.19701,0.24607,0.094423,0.12003,0.11484,0.091836,0.13517,0.053479,0.069482,0.13278,0.12439,0.058185,0.10276,0.11416,0.073589,0.092751,0.094363,0.082698,0.12894,0.12809,0.1149,0.099343,0.034032,0.11621,0.10704,0.081356,0.063059,0.046642,0.091742,0.11449,0.098705,0.14413,0.13055,0.093778,0.090518,0.10955,0.11487,0.09786,0.1115,0.075467,0.16014,0.13896,0.10299,0.14529,0.09971,0.18549,0.20251,0.13716,0.11624,0.12457,0.10972,0.11501,0.13382,0.088329,0.092069,0.13724,0.13156,0.070173,0.084105,0.042642,0.12112,0.11222,0.094092,0.17682,0.14727,0.12898,0.13333,0.12117,0.17605,0.095398,0.13917,0.21322,0.17985,0.15074,0.13536,0.064443,0.11172,0.14079,0.1378,0.12366,0.12386,0.16172,0.17128,0.12408,0.16349,0.19105,0.13445,0.085429,0.10261,0.1196,0.11629,0.136,0.13722,0.12479,0.16154,0.15133,0.065597,0.17289,0.1565,0.065055
51,0.08823,0.21785,0.2585,0.15288,0.17099,0.14394,0.18644,0.14387,0.13391,0.11165,0.11148,0.056998,0.15468,0.2694,0.16377,0.10506,0.14426,0.076214,0.11849,0.12677,0.15884,0.17872,0.18337,0.25234,0.1442,0.026969,0.045735,0.024898,0.02063,0.036322,0.034418,0.067143,0.11371,0.12382,0.16859,0.075608,0.15468,0.13905,0.047828,0.060058,0.078923,0.029832,0.0423,0.046698,0.02473,0.045957,0.061942,0.075845,0.068033,0.14735,0.14463,0.12027,0.16406,0.12415,0.092436,0.1658,0.14263,0.092799,0.14178,0.27263,0.24689,0.1132,0.16178,0.12027,0.15405,0.07628,0.15321,0.054864,0.054759,0.049276,0.10385,0.27509,0.087967,0.13856,0.091919,0.11369,0.035069,0.10941,0.066508,0.063026,0.073792,0.097017,0.11676,0.17698,0.19774,0.17725,0.085819,0.047095,0.15067,0.20208,0.1945,0.24289,0.33151,0.18471,0.12566,0.1139,0.11069,0.15036,0.022996,0.27436,0.19898,0.18692,0.16199,0.027502,0.15125,0.11135,0.10294,0.031064,0.07617,0.057325,0.031184,0.095935,0.082801,0.058294,0.066368,0.021012,0.033924,0.025983,0.033094,0.04052,0.066752,0.058505,0.076457,0.18426,0.21008,0.18049,0.098381,0.16582,0.036679,0.095953,0.25678,0.1353,0.085183,0.093168,0.050496,0.084059,0.20051,0.2669,0.20281,0.14076,0.173,0.16843,0.14713,0.076639,0.13254,0.11336,0.050973,0.12665,0.27579,0.17632,0.10981,0.14832,0.13778,0.076751,0.13805,0.11646,0.13285,0.19206,0.24708,0.13608,0.15804,0.1363,0.16684,0.1331,0.1661,0.16409,0.061391,0.10366,0.13558,0.27021,0.20304,0.13865,0.1951,0.1001,0.17903,0.13999,0.055526,0.022514,0.065166,0.047797,0.10002,0.35708,0.10183,0.13629,0.11535,0.1206,0.090408,0.059939,0.024956,0.071314,0.075585,0.091254,0.12976,0.14551,0.18464,0.10896,0.094823,0.14582,0.24072,0.03231,0.18217,0.30295,0.33593,0.10286,0.12585,0.11876,0.11214,0.1598,0.22403,0.19766,0.038961,0.23441,0.090386,0.028268,0.15165,0.10885,0.078087,0.045723,0.079088,0.11729,0.081511,0.075635,0.058454,0.038588,0.019548,0.02907,0.024071,0.051689,0.050437,0.079446,0.071607,0.21464,0.11266,0.18357,0.17697,0.097134,0.18161,0.028058,0.10472,0.21768,0.11889,0.085324,0.057766,0.12506,0.20652,0.17202,0.18617,0.13194,0.1282,0.17265,0.36336,0.25227,0.21977,0.37636,0.19857,0.34487,0.29266,0.32594,0.28773,0.37303,0.32564,0.34322,0.15844,0.19819,0.27276,0.20148,0.30732,0.1736,0.15654,0.24732,0.28334,0.13985,0.24657,0.30469,0.18205,0.20089,0.25825,0.19311,0.30237,0.28955,0.27321,0.30992,0.087798,0.2652,0.24668,0.19002,0.13097,0.15159,0.31777,0.25421,0.26419,0.32733,0.31492,0.24634,0.30317,0.25026,0.27375,0.2816,0.2128,0.14937,0.32668,0.29475,0.25759,0.38453,0.22254,0.33098,0.32673,0.26405,0.30061,0.37649,0.2632,0.21491,0.20024,0.15723,0.19346,0.28472,0.2527,0.14964,0.19911,0.074719,0.18511,0.16741,0.1924,0.30866,0.2551,0.20791,0.31791,0.26166,0.3117,0.23494,0.2988,0.38376,0.29289,0.28303,0.26474,0.1918,0.30903,0.2264,0.30415,0.24047,0.21149,0.22513,0.24782,0.20159,0.26081,0.30908,0.28904,0.21944,0.19509,0.23227,0.23412,0.27558,0.23461,0.22851,0.30119,0.28896,0.11559,0.35886,0.31168,0.15995
68,0.16274,0.28897,0.41588,0.22672,0.24179,0.28592,0.30656,0.2626,0.27488,0.18971,0.16853,0.19589,0.25533,0.31584,0.32863,0.29298,0.32808,0.20943,0.22647,0.20973,0.31499,0.29606,0.29746,0.35374,0.28725,0.041972,0.053846,0.041137,0.023954,0.049604,0.062617,0.12042,0.19222,0.16221,0.22667,0.1045,0.2637,0.24598,0.086771,0.098665,0.10589,0.045308,0.075997,0.088274,0.040164,0.089142,0.12682,0.18149,0.11274,0.36688,0.34385,0.24097,0.21682,0.22102,0.14673,0.32968,0.2893,0.14669,0.21677,0.2656,0.33842,0.20924,0.23515,0.20368,0.25501,0.10455,0.27303,0.089773,0.09663,0.11157,0.16528,0.20369,0.12851,0.2049,0.2055,0.23943,0.054536,0.21046,0.14109,0.13482,0.16487,0.25317,0.23969,0.37343,0.34292,0.32876,0.15858,0.074921,0.26205,0.26409,0.32667,0.24861,0.29486,0.27147,0.27391,0.26649,0.14674,0.29789,0.039194,0.37402,0.2934,0.20231,0.17562,0.048162,0.16735,0.1479,0.10366,0.048826,0.11629,0.10917,0.044646,0.19121,0.085014,0.10039,0.084099,0.033832,0.057615,0.04265,0.066171,0.095044,0.13467,0.12668,0.25848,0.29239,0.35345,0.2457,0.16036,0.27945,0.070085,0.16895,0.31781,0.24975,0.20373,0.21879,0.17935,0.1673,0.27906,0.40572,0.309,0.20429,0.32814,0.28611,0.25098,0.12242,0.27451,0.17278,0.15883,0.28036,0.32413,0.32892,0.2941,0.35237,0.33989,0.1846,0.37585,0.17678,0.27398,0.32336,0.319,0.26487,0.35535,0.24237,0.22783,0.25304,0.34428,0.30342,0.073389,0.16784,0.20869,0.25537,0.30411,0.24854,0.28274,0.18785,0.28422,0.25927,0.088755,0.036226,0.10652,0.12495,0.12295,0.28971,0.1499,0.22497,0.2367,0.24705,0.17355,0.13957,0.029639,0.13693,0.17428,0.24566,0.24832,0.31175,0.30133,0.21907,0.19203,0.24075,0.27744,0.047531,0.30028,0.3078,0.29465,0.18785,0.27441,0.27012,0.14517,0.31269,0.31787,0.2496,0.073358,0.25408,0.11071,0.046731,0.16369,0.13926,0.079608,0.074486,0.14635,0.22028,0.091652,0.12441,0.082953,0.05939,0.03385,0.045399,0.041289,0.10313,0.11737,0.20547,0.20951,0.34905,0.14523,0.21913,0.31012,0.17163,0.3515,0.056095,0.18814,0.27939,0.21347,0.22119,0.18134,0.17281,0.12727,0.12813,0.18855,0.098143,0.10618,0.1391,0.29368,0.28998,0.35455,0.35662,0.1638,0.26891,0.26143,0.30525,0.21963,0.25236,0.29405,0.25984,0.10069,0.13155,0.17878,0.1089,0.23485,0.15573,0.093936,0.18602,0.29816,0.14706,0.31057,0.18563,0.13369,0.16602,0.13762,0.12515,0.18333,0.18646,0.20363,0.17987,0.093222,0.21492,0.23086,0.23985,0.22026,0.1633,0.21865,0.30298,0.25596,0.26559,0.22921,0.15975,0.18395,0.17005,0.22372,0.16034,0.21,0.17072,0.32345,0.24351,0.21002,0.31502,0.12576,0.2183,0.23026,0.24668,0.21074,0.24656,0.17648,0.13287,0.18095,0.13318,0.14699,0.20818,0.22512,0.14772,0.11927,0.052346,0.14323,0.13055,0.13634,0.21581,0.16783,0.15542,0.22566,0.20371,0.31123,0.16852,0.23215,0.24983,0.1994,0.1801,0.26827,0.16841,0.18419,0.14992,0.27813,0.16083,0.15746,0.19529,0.19803,0.13869,0.17456,0.27365,0.26348,0.17835,0.16693,0.16101,0.17661,0.1907,0.18903,0.15972,0.27968,0.28109,0.15731,0.32617,0.38749,0.18736
85,0.19193,0.31007,0.24506,0.21333,0.26252,0.23536,0.28639,0.31153,0.22323,0.12917,0.13381,0.065674,0.15988,0.37515,0.29967,0.19128,0.28675,0.17385,0.21922,0.18885,0.22704,0.1822,0.31225,0.34372,0.39575,0.032309,0.046408,0.027523,0.026076,0.053597,0.064788,0.11727,0.20113,0.15286,0.16623,0.09374,0.16406,0.20518,0.090134,0.091613,0.1519,0.060251,0.08514,0.086254,0.0477,0.10409,0.22431,0.27193,0.1588,0.30158,0.2636,0.26695,0.19154,0.19511,0.14252,0.29735,0.28449,0.14358,0.208,0.22042,0.29794,0.2005,0.21279,0.18262,0.20726,0.14984,0.20432,0.067192,0.072234,0.076646,0.12393,0.18184,0.10644,0.17712,0.19165,0.20874,0.069568,0.19371,0.14632,0.14389,0.16712,0.19463,0.24471,0.33689,0.35261,0.26504,0.13651,0.09091,0.25711,0.20874,0.12192,0.14506,0.27893,0.28396,0.20147,0.23208,0.17405,0.18928,0.047427,0.20575,0.18652,0.13326,0.12326,0.030862,0.10376,0.089673,0.092241,0.042374,0.12307,0.13089,0.033942,0.10228,0.091289,0.13268,0.20383,0.10466,0.15737,0.11364,0.15768,0.10302,0.094715,0.2401,0.1521,0.24225,0.259,0.1563,0.18626,0.32653,0.05909,0.13662,0.35556,0.22777,0.2875,0.17985,0.075706,0.20174,0.26753,0.27733,0.29274,0.20545,0.28053,0.26039,0.29515,0.1635,0.26089,0.13777,0.058724,0.13155,0.31866,0.351,0.19079,0.32268,0.3019,0.14499,0.28374,0.19792,0.19239,0.31183,0.33421,0.35376,0.30941,0.26313,0.18093,0.22121,0.31841,0.30712,0.058713,0.15621,0.19082,0.21539,0.26967,0.24,0.24084,0.16094,0.23986,0.1848,0.06616,0.027163,0.093263,0.081779,0.093903,0.24668,0.12392,0.19503,0.23964,0.21334,0.16781,0.14528,0.031907,0.1464,0.16937,0.1922,0.25757,0.28473,0.28553,0.17635,0.16976,0.24078,0.21765,0.052014,0.10353,0.23636,0.25851,0.1791,0.21025,0.23622,0.17359,0.18592,0.16879,0.16194,0.074896,0.16379,0.081168,0.030303,0.10019,0.084041,0.083993,0.065856,0.127,0.1184,0.094553,0.1317,0.13352,0.15698,0.094527,0.1333,0.10985,0.20251,0.11367,0.12193,0.12638,0.28495,0.12908,0.17793,0.20128,0.23209,0.29913,0.044563,0.16087,0.2934,0.214,0.1679,0.086302,0.13431,0.098555,0.17827,0.30736,0.12375,0.1444,0.15108,0.26768,0.17868,0.19701,0.22678,0.061719,0.1975,0.20898,0.25641,0.16332,0.1917,0.29643,0.30026,0.062905,0.079089,0.091303,0.079566,0.098572,0.049082,0.069517,0.1646,0.32257,0.10513,0.36652,0.11579,0.06789,0.089316,0.082802,0.078018,0.11316,0.10106,0.10522,0.091034,0.031962,0.11798,0.1151,0.077621,0.071421,0.057701,0.11591,0.15392,0.13713,0.15463,0.17422,0.091336,0.12259,0.12316,0.147,0.12134,0.15159,0.091603,0.20118,0.13863,0.10779,0.15258,0.072971,0.14288,0.14977,0.20021,0.11646,0.12732,0.11218,0.091759,0.20488,0.13749,0.18385,0.093374,0.13734,0.076287,0.077817,0.036575,0.0925,0.085124,0.093088,0.15872,0.10943,0.10947,0.096179,0.11882,0.16949,0.082865,0.10862,0.1837,0.2191,0.13154,0.10074,0.053909,0.097124,0.096502,0.13286,0.10295,0.1024,0.1022,0.12656,0.10126,0.17154,0.1694,0.10455,0.084778,0.077472,0.10328,0.10744,0.11113,0.13589,0.10315,0.16965,0.17441,0.063981,0.19425,0.26888,0.063057
102,0.11709,0.24569,0.19706,0.22307,0.27573,0.18363,0.24843,0.25764,0.23143,0.1479,0.15454,0.067777,0.13534,0.27741,0.25181,0.15598,0.26581,0.11924,0.19289,0.187,0.20759,0.21886,0.26003,0.31289,0.28155,0.058668,0.073534,0.043258,0.044977,0.077086,0.073489,0.1342,0.19434,0.15235,0.16866,0.10596,0.17912,0.22822,0.10701,0.13935,0.17908,0.069291,0.12951,0.10443,0.091342,0.27017,0.19674,0.21681,0.12107,0.22223,0.1811,0.17182,0.21098,0.19449,0.21568,0.24096,0.21882,0.12366,0.22821,0.29332,0.19133,0.13936,0.19153,0.14209,0.18175,0.16513,0.17091,0.067458,0.064525,0.07998,0.14605,0.20584,0.1388,0.20012,0.19031,0.22742,0.084008,0.1953,0.11586,0.12442,0.16068,0.17503,0.20234,0.33465,0.35172,0.41242,0.23863,0.1373,0.24038,0.25699,0.09931,0.09527,0.14723,0.18449,0.15702,0.16927,0.099215,0.17651,0.10676,0.25245,0.28966,0.17693,0.17253,0.060624,0.12865,0.12611,0.13905,0.075952,0.13711,0.31657,0.072903,0.10836,0.05327,0.062064,0.064737,0.023958,0.035208,0.02722,0.037169,0.049397,0.068225,0.15701,0.10951,0.18533,0.18689,0.13255,0.26612,0.27091,0.23937,0.34859,0.22121,0.17238,0.22575,0.12223,0.068863,0.11276,0.24463,0.2031,0.28519,0.25427,0.21175,0.20829,0.26333,0.13956,0.24662,0.16258,0.059771,0.11245,0.28046,0.25565,0.16311,0.29568,0.22192,0.11949,0.19078,0.19648,0.15871,0.29188,0.28958,0.25623,0.20448,0.18626,0.20518,0.20953,0.25189,0.24762,0.094887,0.14623,0.23789,0.22462,0.17065,0.17392,0.21862,0.11283,0.21814,0.16247,0.072053,0.043834,0.076739,0.07788,0.14437,0.25739,0.16301,0.20679,0.23228,0.24263,0.16052,0.10902,0.050318,0.13044,0.16711,0.16441,0.229,0.26207,0.28409,0.31099,0.22923,0.23833,0.26765,0.070185,0.07335,0.13064,0.15099,0.12611,0.16008,0.17117,0.10269,0.17531,0.21304,0.27008,0.084955,0.20914,0.12992,0.054674,0.14538,0.11223,0.14311,0.10492,0.12923,0.12727,0.053593,0.13543,0.057979,0.044513,0.021335,0.029793,0.027363,0.059152,0.057829,0.0848,0.10294,0.22346,0.12487,0.12252,0.21466,0.26613,0.33725,0.18929,0.28105,0.18933,0.15252,0.1167,0.071142,0.13892,0.11221,0.15963,0.09998,0.10695,0.069083,0.098903,0.1492,0.11369,0.14716,0.13973,0.035883,0.13915,0.11344,0.16544,0.11631,0.13235,0.17485,0.19073,0.039335,0.056065,0.056093,0.060154,0.099458,0.04193,0.038215,0.098546,0.21664,0.071485,0.17842,0.056081,0.040192,0.045863,0.045932,0.03962,0.058633,0.071264,0.073205,0.062776,0.027889,0.07222,0.077254,0.053974,0.0498,0.045568,0.12566,0.17213,0.10919,0.13409,0.13594,0.056973,0.097579,0.097522,0.12797,0.078551,0.096771,0.082887,0.13193,0.13368,0.091282,0.15016,0.053632,0.12939,0.18491,0.28123,0.11814,0.12924,0.084796,0.096478,0.30485,0.12301,0.058126,0.070654,0.066493,0.047715,0.051778,0.022858,0.07759,0.077821,0.066338,0.13547,0.090746,0.075566,0.064762,0.10291,0.15465,0.062569,0.081789,0.14432,0.073482,0.10598,0.081068,0.047521,0.11114,0.056645,0.14859,0.14946,0.13207,0.18443,0.075725,0.062355,0.083264,0.10267,0.070674,0.047856,0.048058,0.061772,0.071409,0.095235,0.11591,0.079608,0.1142,0.1237,0.050735,0.18077,0.19436,0.030504
119,0.11376,0.26422,0.21953,0.17715,0.27642,0.16576,0.26684,0.26278,0.28461,0.12312,0.1079,0.063187,0.13535,0.25066,0.21496,0.13524,0.22019,0.099626,0.12386,0.15243,0.179,0.13972,0.23052,0.25159,0.2274,0.065971,0.046035,0.022725,0.022258,0.040319,0.044529,0.073156,0.15567,0.11798,0.13297,0.073264,0.12149,0.17936,0.10979,0.097644,0.13816,0.068536,0.10722,0.10644,0.068366,0.11463,0.14034,0.18318,0.14959,0.21649,0.17008,0.18512,0.26329,0.3286,0.14632,0.19455,0.22118,0.1094,0.15124,0.22061,0.22532,0.13283,0.16315,0.12844,0.16646,0.14034,0.22205,0.12044,0.19083,0.14444,0.15197,0.13767,0.090142,0.14724,0.1453,0.21543,0.08157,0.24816,0.13339,0.15124,0.19503,0.18437,0.19837,0.31769,0.36774,0.25049,0.13309,0.1146,0.15465,0.16279,0.071332,0.10495,0.11838,0.2504,0.2895,0.19992,0.099689,0.14624,0.06899,0.17819,0.15239,0.11032,0.095996,0.029006,0.10057,0.068146,0.083175,0.03644,0.096026,0.1328,0.072233,0.078178,0.060664,0.06605,0.065093,0.020807,0.031043,0.024408,0.046981,0.064096,0.074492,0.13917,0.10056,0.16311,0.19897,0.1367,0.30815,0.28578,0.10755,0.36144,0.26165,0.16123,0.20195,0.19003,0.20197,0.13254,0.24143,0.20797,0.21574,0.25749,0.18415,0.23403,0.25672,0.17833,0.31498,0.13561,0.057964,0.10224,0.26712,0.22818,0.13415,0.24792,0.18624,0.081235,0.14981,0.1426,0.14186,0.25484,0.23638,0.21635,0.23252,0.24152,0.24497,0.31244,0.21673,0.23537,0.054945,0.11301,0.14736,0.20596,0.21712,0.14485,0.18974,0.10878,0.19469,0.21032,0.14477,0.022442,0.20295,0.15143,0.1138,0.18566,0.10752,0.14936,0.19629,0.2135,0.19835,0.1328,0.026136,0.14948,0.20487,0.18318,0.22262,0.25629,0.2868,0.1716,0.14082,0.1603,0.15855,0.040013,0.081371,0.11931,0.12833,0.21306,0.23365,0.17863,0.10216,0.15299,0.1478,0.12975,0.048765,0.13266,0.062923,0.029973,0.090053,0.065245,0.078911,0.056923,0.091496,0.094361,0.063626,0.079977,0.061314,0.042732,0.019914,0.024487,0.026038,0.070468,0.075644,0.090596,0.093868,0.19403,0.10359,0.13775,0.29553,0.27235,0.33927,0.17502,0.19831,0.21055,0.13985,0.22906,0.19271,0.10486,0.081594,0.094695,0.1067,0.078003,0.15206,0.20645,0.25025,0.12144,0.14329,0.14276,0.085127,0.11743,0.12415,0.13438,0.10082,0.14141,0.22649,0.20767,0.048195,0.065463,0.052557,0.064818,0.10559,0.028817,0.044483,0.11079,0.13807,0.094234,0.12773,0.064092,0.04259,0.049831,0.066423,0.11418,0.13436,0.10303,0.1012,0.070606,0.016177,0.10078,0.1139,0.049899,0.077407,0.06607,0.057358,0.065393,0.07097,0.091374,0.0784,0.039066,0.061316,0.065637,0.070524,0.057089,0.078722,0.058782,0.11531,0.11653,0.093183,0.13242,0.044102,0.12987,0.16654,0.24028,0.098286,0.14575,0.064515,0.09861,0.22134,0.16725,0.06555,0.056387,0.062791,0.043582,0.047037,0.024555,0.062487,0.066963,0.064097,0.13467,0.086136,0.085333,0.055133,0.074758,0.11441,0.066012,0.065986,0.077991,0.051012,0.065912,0.11232,0.074763,0.05103,0.044783,0.064049,0.059621,0.062243,0.076894,0.082982,0.052018,0.082704,0.10201,0.061555,0.053776,0.093973,0.078356,0.081161,0.10101,0.095525,0.068535,0.079197,0.11765,0.05757,0.23861,0.18491,0.071509
136,0.20452,0.2584,0.20384,0.15929,0.22934,0.19337,0.25278,0.22929,0.26783,0.15783,0.16557,0.063355,0.13345,0.2654,0.22265,0.11962,0.27617,0.095624,0.11365,0.15505,0.14412,0.16003,0.19333,0.22481,0.21256,0.034285,0.042998,0.021547,0.016976,0.032539,0.040911,0.078845,0.21214,0.12868,0.19063,0.12028,0.14623,0.1931,0.098035,0.095724,0.1544,0.085129,0.16835,0.083535,0.084223,0.15853,0.15997,0.19637,0.12082,0.17155,0.18731,0.18282,0.20073,0.18052,0.1523,0.17816,0.22454,0.10446,0.15379,0.16786,0.16119,0.1153,0.17258,0.25096,0.29727,0.17166,0.21986,0.094497,0.091481,0.067717,0.11139,0.24161,0.10926,0.11584,0.12818,0.16955,0.10054,0.18084,0.22606,0.26451,0.30957,0.31233,0.29141,0.34289,0.36395,0.28326,0.15058,0.1639,0.24768,0.27106,0.12851,0.19481,0.098605,0.15907,0.14693,0.2346,0.11699,0.14922,0.085375,0.17638,0.13445,0.10238,0.10576,0.026742,0.10044,0.088534,0.13918,0.13553,0.12144,0.17942,0.035547,0.083143,0.07488,0.068506,0.077104,0.029445,0.031328,0.028193,0.035308,0.046112,0.084408,0.15674,0.10219,0.17539,0.29835,0.20227,0.16716,0.27529,0.080338,0.1045,0.27601,0.18444,0.22173,0.20541,0.17104,0.2031,0.28207,0.18914,0.21067,0.20591,0.21209,0.24185,0.22158,0.13214,0.27707,0.17025,0.060878,0.10861,0.25667,0.23524,0.1213,0.23236,0.22025,0.078425,0.14628,0.14441,0.12115,0.20754,0.20011,0.18015,0.20439,0.21111,0.18322,0.19288,0.19222,0.25461,0.053399,0.10942,0.1438,0.15172,0.15407,0.13316,0.2173,0.23543,0.30144,0.1767,0.099398,0.020971,0.10536,0.066354,0.1056,0.34601,0.1099,0.12873,0.16494,0.17081,0.16015,0.23617,0.019437,0.27176,0.33399,0.30131,0.29517,0.23401,0.33175,0.16283,0.17138,0.27739,0.2508,0.031116,0.18446,0.13761,0.10263,0.11908,0.15089,0.23493,0.11934,0.13943,0.14108,0.12999,0.049767,0.12344,0.06908,0.026631,0.098058,0.081656,0.20365,0.15537,0.10676,0.10066,0.079984,0.088588,0.055346,0.062586,0.023012,0.026318,0.028446,0.055583,0.057306,0.10255,0.094513,0.22151,0.11028,0.19342,0.27619,0.17064,0.29319,0.06301,0.11263,0.23419,0.17068,0.19117,0.18523,0.16461,0.096832,0.067643,0.097945,0.080497,0.12207,0.14873,0.23191,0.12638,0.1387,0.11968,0.026423,0.10664,0.092061,0.10541,0.10393,0.12089,0.24981,0.28186,0.026022,0.036498,0.040183,0.046416,0.059721,0.025365,0.043256,0.17037,0.15065,0.051541,0.099116,0.079351,0.07153,0.10239,0.079307,0.040107,0.062182,0.062172,0.059905,0.053414,0.019316,0.058732,0.073227,0.056541,0.032196,0.029466,0.040535,0.048429,0.050775,0.064565,0.063109,0.035172,0.050637,0.059334,0.063852,0.084733,0.11493,0.071237,0.10329,0.094879,0.061668,0.09673,0.039174,0.10868,0.14102,0.18803,0.081809,0.12056,0.045087,0.047324,0.082502,0.13624,0.086872,0.04808,0.15351,0.096902,0.098839,0.078903,0.10444,0.056294,0.046704,0.10773,0.068459,0.050785,0.074209,0.049755,0.083754,0.050187,0.059896,0.071236,0.054691,0.073374,0.054548,0.024318,0.040374,0.14226,0.051707,0.044973,0.043133,0.039421,0.050512,0.051825,0.075389,0.070864,0.049045,0.033337,0.058869,0.045495,0.068303,0.082065,0.088922,0.054796,0.091059,0.13939,0.072944,0.20928,0.19558,0.023842
153,0.16863,0.25352,0.21693,0.16544,0.29443,0.20218,0.26781,0.24565,0.22646,0.18263,0.10613,0.071648,0.14389,0.25168,0.25278,0.12173,0.24261,0.13711,0.12337,0.11031,0.15722,0.1551,0.20104,0.2233,0.24089,0.030843,0.043022,0.03726,0.019942,0.032282,0.038377,0.09059,0.14119,0.14865,0.14036,0.083613,0.13274,0.16074,0.10315,0.075025,0.19165,0.096766,0.21979,0.098165,0.11282,0.18973,0.1845,0.16057,0.19312,0.22121,0.18032,0.17487,0.16805,0.18303,0.13588,0.22941,0.21483,0.098407,0.13489,0.17779,0.19323,0.15741,0.17967,0.13354,0.15133,0.20152,0.20332,0.1769,0.12087,0.076911,0.14452,0.30112,0.080836,0.14119,0.15941,0.31884,0.12317,0.22704,0.28732,0.38149,0.29374,0.33539,0.26746,0.27912,0.37652,0.25684,0.14262,0.23838,0.14479,0.14083,0.056053,0.07189,0.092832,0.16136,0.1231,0.13238,0.10309,0.12648,0.10363,0.19386,0.13372,0.13212,0.1179,0.030382,0.090396,0.075932,0.078333,0.14649,0.13859,0.21293,0.031335,0.065837,0.055893,0.056271,0.059241,0.033217,0.089281,0.056015,0.066202,0.077177,0.068523,0.16956,0.1158,0.17748,0.24987,0.20003,0.17315,0.36409,0.067843,0.10223,0.28088,0.25363,0.19577,0.10525,0.077815,0.20244,0.25489,0.21553,0.21055,0.26896,0.21003,0.25075,0.23463,0.20607,0.2447,0.18345,0.068966,0.11543,0.25299,0.27046,0.12385,0.28427,0.24661,0.082484,0.16912,0.10682,0.12708,0.22729,0.20126,0.19763,0.20972,0.17989,0.17325,0.20197,0.23513,0.23633,0.060071,0.1014,0.13187,0.15536,0.19453,0.18546,0.21366,0.10781,0.18642,0.18073,0.19317,0.035107,0.088932,0.077305,0.15399,0.36207,0.084206,0.18145,0.26489,0.24968,0.22689,0.28849,0.022982,0.37589,0.29809,0.32069,0.23436,0.21136,0.3218,0.15571,0.1574,0.1422,0.13533,0.028726,0.051374,0.09273,0.10717,0.10487,0.13288,0.13545,0.10213,0.13057,0.15025,0.12822,0.047582,0.16158,0.077856,0.028851,0.085835,0.071321,0.078879,0.22141,0.083674,0.090716,0.053874,0.098705,0.044923,0.048465,0.037094,0.070563,0.057278,0.095056,0.083462,0.086744,0.11108,0.19048,0.13203,0.20584,0.21613,0.22055,0.31803,0.05064,0.11019,0.26551,0.22003,0.095907,0.1146,0.12008,0.064882,0.066731,0.055422,0.050988,0.079443,0.12191,0.15183,0.086746,0.12609,0.089792,0.024579,0.082134,0.075813,0.11954,0.062673,0.12649,0.24332,0.2052,0.021954,0.029491,0.031961,0.030708,0.048538,0.023776,0.02608,0.062542,0.066179,0.055734,0.064266,0.038554,0.02134,0.028367,0.027171,0.023908,0.042405,0.045803,0.046656,0.04286,0.024674,0.039789,0.049325,0.03476,0.031926,0.028617,0.042667,0.0798,0.054815,0.067643,0.064762,0.054115,0.043401,0.073007,0.1008,0.11244,0.13123,0.085124,0.11326,0.083041,0.050871,0.080779,0.059749,0.086287,0.12768,0.10811,0.057588,0.079281,0.049704,0.046011,0.048754,0.11232,0.097048,0.089138,0.23492,0.088626,0.055691,0.026138,0.075893,0.078961,0.068101,0.079051,0.053809,0.041223,0.051931,0.044229,0.058967,0.042442,0.053494,0.070119,0.070473,0.0709,0.040953,0.021166,0.061528,0.029473,0.10207,0.12681,0.084617,0.093419,0.039402,0.046223,0.061962,0.068564,0.038648,0.02633,0.029099,0.037434,0.041836,0.055071,0.061596,0.047408,0.085173,0.14866,0.071924,0.11456,0.18919,0.01805
170,0.11688,0.2039,0.21834,0.29282,0.34175,0.15255,0.22551,0.27034,0.3296,0.28787,0.078648,0.087727,0.1573,0.28016,0.24645,0.13952,0.21631,0.07833,0.1311,0.13374,0.1719,0.10947,0.20288,0.23378,0.26242,0.028409,0.037784,0.02543,0.018238,0.029623,0.046484,0.076038,0.10899,0.11374,0.12041,0.05703,0.09648,0.12231,0.067693,0.11502,0.1938,0.11182,0.21645,0.067339,0.12039,0.18299,0.2412,0.25572,0.11573,0.14915,0.1306,0.13436,0.15289,0.16599,0.17095,0.20746,0.25353,0.1312,0.26233,0.24573,0.18472,0.10661,0.14619,0.12489,0.16599,0.2239,0.1528,0.066975,0.081575,0.08575,0.13582,0.21051,0.083094,0.13819,0.19719,0.31764,0.12616,0.31384,0.33608,0.35165,0.31226,0.34973,0.32742,0.31304,0.27921,0.16752,0.088788,0.25639,0.13418,0.13109,0.062712,0.058044,0.092069,0.16324,0.13558,0.14807,0.11684,0.13564,0.11063,0.16967,0.13618,0.10487,0.1079,0.027166,0.096892,0.077729,0.076867,0.034538,0.082254,0.22281,0.031626,0.089838,0.11137,0.11119,0.12903,0.079019,0.056304,0.033772,0.075726,0.063204,0.081683,0.22687,0.097897,0.16082,0.27531,0.19717,0.24618,0.26933,0.058263,0.23631,0.35194,0.16074,0.28373,0.10932,0.082482,0.12838,0.20334,0.20363,0.33884,0.35606,0.16334,0.20145,0.2498,0.10831,0.37036,0.29194,0.094713,0.12397,0.27837,0.26146,0.13999,0.24671,0.1577,0.083696,0.13425,0.12549,0.14173,0.2236,0.20846,0.24167,0.15017,0.14359,0.1539,0.17617,0.23405,0.26853,0.050184,0.15301,0.24004,0.2186,0.17184,0.12729,0.17652,0.10504,0.20601,0.1331,0.072567,0.021649,0.099113,0.089075,0.12526,0.27888,0.08501,0.15677,0.24744,0.36024,0.28674,0.33644,0.022808,0.36245,0.30113,0.3672,0.28568,0.23154,0.22542,0.12094,0.095324,0.13306,0.14131,0.029344,0.051601,0.07612,0.10372,0.11605,0.13688,0.14634,0.11631,0.13711,0.13921,0.12021,0.055766,0.128,0.070147,0.029076,0.092821,0.069128,0.07001,0.054999,0.074449,0.13294,0.09988,0.075591,0.099037,0.12159,0.061615,0.038528,0.035682,0.11314,0.067427,0.098425,0.098708,0.17947,0.10375,0.20081,0.2544,0.26618,0.27801,0.047166,0.27703,0.23162,0.14499,0.10689,0.091792,0.085998,0.046969,0.052236,0.050255,0.060296,0.055723,0.084583,0.12475,0.08692,0.10352,0.1296,0.024016,0.084676,0.064832,0.08786,0.060703,0.10128,0.17368,0.21794,0.018562,0.02164,0.028577,0.019342,0.037939,0.01818,0.028635,0.054317,0.064717,0.046035,0.046292,0.030243,0.020343,0.0235,0.024808,0.02293,0.03786,0.044812,0.04152,0.039818,0.013598,0.041702,0.047341,0.046232,0.040146,0.051313,0.060691,0.061788,0.045451,0.057106,0.053285,0.025683,0.04409,0.070072,0.08872,0.11749,0.15259,0.082633,0.10312,0.078552,0.038821,0.062805,0.025361,0.073,0.17457,0.086245,0.054135,0.10838,0.10463,0.037201,0.075362,0.048957,0.046339,0.038427,0.099351,0.049837,0.033029,0.016096,0.047236,0.040104,0.043509,0.07451,0.040457,0.035938,0.032024,0.037213,0.049586,0.041379,0.048755,0.073317,0.065376,0.043977,0.040309,0.026866,0.040081,0.028286,0.050084,0.039969,0.04505,0.054665,0.040935,0.033909,0.063958,0.063341,0.044519,0.022928,0.024806,0.03054,0.038049,0.03947,0.043247,0.041553,0.088638,0.20416,0.040209,0.080044,0.13765,0.016223
187,0.096705,0.23512,0.24836,0.29124,0.38047,0.16694,0.22191,0.27148,0.32234,0.37675,0.10052,0.10443,0.16984,0.31019,0.22932,0.13384,0.18292,0.081225,0.15118,0.14177,0.16808,0.13286,0.24939,0.20715,0.21943,0.033809,0.034538,0.018988,0.019969,0.030045,0.034614,0.067052,0.13936,0.095181,0.11693,0.063698,0.11537,0.16879,0.075725,0.13245,0.25867,0.14015,0.24475,0.074905,0.12111,0.16651,0.19459,0.19445,0.10193,0.13787,0.11836,0.095924,0.12198,0.13645,0.21933,0.16191,0.22757,0.14902,0.1441,0.19809,0.16251,0.10824,0.14438,0.12829,0.16732,0.28295,0.1424,0.067363,0.064345,0.073417,0.10095,0.14844,0.070243,0.12478,0.10709,0.22345,0.1577,0.31944,0.34204,0.34562,0.35907,0.28007,0.29667,0.25197,0.27129,0.17918,0.089639,0.28575,0.11907,0.13573,0.058035,0.052488,0.090343,0.15232,0.14804,0.15929,0.12174,0.15425,0.1001,0.19182,0.16922,0.11076,0.1069,0.037808,0.11678,0.10922,0.14498,0.055026,0.11137,0.19349,0.036319,0.14572,0.061664,0.054186,0.060537,0.025817,0.03949,0.030331,0.040999,0.065285,0.079919,0.18247,0.10162,0.15881,0.25187,0.19494,0.33545,0.24038,0.087039,0.2102,0.28585,0.15215,0.20734,0.10245,0.094496,0.10111,0.22127,0.21692,0.39626,0.3427,0.17857,0.18875,0.26159,0.10839,0.34293,0.36942,0.11583,0.1383,0.3087,0.2429,0.12905,0.21996,0.14607,0.0942,0.11438,0.14139,0.13421,0.27994,0.21065,0.18218,0.1366,0.10695,0.12888,0.13997,0.19463,0.27448,0.041751,0.15512,0.14221,0.18291,0.13772,0.13043,0.17797,0.10699,0.19953,0.12955,0.068315,0.017303,0.080955,0.07166,0.091225,0.19932,0.075947,0.12979,0.14321,0.23928,0.3001,0.34443,0.025562,0.3544,0.34645,0.28181,0.27408,0.1723,0.225,0.11826,0.091866,0.11819,0.14962,0.027059,0.04739,0.075011,0.097022,0.10858,0.15377,0.16046,0.12168,0.1572,0.15074,0.15333,0.043309,0.13393,0.073922,0.035196,0.11914,0.10755,0.12993,0.08365,0.11624,0.17524,0.056167,0.070972,0.047322,0.043144,0.023454,0.03422,0.03272,0.060782,0.076186,0.092968,0.10181,0.18502,0.08151,0.19707,0.25445,0.34303,0.27232,0.065619,0.22613,0.2406,0.1231,0.10839,0.09802,0.094259,0.064386,0.055051,0.053472,0.041452,0.080022,0.12164,0.18915,0.08087,0.10229,0.11409,0.018732,0.10278,0.07073,0.10105,0.058166,0.085703,0.18818,0.13337,0.017633,0.022531,0.031048,0.023481,0.03851,0.015778,0.020255,0.04086,0.047637,0.03964,0.033625,0.026206,0.02172,0.030501,0.026341,0.019944,0.035941,0.036475,0.048975,0.038332,0.010014,0.040802,0.044512,0.033965,0.033041,0.046586,0.060222,0.034729,0.040573,0.05452,0.047181,0.022787,0.054782,0.076618,0.08012,0.10413,0.12707,0.090291,0.1227,0.11848,0.053454,0.078011,0.025569,0.070537,0.1644,0.077038,0.045532,0.12604,0.18194,0.04113,0.055812,0.047522,0.031395,0.031559,0.042483,0.034211,0.031185,0.019443,0.037312,0.029228,0.040181,0.06608,0.034176,0.037413,0.038708,0.039574,0.05919,0.030006,0.038654,0.068227,0.04784,0.038378,0.038618,0.023667,0.031658,0.0264,0.041296,0.040959,0.033018,0.034979,0.038736,0.028664,0.043972,0.055785,0.035905,0.02508,0.024784,0.032783,0.038546,0.051413,0.055582,0.059958,0.11939,0.12755,0.026739,0.084717,0.11731,0.016646
