0.1,0.0018246
0.2,0.0018359
0.3,0.0017931
0.4,0.0017827
0.5,0.0018243
0.6,0.0017177
0.7,0.0017397
0.8,0.0017839
0.9,0.0017834
1,0.0018134
1.1,0.0017473
1.2,0.0018544
1.3,0.0017757
1.4,0.001804
1.5,0.001819
1.6,0.001749
1.7,0.001835
1.8,0.0018047
1.9,0.0018058
2,0.0017643
2.1,0.0017795
2.2,0.001833
2.3,0.001784
2.4,0.0017864
2.5,0.001771
2.6,0.0017595
2.7,0.0018148
2.8,0.0017942
2.9,0.0017821
3,0.0018152
3.1,0.0017739
3.2,0.0017558
3.3,0.001768
3.4,0.0018282
3.5,0.0018064
3.6,0.0017603
3.7,0.0017782
3.8,0.0019112
3.9,0.0018
4,0.0016947
4.1,0.0018639
4.2,0.0018607
4.3,0.0018739
4.4,0.0018371
4.5,0.0018218
4.6,0.0018979
4.7,0.0018193
4.8,0.0018261
4.9,0.0018875
5,0.001739
5.1,0.0018228
5.2,0.0018277
5.3,0.0018008
5.4,0.001905
5.5,0.0019258
5.6,0.001716
5.7,0.0017855
5.8,0.0017142
5.9,0.0017826
6,0.0018363
6.1,0.0018316
6.2,0.0019276
6.3,0.001898
6.4,0.0018026
6.5,0.0017679
6.6,0.0016962
6.7,0.0019525
6.8,0.0019233
6.9,0.001796
7,0.001769
7.1,0.0018645
7.2,0.0018336
7.3,0.0019252
7.4,0.0019692
7.5,0.001902
7.6,0.0018441
7.7,0.0017192
7.8,0.0018723
7.9,0.0018095
8,0.0016867
8.1,0.0019509
8.2,0.0018289
8.3,0.0019689
8.4,0.0020035
8.5,0.0019942
8.6,0.0021031
8.7,0.0017812
8.8,0.0020974
8.9,0.0018885
9,0.0017141
9.1,0.0024401
9.2,0.0018341
9.3,0.0017043
9.4,0.0017511
9.5,0.0015483
9.6,0.0019478
9.7,0.0023362
9.8,0.0021154
9.9,0.0018439
10,0.0019977
10.1,0.0019687
10.2,0.0020661
10.3,0.0021983
10.4,0.0022084
10.5,0.0023411
10.6,0.001838
10.7,0.0018592
10.8,0.0022089
10.9,0.0019412
11,0.002335
11.1,0.0024477
11.2,0.0021573
11.3,0.0023659
11.4,0.0023042
11.5,0.002708
11.6,0.0029183
11.7,0.0020764
11.8,0.0025466
11.9,0.0013689
12,0.0024212
12.1,0.0014129
12.2,0.0015973
12.3,0.0018968
12.4,0.0019961
12.5,0.0024804
12.6,0.0025455
12.7,0.0013447
12.8,0.0024557
12.9,0.0011982
13,0.0029919
13.1,0.0042002
13.2,0.0025829
13.3,0.0029772
13.4,0.0019762
13.5,0.0040595
13.6,0.0018738
13.7,0.0029121
13.8,0.0049355
13.9,0.0034417
14,0.003133
14.1,0.002884
14.2,0.0023398
14.3,0.0040427
14.4,0.0037149
14.5,0.0015606
14.6,0.0026615
14.7,0.0023753
14.8,0.0031197
14.9,0.0026569
15,0.0032525
15.1,0.004304
15.2,0.0036753
15.3,0.0022025
15.4,0.0014112
15.5,0.0022081
15.6,0.00042698
15.7,0.0057459
15.8,0.00409
15.9,0.0045057
16,0.005341
16.1,0.0016815
16.2,0.004031
16.3,0.0023317
16.4,0.00073398
16.5,0.0031117
16.6,0.00073546
16.7,0.0032006
16.8,0.0026551
16.9,0.0016609
17,0.0025772
17.1,0.0050623
17.2,0.0073152
17.3,0.0037957
17.4,0.0023206
17.5,0.0028248
17.6,0.0029713
17.7,0.001933
17.8,0.0022848
17.9,0.0037078
18,0.00278
18.1,0.00072571
18.2,0.0010553
18.3,0.00089681
18.4,0.0017951
18.5,0.0027214
18.6,0.0030485
18.7,0.0039498
18.8,0.0048824
18.9,0.0073424
19,0.0042649
19.1,0.0048657
19.2,0.0051553
19.3,0.0053496
19.4,0.0015523
19.5,0.0039856
19.6,0.0019805
19.7,0.0027575
19.8,0.0063779
19.9,0.0087935
20,0.0044296
20.1,0.0096333
20.2,0.0026371
20.3,0.0035749
20.4,0.0023636
20.5,0.002179
20.6,0.0039913
20.7,0.0045737
20.8,0.001946
20.9,0.0018705
21,0.013842
21.1,0.015223
21.2,0.0019729
21.3,0.0025609
21.4,0.0045547
21.5,0.011191
21.6,0.0039194
21.7,0.0089464
21.8,0.011918
21.9,0.016329
22,0.00419
22.1,0.016747
22.2,0.0060105
22.3,0.012018
22.4,0.0067948
22.5,0.0031428
22.6,0.012923
22.7,0.0066854
22.8,0.0031667
22.9,0.012132
23,0.013174
23.1,0.0053125
23.2,0.0076234
23.3,0.0043826
23.4,0.021913
23.5,0.004533
23.6,0.0065636
23.7,0.0048965
23.8,0.0080052
23.9,0.011174
24,0.0079374
24.1,0.0063738
24.2,0.014147
24.3,0.017717
24.4,0.016425
24.5,0.0039966
24.6,0.009423
24.7,0.0086992
24.8,0.0058712
24.9,0.030937
25,0.0084545
25.1,0.015847
25.2,0.01256
25.3,0.0026203
25.4,0.0088903
25.5,0.0091104
25.6,0.021571
25.7,0.015085
25.8,0.020686
25.9,0.0033066
26,0.012579
26.1,0.0038494
26.2,0.0039773
26.3,0.0032531
26.4,0.00096722
26.5,0.0011288
26.6,0.027242
26.7,0.0068508
26.8,0.011008
26.9,0.0051842
27,0.012508
27.1,0.020846
27.2,0.0028704
27.3,0.013886
27.4,0.0021141
27.5,0.01511
27.6,0.01277
27.7,0.021291
27.8,0.019464
27.9,0.001993
28,0.003471
28.1,0.014651
28.2,0.021272
28.3,0.015408
28.4,0.042323
28.5,0.019733
28.6,0.0098768
28.7,0.0066321
28.8,0.028952
28.9,0.0069882
29,0.0039284
29.1,0.011288
29.2,0.020347
29.3,0.029088
29.4,0.0037539
29.5,0.0081922
29.6,0.011393
29.7,0.038626
29.8,0.014073
29.9,0.033139
30,0.024204
30.1,0.030801
30.2,0.016081
30.3,0.045435
30.4,0.022361
30.5,0.037306
30.6,0.021988
30.7,0.0093394
30.8,0.021345
30.9,0.028657
31,0.0051099
31.1,0.016292
31.2,0.022903
31.3,0.0035845
31.4,0.018604
31.5,0.017224
31.6,0.008667
31.7,0.0078654
31.8,0.029621
31.9,0.040609
32,0.023625
32.1,0.020074
32.2,0.031053
32.3,0.0091118
32.4,0.036079
32.5,0.01552
32.6,0.011966
32.7,0.043579
32.8,0.028185
32.9,0.019411
33,0.019101
33.1,0.0093526
33.2,0.035419
33.3,0.013949
33.4,0.025224
33.5,0.024608
33.6,0.014239
33.7,0.034571
33.8,0.029997
33.9,0.036547
34,0.036962
34.1,0.014623
34.2,0.033477
34.3,0.02237
34.4,0.01251
34.5,0.019466
34.6,0.010939
34.7,0.050763
34.8,0.035364
34.9,0.014611
35,0.011511
35.1,0.039715
35.2,0.013553
35.3,0.02046
35.4,0.043604
35.5,0.040973
35.6,0.046384
35.7,0.018289
35.8,0.049055
35.9,0.0051952
36,0.031341
36.1,0.051015
36.2,0.022502
36.3,0.046008
36.4,0.064246
36.5,0.033588
36.6,0.0071542
36.7,0.049869
36.8,0.022241
36.9,0.034992
37,0.031409
37.1,0.02603
37.2,0.032615
37.3,0.038592
37.4,0.05283
37.5,0.059013
37.6,0.049705
37.7,0.02121
37.8,0.020782
37.9,0.0053771
38,0.038709
38.1,0.068376
38.2,0.033042
38.3,0.063459
38.4,0.0075432
38.5,0.033276
38.6,0.058407
38.7,0.048559
38.8,0.02512
38.9,0.0018383
39,0.034323
39.1,0.043538
39.2,0.034181
39.3,0.052463
39.4,0.031096
39.5,0.054529
39.6,0.040548
39.7,0.031627
39.8,0.073255
39.9,0.10992
40,0.07162
40.1,0.0091937
40.2,0.016894
40.3,0.034853
40.4,0.047048
40.5,0.032152
40.6,0.050873
40.7,0.03005
40.8,0.0475
40.9,0.038798
41,0.015789
41.1,0.076431
41.2,0.073599
41.3,0.027819
41.4,0.040089
41.5,0.034583
41.6,0.05273
41.7,0.051518
41.8,0.098011
41.9,0.23244
42,0.14805
42.1,0.20691
42.2,0.081471
42.3,0.0010438
42.4,0.0075986
42.5,0.09959
42.6,0.06245
42.7,0.0065307
42.8,0.074664
42.9,0.046736
43,0.06891
43.1,0.044968
43.2,0.01136
43.3,0.076363
43.4,0.098559
43.5,0.063015
43.6,0.04067
43.7,0.0030686
43.8,0.15684
43.9,0.10529
44,0.071606
44.1,0.028106
44.2,0.093714
44.3,0.071224
44.4,0.041648
44.5,0.082513
44.6,0.060855
44.7,0.068931
44.8,0.0053975
44.9,0.0041459
45,0.03813
45.1,0.030477
45.2,0.028337
45.3,0.11993
45.4,0.067675
45.5,0.037968
45.6,0.08788
45.7,0.086838
45.8,0.11098
45.9,0.14616
46,0.015432
46.1,0.12966
46.2,0.098072
46.3,0.078556
46.4,0.14941
46.5,0.076397
46.6,0.027384
46.7,0.057846
46.8,0.094632
46.9,0.067763
47,0.072634
47.1,0.067438
47.2,0.11916
47.3,0.039859
47.4,0.069984
47.5,0.04862
47.6,0.068892
47.7,0.066558
47.8,0.11182
47.9,0.1348
48,0.051387
48.1,0.083629
48.2,0.098945
48.3,0.061688
48.4,0.071614
48.5,0.052974
48.6,0.062918
48.7,0.07002
48.8,0.053623
48.9,0.11371
49,0.074694
49.1,0.11798
49.2,0.16778
49.3,0.18829
49.4,0.11177
49.5,0.17138
49.6,0.099613
49.7,0.15731
49.8,0.10621
49.9,0.16643
50,0.15427
50.1,0.12616
50.2,0.24904
50.3,0.056002
50.4,0.15237
50.5,0.25022
50.6,0.12159
50.7,0.17905
50.8,0.35115
50.9,0.19181
51,0.20124
51.1,0.30455
51.2,0.26466
51.3,0.48369
51.4,0.25011
51.5,0.29335
51.6,0.12995
51.7,0.15551
51.8,0.27257
51.9,0.13551
52,0.13027
52.1,0.062231
52.2,0.085207
52.3,0.15147
52.4,0.079993
52.5,0.18337
52.6,0.12138
52.7,0.077831
52.8,0.1115
52.9,0.0099006
53,0.083221
53.1,0.12362
53.2,0.12701
53.3,0.017597
53.4,0.042139
53.5,0.10488
53.6,0.086964
53.7,0.02642
53.8,0.081035
53.9,0.16808
54,0.082147
54.1,0.047404
54.2,0.021464
54.3,0.20448
54.4,0.12983
54.5,0.12214
54.6,0.11915
54.7,0.11859
54.8,0.1283
54.9,0.074481
55,0.11485
55.1,0.091151
55.2,0.1441
55.3,0.041554
55.4,0.12007
55.5,0.04762
55.6,0.13957
55.7,0.12165
55.8,0.13479
55.9,0.22802
56,0.14789
56.1,0.094034
56.2,0.13846
56.3,0.082395
56.4,0.14603
56.5,0.10075
56.6,0.041134
56.7,0.088962
56.8,0.17772
56.9,0.068423
57,0.11094
57.1,0.037624
57.2,0.075824
57.3,0.055935
57.4,0.24823
57.5,0.0083675
57.6,0.067356
57.7,0.091985
57.8,0.01436
57.9,0.068841
58,0.019298
58.1,0.18344
58.2,0.060205
58.3,0.1013
58.4,0.077474
58.5,0.036431
58.6,0.082746
58.7,0.070592
58.8,0.17784
58.9,0.19044
59,0.017179
59.1,0.096247
59.2,0.1104
59.3,0.18433
59.4,0.074818
59.5,0.19161
59.6,0.14842
59.7,0.19637
59.8,0.059821
59.9,0.089215
60,0.12875
60.1,0.064915
60.2,0.15189
60.3,0.05167
60.4,0.13993
60.5,0.095521
60.6,0.11136
60.7,0.10253
60.8,0.036301
60.9,0.099185
61,0.20195
61.1,0.12099
61.2,0.20681
61.3,0.10314
61.4,0.2101
61.5,0.099419
61.6,0.023105
61.7,0.038239
61.8,0.12151
61.9,0.0064181
62,0.13473
62.1,0.12538
62.2,0.058826
62.3,0.21949
62.4,0.12236
62.5,0.039027
62.6,0.060913
62.7,0.054957
62.8,0.10058
62.9,0.065908
63,0.12575
63.1,0.1382
63.2,0.064881
63.3,0.13566
63.4,0.090334
63.5,0.28474
63.6,0.21931
63.7,0.11466
63.8,0.14927
63.9,0.056891
64,0.046269
64.1,0.032552
64.2,0.071826
64.3,0.13051
64.4,0.1624
64.5,0.049108
64.6,0.075062
64.7,0.10353
64.8,0.072274
64.9,0.037813
65,0.0865
65.1,0.11595
65.2,0.25299
65.3,0.12397
65.4,0.095248
65.5,0.084628
65.6,0.15507
65.7,0.22542
65.8,0.03498
65.9,0.065333
66,0.11042
66.1,0.15019
66.2,0.10671
66.3,0.057496
66.4,0.19666
66.5,0.059388
66.6,0.047633
66.7,0.10718
66.8,0.020576
66.9,0.093104
67,0.13208
67.1,0.10766
67.2,0.18417
67.3,0.068756
67.4,0.16237
67.5,0.087214
67.6,0.19633
67.7,0.003245
67.8,0.066819
67.9,0.1721
68,0.11033
68.1,0.09116
68.2,0.050523
68.3,0.11908
68.4,0.13222
68.5,0.1016
68.6,0.14221
68.7,0.10292
68.8,0.15871
68.9,0.23513
69,0.092951
69.1,0.073124
69.2,0.13795
69.3,0.14174
69.4,0.11041
69.5,0.028469
69.6,0.3
69.7,0.11002
69.8,0.020461
69.9,0.067996
70,0.1183
70.1,0.31002
70.2,0.10889
70.3,0.16336
70.4,0.023858
70.5,0.17714
70.6,0.18588
70.7,0.10709
70.8,0.12506
70.9,0.12861
71,0.14945
71.1,0.068958
71.2,0.18775
71.3,0.13807
71.4,0.19915
71.5,0.17442
71.6,0.16713
71.7,0.11067
71.8,0.15398
71.9,0.17965
72,0.28278
72.1,0.10641
72.2,0.19408
72.3,0.26208
72.4,0.26675
72.5,0.26731
72.6,0.2443
72.7,0.25812
72.8,0.31682
72.9,0.1789
73,0.047048
73.1,0.21849
73.2,0.19139
73.3,0.083275
73.4,0.09905
73.5,0.19854
73.6,0.32103
73.7,0.26055
73.8,0.12746
73.9,0.2457
74,0.26142
74.1,0.1461
74.2,0.35762
74.3,0.28928
74.4,0.33357
74.5,0.27275
74.6,0.34112
74.7,0.19946
74.8,0.17149
74.9,0.25009
75,0.20016
75.1,0.2297
75.2,0.35754
75.3,0.53608
75.4,0.55225
75.5,0.28821
75.6,0.3767
75.7,0.32934
75.8,0.28289
75.9,0.15133
76,0.21446
76.1,0.17511
76.2,0.15451
76.3,0.022533
76.4,0.12993
76.5,0.14957
76.6,0.14596
76.7,0.22242
76.8,0.13345
76.9,0.068044
77,0.11832
77.1,0.2053
77.2,0.16383
77.3,0.083126
77.4,0.054057
77.5,0.048794
77.6,0.18271
77.7,0.21273
77.8,0.30899
77.9,0.042743
78,0.31257
78.1,0.14282
78.2,0.13654
78.3,0.080455
78.4,0.18948
78.5,0.087631
78.6,0.012417
78.7,0.11044
78.8,0.11329
78.9,0.19314
79,0.14914
79.1,0.15361
79.2,0.13472
79.3,0.092314
79.4,0.15284
79.5,0.16435
79.6,0.2175
79.7,0.078759
79.8,0.27185
79.9,0.20606
80,0.068677
80.1,0.11784
80.2,0.067762
80.3,0.047061
80.4,0.1522
80.5,0.15207
80.6,0.1852
80.7,0.14761
80.8,0.1978
80.9,0.01556
81,0.12462
81.1,0.06082
81.2,0.069627
81.3,0.14287
81.4,0.084031
81.5,0.045873
81.6,0.037182
81.7,0.18959
81.8,0.13038
81.9,0.027411
82,0.060209
82.1,0.037814
82.2,0.234
82.3,0.04932
82.4,0.10021
82.5,0.073514
82.6,0.17765
82.7,0.14782
82.8,0.036484
82.9,0.025214
83,0.24036
83.1,0.13163
83.2,0.1907
83.3,0.11335
83.4,0.039049
83.5,0.061323
83.6,0.16827
83.7,0.18463
83.8,0.18921
83.9,0.18626
84,0.10399
84.1,0.13109
84.2,0.15539
84.3,0.079096
84.4,0.16036
84.5,0.11362
84.6,0.14734
84.7,0.14753
84.8,0.080929
84.9,0.15974
85,0.077763
85.1,0.33819
85.2,0.1233
85.3,0.33707
85.4,0.16486
85.5,0.089429
85.6,0.28864
85.7,0.13482
85.8,0.13624
85.9,0.08302
86,0.13205
86.1,0.063806
86.2,0.10228
86.3,0.092703
86.4,0.10174
86.5,0.067656
86.6,0.049013
86.7,0.12867
86.8,0.12846
86.9,0.12613
87,0.11636
87.1,0.13172
87.2,0.035964
87.3,0.10391
87.4,0.12387
87.5,0.13348
87.6,0.087206
87.7,0.080273
87.8,0.22685
87.9,0.082231
88,0.23797
88.1,0.10527
88.2,0.22333
88.3,0.11817
88.4,0.087454
88.5,0.11749
88.6,0.06837
88.7,0.072088
88.8,0.093387
88.9,0.14533
89,0.1042
89.1,0.1069
89.2,0.17481
89.3,0.047854
89.4,0.091368
89.5,0.12066
89.6,0.084223
89.7,0.10577
89.8,0.16635
89.9,0.13373
90,0.11399
90.1,0.13174
90.2,0.087722
90.3,0.26142
90.4,0.20762
90.5,0.095751
90.6,0.050635
90.7,0.068309
90.8,0.10554
90.9,0.20194
91,0.063468
91.1,0.23032
91.2,0.077831
91.3,0.15955
91.4,0.20642
91.5,0.11469
91.6,0.16299
91.7,0.15332
91.8,0.05225
91.9,0.13138
92,0.064643
92.1,0.047512
92.2,0.11228
92.3,0.092491
92.4,0.051104
92.5,0.16773
92.6,0.2851
92.7,0.059282
92.8,0.13011
92.9,0.014945
93,0.029127
93.1,0.20814
93.2,0.059707
93.3,0.14004
93.4,0.1719
93.5,0.17251
93.6,0.033636
93.7,0.26131
93.8,0.11652
93.9,0.16014
94,0.059986
94.1,0.069735
94.2,0.21972
94.3,0.10849
94.4,0.10295
94.5,0.19681
94.6,0.1116
94.7,0.11402
94.8,0.11876
94.9,0.13655
95,0.081195
95.1,0.10978
95.2,0.06279
95.3,0.052577
95.4,0.119
95.5,0.19506
95.6,0.02908
95.7,0.091367
95.8,0.11744
95.9,0.05592
96,0.047422
96.1,0.069726
96.2,0.086544
96.3,0.1362
96.4,0.11191
96.5,0.11691
96.6,0.13488
96.7,0.087377
96.8,0.10864
96.9,0.019413
97,0.059407
97.1,0.080713
97.2,0.16824
97.3,0.087105
97.4,0.043649
97.5,0.24277
97.6,0.071823
97.7,0.12056
97.8,0.048109
97.9,0.16699
98,0.040824
98.1,0.09959
98.2,0.05845
98.3,0.15601
98.4,0.059416
98.5,0.10293
98.6,0.14732
98.7,0.18582
98.8,0.23355
98.9,0.066088
99,0.2732
99.1,0.11249
99.2,0.013152
99.3,0.23349
99.4,0.23372
99.5,0.065659
99.6,0.053196
99.7,0.13541
99.8,0.043937
99.9,0.043148
100,0.079918
100.1,0.096874
100.2,0.079513
100.3,0.071748
100.4,0.066329
100.5,0.10753
100.6,0.15959
100.7,0.12496
100.8,0.17845
100.9,0.20131
101,0.16067
101.1,0.10175
101.2,0.027853
101.3,0.28077
101.4,0.1097
101.5,0.2989
101.6,0.2417
101.7,0.11855
101.8,0.1281
101.9,0.095614
102,0.064091
102.1,0.15488
102.2,0.20224
102.3,0.0538
102.4,0.23054
102.5,0.077598
102.6,0.16847
102.7,0.14385
102.8,0.083991
102.9,0.016389
103,0.2252
103.1,0.13882
103.2,0.095167
103.3,0.15784
103.4,0.11103
103.5,0.10018
103.6,0.1969
103.7,0.13968
103.8,0.14304
103.9,0.13059
104,0.26681
104.1,0.14597
104.2,0.17585
104.3,0.39561
104.4,0.33521
104.5,0.32911
104.6,0.49504
104.7,0.56373
104.8,0.17953
104.9,0.36534
105,0.46096
105.1,0.63124
105.2,0.61656
105.3,0.20679
105.4,0.336
105.5,0.080908
105.6,0.08547
105.7,0.27295
105.8,0.24657
105.9,0.2011
106,0.16041
106.1,0.060191
106.2,0.079069
106.3,0.18838
106.4,0.15212
106.5,0.09376
106.6,0.044143
106.7,0.029795
106.8,0.12552
106.9,0.03958
107,0.12279
107.1,0.12413
107.2,0.079208
107.3,0.20773
107.4,0.083219
107.5,0.20305
107.6,0.23219
107.7,0.065227
107.8,0.072428
107.9,0.13339
108,0.022701
108.1,0.13021
108.2,0.12983
108.3,0.15486
108.4,0.089107
108.5,0.1898
108.6,0.20688
108.7,0.017887
108.8,0.13257
108.9,0.073679
109,0.059653
109.1,0.12572
109.2,0.15879
109.3,0.10398
109.4,0.036511
109.5,0.044797
109.6,0.18973
109.7,0.030232
109.8,0.16761
109.9,0.096326
110,0.12036
110.1,0.25877
110.2,0.17826
110.3,0.1841
110.4,0.23394
110.5,0.072221
110.6,0.24639
110.7,0.14256
110.8,0.052442
110.9,0.10564
111,0.1716
111.1,0.074492
111.2,0.12821
111.3,0.13125
111.4,0.18244
111.5,0.097713
111.6,0.20841
111.7,0.10896
111.8,0.050409
111.9,0.10862
112,0.17467
112.1,0.25928
112.2,0.18165
112.3,0.11464
112.4,0.131
112.5,0.13799
112.6,0.16899
112.7,0.065074
112.8,0.14404
112.9,0.21087
113,0.11623
113.1,0.22111
113.2,0.081142
113.3,0.10196
113.4,0.075798
113.5,0.11793
113.6,0.059331
113.7,0.18834
113.8,0.11106
113.9,0.06979
114,0.25199
114.1,0.048249
114.2,0.14557
114.3,0.044969
114.4,0.13952
114.5,0.38964
114.6,0.11187
114.7,0.24807
114.8,0.069423
114.9,0.079301
115,0.038301
115.1,0.05339
115.2,0.065936
115.3,0.076326
115.4,0.12556
115.5,0.22114
115.6,0.13308
115.7,0.092642
115.8,0.29206
115.9,0.046141
116,0.01494
116.1,0.20488
116.2,0.13686
116.3,0.10451
116.4,0.14112
116.5,0.057572
116.6,0.084103
116.7,0.17257
116.8,0.074028
116.9,0.11069
117,0.069423
117.1,0.11077
117.2,0.16073
117.3,0.13183
117.4,0.12862
117.5,0.17635
117.6,0.1914
117.7,0.10175
117.8,0.1782
117.9,0.034095
118,0.079373
118.1,0.28977
118.2,0.082991
118.3,0.064301
118.4,0.041403
118.5,0.084396
118.6,0.0033348
118.7,0.216
118.8,0.19378
118.9,0.17364
119,0.13791
119.1,0.10739
119.2,0.19657
119.3,0.16884
119.4,0.073831
119.5,0.13746
119.6,0.13983
119.7,0.19284
119.8,0.10664
119.9,0.1037
120,0.086723
120.1,0.095642
120.2,0.082729
120.3,0.069605
120.4,0.12611
120.5,0.23054
120.6,0.10332
120.7,0.16018
120.8,0.14862
120.9,0.22703
121,0.051495
121.1,0.09418
121.2,0.15939
121.3,0.19048
121.4,0.1151
121.5,0.069339
121.6,0.19345
121.7,0.13074
121.8,0.094073
121.9,0.17723
122,0.10428
122.1,0.13458
122.2,0.17133
122.3,0.12504
122.4,0.17202
122.5,0.14946
122.6,0.21851
122.7,0.097906
122.8,0.10182
122.9,0.26765
123,0.15421
123.1,0.0023629
123.2,0.10808
123.3,0.14214
123.4,0.13513
123.5,0.11702
123.6,0.17577
123.7,0.22172
123.8,0.040489
123.9,0.1235
124,0.1224
124.1,0.12797
124.2,0.03059
124.3,0.27056
124.4,0.10326
124.5,0.13271
124.6,0.16558
124.7,0.1937
124.8,0.055917
124.9,0.085795
125,0.1143
125.1,0.052031
125.2,0.15303
125.3,0.27644
125.4,0.066344
125.5,0.1009
125.6,0.20936
125.7,0.068939
125.8,0.26038
125.9,0.057104
126,0.23039
126.1,0.23285
126.2,0.076269
126.3,0.026569
126.4,0.19205
126.5,0.13343
126.6,0.06546
126.7,0.084958
126.8,0.058525
126.9,0.13463
127,0.11051
127.1,0.054723
127.2,0.21166
127.3,0.11795
127.4,0.062534
127.5,0.078324
127.6,0.026747
127.7,0.045701
127.8,0.072578
127.9,0.0051974
128,0.23801
128.1,0.15583
128.2,0.20035
128.3,0.11956
128.4,0.10322
128.5,0.039128
128.6,0.13234
128.7,0.094348
128.8,0.054591
128.9,0.12668
129,0.13994
129.1,0.13584
129.2,0.15503
129.3,0.12315
129.4,0.21765
129.5,0.17462
129.6,0.10594
129.7,0.03207
129.8,0.036077
129.9,0.10706
130,0.14057
130.1,0.098953
130.2,0.19193
130.3,0.15799
130.4,0.1149
130.5,0.061295
130.6,0.09569
130.7,0.096942
130.8,0.13348
130.9,0.045186
131,0.080136
131.1,0.065623
131.2,0.20386
131.3,0.1176
131.4,0.021662
131.5,0.088776
131.6,0.073372
131.7,0.19939
131.8,0.04839
131.9,0.025441
132,0.027276
132.1,0.14697
132.2,0.094817
132.3,0.070025
132.4,0.04061
132.5,0.065399
132.6,0.067336
132.7,0.060185
132.8,0.1596
132.9,0.21747
133,0.094347
133.1,0.072244
133.2,0.14064
133.3,0.14963
133.4,0.12525
133.5,0.097816
133.6,0.02878
133.7,0.17268
133.8,0.084381
133.9,0.29436
134,0.095591
134.1,0.17322
134.2,0.18277
134.3,0.12488
134.4,0.099078
134.5,0.18101
134.6,0.075589
134.7,0.039959
134.8,0.06028
134.9,0.10598
135,0.10206
135.1,0.087489
135.2,0.17298
135.3,0.15878
135.4,0.077822
135.5,0.13142
135.6,0.17386
135.7,0.12701
135.8,0.15638
135.9,0.025549
136,0.16141
136.1,0.07334
136.2,0.0035803
136.3,0.11479
136.4,0.067341
136.5,0.16494
136.6,0.13576
136.7,0.25391
136.8,0.039112
136.9,0.076906
137,0.1805
137.1,0.15601
137.2,0.12549
137.3,0.14252
137.4,0.14741
137.5,0.073957
137.6,0.040103
137.7,0.099541
137.8,0.089316
137.9,0.080132
138,0.14915
138.1,0.13412
138.2,0.13083
138.3,0.26063
138.4,0.10901
138.5,0.037021
138.6,0.090991
138.7,0.11239
138.8,0.064309
138.9,0.11796
139,0.060492
139.1,0.15073
139.2,0.05762
139.3,0.03816
139.4,0.096431
139.5,0.067552
139.6,0.042758
139.7,0.097847
139.8,0.054098
139.9,0.038061
140,0.07503
140.1,0.095016
140.2,0.14579
140.3,0.04395
140.4,0.099559
140.5,0.18417
140.6,0.081943
140.7,0.15243
140.8,0.12833
140.9,0.0184
141,0.10791
141.1,0.10274
141.2,0.057967
141.3,0.1424
141.4,0.12737
141.5,0.051323
141.6,0.22249
141.7,0.14229
141.8,0.044865
141.9,0.060896
142,0.20987
142.1,0.16336
142.2,0.087361
142.3,0.068559
142.4,0.084146
142.5,0.22685
142.6,0.21082
142.7,0.089993
142.8,0.18409
142.9,0.18867
143,0.17685
143.1,0.078482
143.2,0.20114
143.3,0.091997
143.4,0.12397
143.5,0.090359
143.6,0.058107
143.7,0.29055
143.8,0.10158
143.9,0.11648
144,0.12589
144.1,0.13278
144.2,0.089923
144.3,0.11554
144.4,0.1426
144.5,0.1014
144.6,0.20676
144.7,0.088456
144.8,0.20206
144.9,0.14314
145,0.099045
145.1,0.16852
145.2,0.18861
145.3,0.079874
145.4,0.1803
145.5,0.29844
145.6,0.22342
145.7,0.13766
145.8,0.16581
145.9,0.22698
146,0.22205
146.1,0.40594
146.2,0.27997
146.3,0.39501
146.4,0.18087
146.5,0.47849
146.6,0.46227
146.7,0.58672
146.8,0.46969
146.9,0.57914
147,0.67538
147.1,0.81763
147.2,0.28673
147.3,0.2811
147.4,0.1483
147.5,0.26617
147.6,0.047124
147.7,0.22401
147.8,0.16471
147.9,0.15393
148,0.24937
148.1,0.045536
148.2,0.080796
148.3,0.1543
148.4,0.11066
148.5,0.27443
148.6,0.21618
148.7,0.33783
148.8,0.17056
148.9,0.25231
149,0.30165
149.1,0.056767
149.2,0.13772
149.3,0.18405
149.4,0.18418
149.5,0.2771
149.6,0.13915
149.7,0.35514
149.8,0.56317
149.9,0.62587
150,0.8385
150.1,0.67333
150.2,1
150.3,0.76604
150.4,0.47756
150.5,0.53363
150.6,0.27206
150.7,0.20259
150.8,0.56764
150.9,0.5345
151,0.32584
151.1,0.37773
151.2,0.18319
151.3,0.099602
151.4,0.12568
151.5,0.12433
151.6,0.13473
151.7,0.10958
151.8,0.12118
151.9,0.063535
152,0.22352
152.1,0.14071
152.2,0.012789
152.3,0.14435
152.4,0.055813
152.5,0.10197
152.6,0.22083
152.7,0.18072
152.8,0.13194
152.9,0.10117
153,0.12374
153.1,0.25302
153.2,0.34755
153.3,0.10532
153.4,0.21948
153.5,0.21205
153.6,0.087698
153.7,0.18156
153.8,0.016432
153.9,0.11077
154,0.13156
154.1,0.1867
154.2,0.071509
154.3,0.1095
154.4,0.093734
154.5,0.083222
154.6,0.026291
154.7,0.021201
154.8,0.19228
154.9,0.11958
155,0.1784
155.1,0.022376
155.2,0.050157
155.3,0.078277
155.4,0.016835
155.5,0.064485
155.6,0.088773
155.7,0.12632
155.8,0.066038
155.9,0.19259
156,0.058041
156.1,0.05314
156.2,0.12029
156.3,0.15613
156.4,0.10984
156.5,0.11665
156.6,0.075927
156.7,0.19001
156.8,0.10588
156.9,0.10329
157,0.035374
157.1,0.18676
157.2,0.1019
157.3,0.14292
157.4,0.14498
157.5,0.095601
157.6,0.081474
157.7,0.044465
157.8,0.19842
157.9,0.094058
158,0.18056
158.1,0.12378
158.2,0.22301
158.3,0.041839
158.4,0.095148
158.5,0.067479
158.6,0.052879
158.7,0.050282
158.8,0.14634
158.9,0.037236
159,0.027794
159.1,0.16467
159.2,0.25224
159.3,0.034344
159.4,0.15306
159.5,0.026423
159.6,0.043992
159.7,0.091002
159.8,0.20536
159.9,0.16863
160,0.058053
160.1,0.18666
160.2,0.049187
160.3,0.1538
160.4,0.19412
160.5,0.19542
160.6,0.11932
160.7,0.078491
160.8,0.03227
160.9,0.087328
161,0.082301
161.1,0.097654
161.2,0.19432
161.3,0.019552
161.4,0.031498
161.5,0.072462
161.6,0.11114
161.7,0.048714
161.8,0.053294
161.9,0.1197
162,0.054398
162.1,0.14526
162.2,0.084442
162.3,0.12051
162.4,0.038797
162.5,0.16688
162.6,0.12601
162.7,0.084472
162.8,0.051675
162.9,0.17452
163,0.10963
163.1,0.13369
163.2,0.11809
163.3,0.16124
163.4,0.092633
163.5,0.098394
163.6,0.1416
163.7,0.013527
163.8,0.06816
163.9,0.1722
164,0.1343
164.1,0.16586
164.2,0.15446
164.3,0.026838
164.4,0.1018
164.5,0.17816
164.6,0.16612
164.7,0.16117
164.8,0.11644
164.9,0.065991
165,0.11405
165.1,0.059892
165.2,0.07082
165.3,0.1193
165.4,0.076794
165.5,0.083429
165.6,0.074171
165.7,0.13246
165.8,0.013575
165.9,0.035392
166,0.10022
166.1,0.022873
166.2,0.14324
166.3,0.047275
166.4,0.075019
166.5,0.11867
166.6,0.064347
166.7,0.14966
166.8,0.066429
166.9,0.18075
167,0.2266
167.1,0.19789
167.2,0.066161
167.3,0.2957
167.4,0.078323
167.5,0.089659
167.6,0.17115
167.7,0.3294
167.8,0.13482
167.9,0.17423
168,0.11068
168.1,0.19684
168.2,0.13233
168.3,0.12098
168.4,0.15182
168.5,0.13732
168.6,0.14884
168.7,0.12585
168.8,0.24932
168.9,0.14159
169,0.036645
169.1,0.097016
169.2,0.20613
169.3,0.23554
169.4,0.09129
169.5,0.093376
169.6,0.078012
169.7,0.14663
169.8,0.19975
169.9,0.11609
170,0.077452
170.1,0.053723
170.2,0.036711
170.3,0.14819
170.4,0.10091
170.5,0.24592
170.6,0.18032
170.7,0.13899
170.8,0.05938
170.9,0.098225
171,0.075426
171.1,0.055282
171.2,0.058809
171.3,0.049647
171.4,0.08773
171.5,0.045064
171.6,0.031226
171.7,0.064802
171.8,0.12081
171.9,0.10287
172,0.068913
172.1,0.08754
172.2,0.099974
172.3,0.085059
172.4,0.18726
172.5,0.09906
172.6,0.10108
172.7,0.14165
172.8,0.11104
172.9,0.042111
173,0.10607
173.1,0.084479
173.2,0.040389
173.3,0.069711
173.4,0.13202
173.5,0.036968
173.6,0.064459
173.7,0.22138
173.8,0.033856
173.9,0.073117
174,0.12051
174.1,0.029108
174.2,0.14351
174.3,0.010648
174.4,0.15597
174.5,0.064065
174.6,0.088115
174.7,0.15175
174.8,0.18788
174.9,0.14539
175,0.046718
175.1,0.067173
175.2,0.017066
175.3,0.10528
175.4,0.18393
175.5,0.098453
175.6,0.11081
175.7,0.1263
175.8,0.080936
175.9,0.03013
176,0.10046
176.1,0.19419
176.2,0.055181
176.3,0.22552
176.4,0.11977
176.5,0.064029
176.6,0.10015
176.7,0.063081
176.8,0.1742
176.9,0.053177
177,0.15058
177.1,0.15034
177.2,0.078783
177.3,0.1633
177.4,0.10763
177.5,0.0092284
177.6,0.1106
177.7,0.053907
177.8,0.12635
177.9,0.086308
178,0.072714
178.1,0.17351
178.2,0.016984
178.3,0.1459
178.4,0.045523
178.5,0.10822
178.6,0.037618
178.7,0.23008
178.8,0.13528
178.9,0.052885
179,0.079477
179.1,0.14557
179.2,0.088266
179.3,0.076613
179.4,0.19964
179.5,0.11751
179.6,0.1003
179.7,0.12372
179.8,0.13438
179.9,0.096478
180,0.051168
180.1,0.034963
180.2,0.12119
180.3,0.10733
180.4,0.20113
180.5,0.041864
180.6,0.30732
180.7,0.059732
180.8,0.13109
180.9,0.06207
181,0.18635
181.1,0.10712
181.2,0.077013
181.3,0.09052
181.4,0.075828
181.5,0.11014
181.6,0.060633
181.7,0.16703
181.8,0.080637
181.9,0.098498
182,0.085005
182.1,0.10375
182.2,0.15077
182.3,0.16076
182.4,0.029936
182.5,0.046585
182.6,0.15422
182.7,0.083906
182.8,0.11569
182.9,0.087166
183,0.032614
183.1,0.059389
183.2,0.065439
183.3,0.10207
183.4,0.044552
183.5,0.13309
183.6,0.14554
183.7,0.17565
183.8,0.065947
183.9,0.096632
184,0.15168
184.1,0.18583
184.2,0.15879
184.3,0.11919
184.4,0.14245
184.5,0.094367
184.6,0.038029
184.7,0.016585
184.8,0.072007
184.9,0.12546
185,0.11207
185.1,0.064458
185.2,0.060607
185.3,0.16661
185.4,0.043026
185.5,0.14453
185.6,0.096816
185.7,0.1309
185.8,0.10147
185.9,0.07164
186,0.082629
186.1,0.18223
186.2,0.064895
186.3,0.10438
186.4,0.089453
186.5,0.16178
186.6,0.15714
186.7,0.063068
186.8,0.045468
186.9,0.12927
187,0.069662
187.1,0.091105
187.2,0.17225
187.3,0.0074446
187.4,0.1484
187.5,0.21262
187.6,0.034371
187.7,0.056489
187.8,0.24788
187.9,0.24936
188,0.21183
188.1,0.28056
188.2,0.17054
188.3,0.17502
188.4,0.13324
188.5,0.14136
188.6,0.37222
188.7,0.15419
188.8,0.26468
188.9,0.21056
189,0.1679
189.1,0.2138
189.2,0.045588
189.3,0.19399
189.4,0.073371
189.5,0.24598
189.6,0.23196
189.7,0.21367
189.8,0.12416
189.9,0.11055
190,0.05774
190.1,0.037953
190.2,0.08448
190.3,0.13606
190.4,0.02544
190.5,0.12536
190.6,0.054983
190.7,0.027165
190.8,0.10117
190.9,0.063893
191,0.13509
191.1,0.098902
191.2,0.071184
191.3,0.019558
191.4,0.068178
191.5,0.092375
191.6,0.065002
191.7,0.11746
191.8,0.071571
191.9,0.059678
192,0.15571
192.1,0.070195
192.2,0.14676
192.3,0.19861
192.4,0.051634
192.5,0.089933
192.6,0.11174
192.7,0.13539
192.8,0.11215
192.9,0.083151
193,0.19474
193.1,0.17697
193.2,0.11654
193.3,0.1615
193.4,0.14878
193.5,0.15187
193.6,0.030311
193.7,0.15406
193.8,0.052628
193.9,0.15455
194,0.13329
194.1,0.14104
194.2,0.096066
194.3,0.012883
194.4,0.093288
194.5,0.10081
194.6,0.061466
194.7,0.14246
194.8,0.070932
194.9,0.039145
195,0.058969
195.1,0.10914
195.2,0.1205
195.3,0.043479
195.4,0.049487
195.5,0.11378
195.6,0.075403
195.7,0.066316
195.8,0.1862
195.9,0.10579
196,0.050982
196.1,0.080644
196.2,0.037107
196.3,0.20922
196.4,0.11313
196.5,0.15186
196.6,0.10416
196.7,0.14135
196.8,0.054086
196.9,0.096746
197,0.036926
197.1,0.072824
197.2,0.08235
197.3,0.11965
197.4,0.064315
197.5,0.051804
197.6,0.15827
197.7,0.12011
197.8,0.055853
197.9,0.11483
198,0.082562
198.1,0.15319
198.2,0.016005
198.3,0.07457
198.4,0.21042
198.5,0.065763
198.6,0.091199
198.7,0.012946
198.8,0.061294
198.9,0.049296
199,0.025392
199.1,0.062329
199.2,0.077423
199.3,0.030599
199.4,0.14657
199.5,0.13871
199.6,0.11915
199.7,0.095983
199.8,0.044397
199.9,0.13055
200,0.054186
