0.1,0.0089693
0.2,0.014046
0.3,0.0032705
0.4,0.0047058
0.5,0.011649
0.6,0.0051748
0.7,0.017787
0.8,0.010097
0.9,0.015183
1,0.010177
1.1,0.010516
1.2,0.016186
1.3,0.015258
1.4,0.011545
1.5,0.0034802
1.6,0.0060318
1.7,0.0056141
1.8,0.015949
1.9,0.0063924
2,0.0058997
2.1,0.012298
2.2,0.024879
2.3,0.0076209
2.4,0.0085682
2.5,0.0095942
2.6,0.010361
2.7,0.0070581
2.8,0.0106
2.9,0.011908
3,0.011668
3.1,0.024584
3.2,0.0036642
3.3,0.016332
3.4,0.019519
3.5,0.01015
3.6,0.011277
3.7,0.011291
3.8,0.0081539
3.9,0.002346
4,0.0044384
4.1,0.00379
4.2,0.0099231
4.3,0.011218
4.4,0.0025706
4.5,0.012824
4.6,0.0087059
4.7,0.012914
4.8,0.0090276
4.9,0.017513
5,0.0054734
5.1,0.013149
5.2,0.013851
5.3,0.014115
5.4,0.015727
5.5,0.0074026
5.6,0.0057727
5.7,0.014941
5.8,0.016337
5.9,0.0088429
6,0.0064568
6.1,0.018661
6.2,0.014625
6.3,0.010851
6.4,0.0090594
6.5,0.014537
6.6,0.0076873
6.7,0.01152
6.8,0.0092479
6.9,0.016307
7,0.01814
7.1,0.016549
7.2,0.005977
7.3,0.013557
7.4,0.015084
7.5,0.0026445
7.6,0.0089114
7.7,0.016866
7.8,0.00561
7.9,0.005074
8,0.015072
8.1,0.0076709
8.2,0.022108
8.3,0.013959
8.4,0.0082785
8.5,0.0049337
8.6,0.012332
8.7,0.014293
8.8,0.020645
8.9,0.0071784
9,0.017592
9.1,0.0082093
9.2,0.0058188
9.3,0.012879
9.4,0.01587
9.5,0.0088613
9.6,0.014258
9.7,0.006198
9.8,0.019684
9.9,0.016504
10,0.0086457
10.1,0.018374
10.2,0.0044571
10.3,0.011844
10.4,0.011548
10.5,0.0057592
10.6,0.011734
10.7,0.0088231
10.8,0.011337
10.9,0.0085752
11,0.012022
11.1,0.008584
11.2,0.0093053
11.3,0.0093374
11.4,0.020407
11.5,0.013133
11.6,0.0059244
11.7,0.0093262
11.8,0.0076648
11.9,0.0045922
12,0.012566
12.1,0.0094572
12.2,0.0060409
12.3,0.011254
12.4,0.015917
12.5,0.0060612
12.6,0.0097445
12.7,0.0042299
12.8,0.0069329
12.9,0.015026
13,0.012414
13.1,0.011074
13.2,0.0064975
13.3,0.0057173
13.4,0.0033749
13.5,0.028855
13.6,0.020993
13.7,0.018467
13.8,0.0039151
13.9,0.0055074
14,0.014645
14.1,0.016093
14.2,0.0047446
14.3,0.0225
14.4,0.009282
14.5,0.0034077
14.6,0.0042112
14.7,0.0087707
14.8,0.011492
14.9,0.014813
15,0.010148
15.1,0.0068537
15.2,0.01831
15.3,0.015711
15.4,0.019836
15.5,0.00077344
15.6,0.00526
15.7,0.014982
15.8,0.0097101
15.9,0.021416
16,0.0089802
16.1,0.011254
16.2,0.010419
16.3,0.0054161
16.4,0.014659
16.5,0.008356
16.6,0.011326
16.7,0.020316
16.8,0.0031038
16.9,0.0097979
17,0.0072122
17.1,0.0078129
17.2,0.0046486
17.3,0.017544
17.4,0.015005
17.5,0.032913
17.6,0.0098784
17.7,0.015094
17.8,0.012005
17.9,0.0080063
18,0.010991
18.1,0.0052659
18.2,0.0097193
18.3,0.022655
18.4,0.017704
18.5,0.012193
18.6,0.022931
18.7,0.0097553
18.8,0.042364
18.9,0.023633
19,0.012848
19.1,0.016013
19.2,0.02329
19.3,0.041865
19.4,0.029003
19.5,0.0074529
19.6,0.019058
19.7,0.020463
19.8,0.006735
19.9,0.0071196
20,0.035144
20.1,0.015729
20.2,0.010102
20.3,0.017915
20.4,0.037179
20.5,0.029547
20.6,0.0072609
20.7,0.048546
20.8,0.016417
20.9,0.0079517
21,0.014176
21.1,0.023914
21.2,0.032137
21.3,0.034549
21.4,0.027996
21.5,0.031759
21.6,0.0069577
21.7,0.067154
21.8,0.053929
21.9,0.035505
22,0.031897
22.1,0.042411
22.2,0.030345
22.3,0.0086705
22.4,0.034667
22.5,0.012108
22.6,0.020552
22.7,0.032823
22.8,0.013964
22.9,0.060468
23,0.043096
23.1,0.063597
23.2,0.036287
23.3,0.062695
23.4,0.05548
23.5,0.01611
23.6,0.018882
23.7,0.036532
23.8,0.053784
23.9,0.029817
24,0.054551
24.1,0.041772
24.2,0.054381
24.3,0.046419
24.4,0.068917
24.5,0.041846
24.6,0.086318
24.7,0.040758
24.8,0.072194
24.9,0.077774
25,0.058615
25.1,0.033072
25.2,0.054129
25.3,0.074652
25.4,0.094015
25.5,0.076126
25.6,0.075694
25.7,0.025839
25.8,0.089279
25.9,0.023811
26,0.091613
26.1,0.040839
26.2,0.047933
26.3,0.013194
26.4,0.040714
26.5,0.057631
26.6,0.048925
26.7,0.050766
26.8,0.031457
26.9,0.086768
27,0.092786
27.1,0.11253
27.2,0.090483
27.3,0.0792
27.4,0.079271
27.5,0.090977
27.6,0.10478
27.7,0.072497
27.8,0.021801
27.9,0.030709
28,0.056818
28.1,0.12415
28.2,0.15417
28.3,0.11553
28.4,0.024791
28.5,0.078032
28.6,0.020892
28.7,0.085377
28.8,0.04457
28.9,0.11032
29,0.052757
29.1,0.077853
29.2,0.055233
29.3,0.14267
29.4,0.068988
29.5,0.11228
29.6,0.039967
29.7,0.019626
29.8,0.04159
29.9,0.025528
30,0.049334
30.1,0.057993
30.2,0.12817
30.3,0.098059
30.4,0.038646
30.5,0.21606
30.6,0.25392
30.7,0.15089
30.8,0.050905
30.9,0.13195
31,0.13085
31.1,0.018183
31.2,0.048474
31.3,0.12229
31.4,0.038176
31.5,0.16739
31.6,0.1823
31.7,0.28333
31.8,0.21876
31.9,0.2032
32,0.21409
32.1,0.25897
32.2,0.055585
32.3,0.13439
32.4,0.20271
32.5,0.12967
32.6,0.068673
32.7,0.06086
32.8,0.1009
32.9,0.13956
33,0.051817
33.1,0.074092
33.2,0.23083
33.3,0.13373
33.4,0.082147
33.5,0.19373
33.6,0.18108
33.7,0.037294
33.8,0.16524
33.9,0.22291
34,0.0028726
34.1,0.093081
34.2,0.1435
34.3,0.029514
34.4,0.12276
34.5,0.13556
34.6,0.1423
34.7,0.14933
34.8,0.19165
34.9,0.24578
35,0.12415
35.1,0.3079
35.2,0.085016
35.3,0.13395
35.4,0.073565
35.5,0.057962
35.6,0.23499
35.7,0.069977
35.8,0.14028
35.9,0.22266
36,0.29924
36.1,0.1676
36.2,0.14805
36.3,0.10097
36.4,0.12783
36.5,0.065607
36.6,0.17419
36.7,0.1448
36.8,0.067681
36.9,0.21267
37,0.10758
37.1,0.22121
37.2,0.075338
37.3,0.28414
37.4,0.11998
37.5,0.16958
37.6,0.1921
37.7,0.28055
37.8,0.2511
37.9,0.10028
38,0.12155
38.1,0.12332
38.2,0.24229
38.3,0.13627
38.4,0.2668
38.5,0.13171
38.6,0.10773
38.7,0.16273
38.8,0.017928
38.9,0.058159
39,0.23125
39.1,0.22998
39.2,0.10669
39.3,0.047876
39.4,0.15717
39.5,0.17649
39.6,0.029697
39.7,0.23819
39.8,0.28845
39.9,0.20175
40,0.22438
40.1,0.18677
40.2,0.30249
40.3,0.18813
40.4,0.070446
40.5,0.40622
40.6,0.27271
40.7,0.2046
40.8,0.21663
40.9,0.12811
41,0.16656
41.1,0.3008
41.2,0.01331
41.3,0.23696
41.4,0.14895
41.5,0.063339
41.6,0.23899
41.7,0.329
41.8,0.16854
41.9,0.050874
42,0.21507
42.1,0.36976
42.2,0.64889
42.3,0.22757
42.4,0.066814
42.5,0.25797
42.6,0.07502
42.7,0.15921
42.8,0.10073
42.9,0.21916
43,0.22493
43.1,0.064603
43.2,0.16788
43.3,0.14784
43.4,0.26654
43.5,0.18425
43.6,0.26064
43.7,0.059684
43.8,0.045639
43.9,0.22373
44,0.099714
44.1,0.086925
44.2,0.13441
44.3,0.239
44.4,0.1243
44.5,0.31588
44.6,0.30431
44.7,0.28209
44.8,0.24132
44.9,0.10127
45,0.25152
45.1,0.13101
45.2,0.38377
45.3,0.061769
45.4,0.21481
45.5,0.15754
45.6,0.29177
45.7,0.19456
45.8,0.2517
45.9,0.36497
46,0.39728
46.1,0.20313
46.2,0.21137
46.3,0.14645
46.4,0.19082
46.5,0.30359
46.6,0.27983
46.7,0.27957
46.8,0.18579
46.9,0.26669
47,0.17932
47.1,0.23441
47.2,0.3329
47.3,0.26731
47.4,0.21407
47.5,0.21451
47.6,0.29695
47.7,0.58403
47.8,0.36781
47.9,0.29763
48,0.19333
48.1,0.17775
48.2,0.42953
48.3,0.14998
48.4,0.25929
48.5,0.20439
48.6,0.32349
48.7,0.20816
48.8,0.13992
48.9,0.17703
49,0.2717
49.1,0.31691
49.2,0.27377
49.3,0.20552
49.4,0.053158
49.5,0.20213
49.6,0.10215
49.7,0.1752
49.8,0.10428
49.9,0.078225
50,0.25925
50.1,0.17259
50.2,0.17862
50.3,0.29684
50.4,0.18317
50.5,0.49259
50.6,0.20716
50.7,0.36012
50.8,0.12951
50.9,0.12496
51,0.15114
51.1,0.15381
51.2,0.10368
51.3,0.21774
51.4,0.37618
51.5,0.15271
51.6,0.14145
51.7,0.077805
51.8,0.56435
51.9,0.3794
52,0.42518
52.1,0.42084
52.2,0.14818
52.3,0.45885
52.4,0.15448
52.5,0.42205
52.6,0.24323
52.7,0.28239
52.8,0.25967
52.9,0.26907
53,0.10305
53.1,0.2107
53.2,0.26102
53.3,0.58351
53.4,0.31967
53.5,0.10776
53.6,0.21377
53.7,0.24419
53.8,0.46284
53.9,0.14348
54,0.11248
54.1,0.14854
54.2,0.27205
54.3,0.35434
54.4,0.24834
54.5,0.47593
54.6,0.2354
54.7,0.40032
54.8,0.45878
54.9,0.35993
55,0.15492
55.1,0.43971
55.2,0.25905
55.3,0.53889
55.4,0.21313
55.5,0.11348
55.6,0.5203
55.7,0.24247
55.8,0.13115
55.9,0.063848
56,0.35876
56.1,0.24539
56.2,0.21918
56.3,0.028017
56.4,0.038652
56.5,0.49439
56.6,0.17245
56.7,0.054737
56.8,0.17772
56.9,0.31813
57,0.14165
57.1,0.27195
57.2,0.096406
57.3,0.2856
57.4,0.11062
57.5,0.14669
57.6,0.32538
57.7,0.38769
57.8,0.30766
57.9,0.22226
58,0.22327
58.1,0.40514
58.2,0.10224
58.3,0.34155
58.4,0.5898
58.5,0.29606
58.6,0.0905
58.7,0.71678
58.8,0.66069
58.9,0.52329
59,0.48853
59.1,0.38997
59.2,0.13792
59.3,0.098502
59.4,0.17239
59.5,0.10519
59.6,0.46939
59.7,0.10644
59.8,0.10855
59.9,0.21832
60,0.12459
60.1,0.30944
60.2,0.1105
60.3,0.32819
60.4,0.13473
60.5,0.3063
60.6,0.020766
60.7,0.158
60.8,0.37611
60.9,0.39473
61,0.33589
61.1,0.29241
61.2,0.036539
61.3,0.30805
61.4,0.39616
61.5,0.46312
61.6,0.34156
61.7,0.26447
61.8,0.033796
61.9,0.45067
62,0.1333
62.1,0.061902
62.2,0.043905
62.3,0.10478
62.4,0.58366
62.5,0.35686
62.6,0.19174
62.7,0.23359
62.8,0.097449
62.9,0.37237
63,0.38153
63.1,0.31309
63.2,0.31815
63.3,0.64793
63.4,0.3292
63.5,0.19022
63.6,0.31465
63.7,0.23394
63.8,0.19474
63.9,0.087473
64,0.23159
64.1,0.38143
64.2,0.26608
64.3,0.24775
64.4,0.22204
64.5,0.33778
64.6,0.3292
64.7,0.44087
64.8,0.20711
64.9,0.59799
65,0.50054
65.1,0.11581
65.2,0.46588
65.3,0.21595
65.4,0.30886
65.5,0.14298
65.6,0.13934
65.7,0.38753
65.8,0.20141
65.9,0.40981
66,0.21664
66.1,0.10146
66.2,0.2286
66.3,0.17691
66.4,0.21684
66.5,0.20054
66.6,0.24153
66.7,0.32393
66.8,0.028478
66.9,0.30031
67,0.38614
67.1,0.14875
67.2,0.325
67.3,0.25321
67.4,0.74377
67.5,0.41589
67.6,0.25074
67.7,0.1398
67.8,0.41953
67.9,0.14643
68,0.31056
68.1,0.52692
68.2,0.1865
68.3,0.24187
68.4,0.56244
68.5,0.35603
68.6,0.23771
68.7,0.28063
68.8,0.29958
68.9,0.48537
69,0.3022
69.1,0.48256
69.2,0.22066
69.3,0.62181
69.4,0.17621
69.5,0.38175
69.6,0.32036
69.7,0.46045
69.8,0.44927
69.9,0.29912
70,0.38834
70.1,0.15818
70.2,0.13864
70.3,0.18451
70.4,0.63544
70.5,0.13623
70.6,0.28214
70.7,0.20037
70.8,0.38368
70.9,0.13499
71,0.41521
71.1,0.31814
71.2,0.42715
71.3,0.31322
71.4,0.11866
71.5,0.43832
71.6,0.25061
71.7,0.12593
71.8,0.49903
71.9,0.30737
72,0.44593
72.1,0.40944
72.2,0.36301
72.3,0.56242
72.4,0.37747
72.5,0.47751
72.6,0.25731
72.7,0.32926
72.8,0.28902
72.9,0.0442
73,0.36428
73.1,0.11185
73.2,0.3434
73.3,0.46032
73.4,0.3695
73.5,0.27531
73.6,0.45623
73.7,0.29951
73.8,0.16789
73.9,0.62138
74,0.24089
74.1,0.17893
74.2,0.22593
74.3,0.34142
74.4,0.20026
74.5,0.49329
74.6,0.35096
74.7,0.23948
74.8,0.28426
74.9,0.35168
75,0.11759
75.1,0.51333
75.2,0.12914
75.3,0.083084
75.4,0.1848
75.5,0.41297
75.6,0.27062
75.7,0.25542
75.8,0.26386
75.9,0.31352
76,0.47919
76.1,0.23369
76.2,0.62898
76.3,0.060027
76.4,0.36963
76.5,0.26414
76.6,0.54736
76.7,0.58461
76.8,0.41828
76.9,0.32012
77,0.65705
77.1,0.4321
77.2,0.31926
77.3,0.64275
77.4,0.3521
77.5,0.30454
77.6,0.41892
77.7,0.36201
77.8,0.27132
77.9,0.28107
78,0.26802
78.1,0.55235
78.2,0.4229
78.3,0.38163
78.4,0.48819
78.5,0.39776
78.6,0.068169
78.7,0.2679
78.8,0.28787
78.9,0.6895
79,0.30366
79.1,0.45691
79.2,0.14037
79.3,0.61037
79.4,0.47584
79.5,0.094928
79.6,0.26409
79.7,0.22028
79.8,0.3301
79.9,0.099306
80,0.23807
80.1,0.067104
80.2,0.50641
80.3,0.32179
80.4,0.29418
80.5,0.26584
80.6,0.6409
80.7,0.46263
80.8,0.2201
80.9,0.86661
81,0.19362
81.1,0.23452
81.2,0.3582
81.3,0.36801
81.4,0.77642
81.5,0.43388
81.6,0.47067
81.7,0.44192
81.8,0.14328
81.9,0.15822
82,0.3673
82.1,0.84231
82.2,0.19353
82.3,0.23365
82.4,0.32808
82.5,0.21424
82.6,0.51239
82.7,0.28626
82.8,0.15869
82.9,0.38136
83,0.75859
83.1,0.38194
83.2,0.29113
83.3,0.35888
83.4,0.5507
83.5,0.048515
83.6,0.36787
83.7,0.1381
83.8,0.43129
83.9,0.19025
84,0.6248
84.1,0.46522
84.2,0.31631
84.3,0.40296
84.4,0.25402
84.5,0.27959
84.6,0.61886
84.7,0.3858
84.8,0.38864
84.9,0.43712
85,0.13249
85.1,0.3226
85.2,0.45601
85.3,0.6344
85.4,0.53078
85.5,0.26615
85.6,0.11614
85.7,0.52669
85.8,0.63162
85.9,0.37041
86,0.54865
86.1,0.42785
86.2,0.098279
86.3,0.070331
86.4,0.39821
86.5,0.18562
86.6,0.46798
86.7,0.30963
86.8,0.29338
86.9,0.13667
87,0.53783
87.1,0.17466
87.2,0.50672
87.3,0.15676
87.4,0.38124
87.5,0.0093909
87.6,0.1152
87.7,0.74588
87.8,0.33877
87.9,0.74259
88,0.46235
88.1,0.10652
88.2,0.29765
88.3,0.80233
88.4,0.48045
88.5,0.13636
88.6,0.55872
88.7,0.14477
88.8,0.23618
88.9,0.61825
89,0.4754
89.1,0.51317
89.2,0.62961
89.3,0.40702
89.4,0.21733
89.5,0.29529
89.6,0.5732
89.7,0.36555
89.8,0.27318
89.9,0.10858
90,0.16521
90.1,0.19858
90.2,0.20737
90.3,0.53352
90.4,0.16432
90.5,0.2154
90.6,0.31046
90.7,0.39729
90.8,0.19013
90.9,0.57813
91,0.44154
91.1,0.7384
91.2,0.33104
91.3,0.4657
91.4,0.46199
91.5,0.30449
91.6,0.39854
91.7,0.34001
91.8,0.61348
91.9,0.6679
92,0.17745
92.1,0.33639
92.2,0.33209
92.3,0.042899
92.4,0.59621
92.5,0.16856
92.6,0.75853
92.7,0.65694
92.8,0.4424
92.9,0.11715
93,0.07017
93.1,0.41864
93.2,0.68751
93.3,0.31028
93.4,0.38608
93.5,0.34991
93.6,0.31457
93.7,0.34066
93.8,0.57777
93.9,1
94,0.40617
94.1,0.58934
94.2,0.1531
94.3,0.18501
94.4,0.34161
94.5,0.35554
94.6,0.13483
94.7,0.36897
94.8,0.44918
94.9,0.41491
95,0.13281
95.1,0.50444
95.2,0.70391
95.3,0.50216
95.4,0.28415
95.5,0.45565
95.6,0.62665
95.7,0.10982
95.8,0.22142
95.9,0.49494
96,0.17366
96.1,0.19225
96.2,0.27756
96.3,0.54516
96.4,0.73118
96.5,0.22104
96.6,0.13327
96.7,0.5089
96.8,0.91817
96.9,0.50579
97,0.20007
97.1,0.25176
97.2,0.28994
97.3,0.73351
97.4,0.24689
97.5,0.10977
97.6,0.24428
97.7,0.43887
97.8,0.60498
97.9,0.074334
98,0.52211
98.1,0.22004
98.2,0.46151
98.3,0.49847
98.4,0.17155
98.5,0.12984
98.6,0.493
98.7,0.27398
98.8,0.45866
98.9,0.26085
99,0.29723
99.1,0.44168
99.2,0.55904
99.3,0.36278
99.4,0.21637
99.5,0.23022
99.6,0.27297
99.7,0.38919
99.8,0.29243
99.9,0.33707
100,0.62886
100.1,0.033493
100.2,0.38024
100.3,0.71012
100.4,0.098382
100.5,0.42767
100.6,0.38875
100.7,0.19687
100.8,0.078688
100.9,0.25943
101,0.52553
101.1,0.1936
101.2,0.25728
101.3,0.42585
101.4,0.49133
101.5,0.14503
101.6,0.14222
101.7,0.34117
101.8,0.34946
101.9,0.12478
102,0.17658
102.1,0.12364
102.2,0.11336
102.3,0.23793
102.4,0.22578
102.5,0.08905
102.6,0.15526
102.7,0.42421
102.8,0.26799
102.9,0.24705
103,0.3238
103.1,0.19211
103.2,0.17619
103.3,0.53545
103.4,0.59979
103.5,0.30525
103.6,0.48724
103.7,0.2823
103.8,0.53081
103.9,0.54504
104,0.30457
104.1,0.29724
104.2,0.03119
104.3,0.2136
104.4,0.35721
104.5,0.46906
104.6,0.5372
104.7,0.23801
104.8,0.10984
104.9,0.40384
105,0.17874
105.1,0.36515
105.2,0.90134
105.3,0.24666
105.4,0.45573
105.5,0.29568
105.6,0.49226
105.7,0.56339
105.8,0.39623
105.9,0.36312
106,0.68405
106.1,0.32438
106.2,0.43441
106.3,0.71748
106.4,0.88765
106.5,0.32327
106.6,0.43217
106.7,0.57203
106.8,0.49932
106.9,0.57109
107,0.17263
107.1,0.48466
107.2,0.22955
107.3,0.11898
107.4,0.25312
107.5,0.36056
107.6,0.16141
107.7,0.3892
107.8,0.22394
107.9,0.49451
108,0.30773
108.1,0.12615
108.2,0.34385
108.3,0.51002
108.4,0.16921
108.5,0.13551
108.6,0.36448
108.7,0.25727
108.8,0.33608
108.9,0.25491
109,0.55897
109.1,0.33934
109.2,0.2791
109.3,0.18039
109.4,0.1527
109.5,0.4381
109.6,0.14473
109.7,0.80498
109.8,0.17974
109.9,0.29489
110,0.6959
110.1,0.11852
110.2,0.27292
110.3,0.5841
110.4,0.16806
110.5,0.15145
110.6,0.28439
110.7,0.32287
110.8,0.36133
110.9,0.083037
111,0.19101
111.1,0.32545
111.2,0.28154
111.3,0.44816
111.4,0.31861
111.5,0.3353
111.6,0.40023
111.7,0.22733
111.8,0.38168
111.9,0.28811
112,0.21436
112.1,0.20982
112.2,0.50183
112.3,0.44032
112.4,0.09872
112.5,0.50792
112.6,0.16512
112.7,0.53965
112.8,0.30104
112.9,0.17004
113,0.19746
113.1,0.17441
113.2,0.43492
113.3,0.64675
113.4,0.17329
113.5,0.37121
113.6,0.4395
113.7,0.04345
113.8,0.25405
113.9,0.42591
114,0.1559
114.1,0.21545
114.2,0.19532
114.3,0.31531
114.4,0.57247
114.5,0.36842
114.6,0.27318
114.7,0.28866
114.8,0.50852
114.9,0.080608
115,0.086984
115.1,0.18832
115.2,0.25723
115.3,0.29092
115.4,0.39319
115.5,0.28573
115.6,0.29982
115.7,0.52258
115.8,0.18985
115.9,0.23345
116,0.087023
116.1,0.27967
116.2,0.27559
116.3,0.26673
116.4,0.12747
116.5,0.37339
116.6,0.29696
116.7,0.18599
116.8,0.1597
116.9,0.065008
117,0.35739
117.1,0.18425
117.2,0.36728
117.3,0.23757
117.4,0.58512
117.5,0.2639
117.6,0.36081
117.7,0.26175
117.8,0.63209
117.9,0.31501
118,0.088251
118.1,0.30376
118.2,0.44274
118.3,0.64388
118.4,0.3077
118.5,0.49512
118.6,0.24705
118.7,0.33113
118.8,0.0612
118.9,0.15867
119,0.091688
119.1,0.4783
119.2,0.098507
119.3,0.84949
119.4,0.5105
119.5,0.60727
119.6,0.10969
119.7,0.16401
119.8,0.40773
119.9,0.34255
120,0.26299
120.1,0.39925
120.2,0.15337
120.3,0.17345
120.4,0.070297
120.5,0.087331
120.6,0.18602
120.7,0.50738
120.8,0.31988
120.9,0.25521
121,0.33676
121.1,0.16646
121.2,0.29533
121.3,0.30682
121.4,0.19428
121.5,0.4021
121.6,0.38745
121.7,0.49076
121.8,0.41035
121.9,0.31683
122,0.19959
122.1,0.30554
122.2,0.18175
122.3,0.2886
122.4,0.22222
122.5,0.32039
122.6,0.35467
122.7,0.056301
122.8,0.56756
122.9,0.11887
123,0.3197
123.1,0.30136
123.2,0.51445
123.3,0.43081
123.4,0.36509
123.5,0.52114
123.6,0.30319
123.7,0.75599
123.8,0.30643
123.9,0.22036
124,0.13633
124.1,0.27974
124.2,0.29902
124.3,0.54504
124.4,0.19048
124.5,0.41877
124.6,0.089482
124.7,0.47573
124.8,0.30213
124.9,0.38409
125,0.3577
125.1,0.27957
125.2,0.24386
125.3,0.69628
125.4,0.26847
125.5,0.57383
125.6,0.39992
125.7,0.42458
125.8,0.39011
125.9,0.11056
126,0.31251
126.1,0.73355
126.2,0.45489
126.3,0.49832
126.4,0.32832
126.5,0.299
126.6,0.41927
126.7,0.50402
126.8,0.26396
126.9,0.14138
127,0.25001
127.1,0.34219
127.2,0.15985
127.3,0.70219
127.4,0.18199
127.5,0.41949
127.6,0.093914
127.7,0.45043
127.8,0.15133
127.9,0.25749
128,0.51594
128.1,0.34955
128.2,0.16414
128.3,0.23375
128.4,0.50994
128.5,0.078432
128.6,0.16389
128.7,0.1958
128.8,0.25946
128.9,0.16031
129,0.42534
129.1,0.10441
129.2,0.46891
129.3,0.093318
129.4,0.36513
129.5,0.25205
129.6,0.34
129.7,0.019347
129.8,0.21644
129.9,0.40983
130,0.51557
130.1,0.28685
130.2,0.21954
130.3,0.081675
130.4,0.23459
130.5,0.43981
130.6,0.058911
130.7,0.17745
130.8,0.2779
130.9,0.051873
131,0.20065
131.1,0.67193
131.2,0.21021
131.3,0.13676
131.4,0.19428
131.5,0.14959
131.6,0.30131
131.7,0.37244
131.8,0.21978
131.9,0.39838
132,0.36623
132.1,0.22273
132.2,0.17277
132.3,0.12016
132.4,0.011977
132.5,0.32236
132.6,0.25133
132.7,0.57731
132.8,0.68729
132.9,0.12829
133,0.22745
133.1,0.27493
133.2,0.56218
133.3,0.13568
133.4,0.36283
133.5,0.80577
133.6,0.25427
133.7,0.20054
133.8,0.159
133.9,0.23482
134,0.25216
134.1,0.23202
134.2,0.34595
134.3,0.16436
134.4,0.10931
134.5,0.60832
134.6,0.16002
134.7,0.3076
134.8,0.20621
134.9,0.17927
135,0.26113
135.1,0.27977
135.2,0.62577
135.3,0.20532
135.4,0.6114
135.5,0.28124
135.6,0.36134
135.7,0.55008
135.8,0.24031
135.9,0.31999
136,0.22878
136.1,0.46053
136.2,0.25112
136.3,0.24052
136.4,0.13346
136.5,0.18256
136.6,0.23253
136.7,0.21709
136.8,0.16848
136.9,0.43166
137,0.31354
137.1,0.52611
137.2,0.49343
137.3,0.40172
137.4,0.70438
137.5,0.27833
137.6,0.23928
137.7,0.26787
137.8,0.3379
137.9,0.51293
138,0.39935
138.1,0.31727
138.2,0.17733
138.3,0.63168
138.4,0.46049
138.5,0.14803
138.6,0.1125
138.7,0.14325
138.8,0.22855
138.9,0.29586
139,0.43591
139.1,0.19701
139.2,0.1527
139.3,0.14324
139.4,0.46947
139.5,0.73238
139.6,0.49274
139.7,0.16462
139.8,0.25169
139.9,0.57282
140,0.39665
140.1,0.062286
140.2,0.37261
140.3,0.31354
140.4,0.1835
140.5,0.072918
140.6,0.44524
140.7,0.44992
140.8,0.24177
140.9,0.42635
141,0.096888
141.1,0.24323
141.2,0.44976
141.3,0.2536
141.4,0.10997
141.5,0.6878
141.6,0.25199
141.7,0.17193
141.8,0.21273
141.9,0.17566
142,0.3891
142.1,0.091469
142.2,0.29324
142.3,0.27239
142.4,0.48328
142.5,0.38597
142.6,0.35859
142.7,0.27386
142.8,0.08487
142.9,0.19736
143,0.51602
143.1,0.044364
143.2,0.43359
143.3,0.087413
143.4,0.25369
143.5,0.22756
143.6,0.20836
143.7,0.17207
143.8,0.23143
143.9,0.091469
144,0.20741
144.1,0.38107
144.2,0.24488
144.3,0.36474
144.4,0.2125
144.5,0.21066
144.6,0.26086
144.7,0.24722
144.8,0.44782
144.9,0.29682
145,0.1719
145.1,0.28
145.2,0.41981
145.3,0.35488
145.4,0.20336
145.5,0.30557
145.6,0.19601
145.7,0.22357
145.8,0.18703
145.9,0.47968
146,0.45212
146.1,0.5135
146.2,0.5127
146.3,0.065748
146.4,0.042413
146.5,0.229
146.6,0.32767
146.7,0.31791
146.8,0.22396
146.9,0.27777
147,0.26439
147.1,0.29556
147.2,0.14629
147.3,0.065958
147.4,0.31219
147.5,0.13919
147.6,0.24704
147.7,0.2625
147.8,0.050754
147.9,0.31779
148,0.368
148.1,0.16044
148.2,0.20163
148.3,0.26866
148.4,0.092232
148.5,0.31444
148.6,0.13793
148.7,0.12008
148.8,0.085757
148.9,0.27886
149,0.04583
149.1,0.24517
149.2,0.25537
149.3,0.38538
149.4,0.30046
149.5,0.20728
149.6,0.31743
149.7,0.33348
149.8,0.32493
149.9,0.24613
150,0.27719
150.1,0.15331
150.2,0.16545
150.3,0.5069
150.4,0.14253
150.5,0.79928
150.6,0.23913
150.7,0.34778
150.8,0.04085
150.9,0.2631
151,0.038811
151.1,0.36203
151.2,0.36674
151.3,0.39113
151.4,0.22916
151.5,0.25842
151.6,0.21079
151.7,0.11454
151.8,0.24554
151.9,0.2319
152,0.18985
152.1,0.45663
152.2,0.3514
152.3,0.060585
152.4,0.1372
152.5,0.19455
152.6,0.22069
152.7,0.10571
152.8,0.29965
152.9,0.46749
153,0.13738
153.1,0.49016
153.2,0.21311
153.3,0.24758
153.4,0.30407
153.5,0.3423
153.6,0.34456
153.7,0.12194
153.8,0.075151
153.9,0.096401
154,0.12643
154.1,0.2762
154.2,0.1419
154.3,0.16389
154.4,0.23329
154.5,0.30917
154.6,0.090027
154.7,0.28636
154.8,0.052332
154.9,0.066697
155,0.10848
155.1,0.42233
155.2,0.16894
155.3,0.1037
155.4,0.073373
155.5,0.24806
155.6,0.25513
155.7,0.085415
155.8,0.34455
155.9,0.39486
156,0.51809
156.1,0.20047
156.2,0.17859
156.3,0.30936
156.4,0.080596
156.5,0.37073
156.6,0.28827
156.7,0.37104
156.8,0.43301
156.9,0.074209
157,0.42526
157.1,0.24338
157.2,0.26932
157.3,0.12439
157.4,0.17158
157.5,0.41998
157.6,0.1157
157.7,0.19487
157.8,0.14528
157.9,0.10883
158,0.13301
158.1,0.13157
158.2,0.057578
158.3,0.16813
158.4,0.25167
158.5,0.42308
158.6,0.40158
158.7,0.14572
158.8,0.25437
158.9,0.25521
159,0.33798
159.1,0.21679
159.2,0.46286
159.3,0.34543
159.4,0.25324
159.5,0.12953
159.6,0.28089
159.7,0.33228
159.8,0.27041
159.9,0.39389
160,0.14633
160.1,0.21168
160.2,0.11168
160.3,0.070324
160.4,0.095639
160.5,0.32638
160.6,0.14274
160.7,0.2396
160.8,0.11571
160.9,0.28858
161,0.37833
161.1,0.12508
161.2,0.088821
161.3,0.32148
161.4,0.21275
161.5,0.11697
161.6,0.35858
161.7,0.14607
161.8,0.20331
161.9,0.17196
162,0.22208
162.1,0.20334
162.2,0.085857
162.3,0.29525
162.4,0.10904
162.5,0.13452
162.6,0.28319
162.7,0.27435
162.8,0.17606
162.9,0.17735
163,0.25938
163.1,0.027308
163.2,0.20332
163.3,0.19273
163.4,0.13179
163.5,0.26686
163.6,0.21056
163.7,0.085823
163.8,0.1463
163.9,0.095546
164,0.17531
164.1,0.043723
164.2,0.4173
164.3,0.29358
164.4,0.33499
164.5,0.030533
164.6,0.14923
164.7,0.18913
164.8,0.15074
164.9,0.11297
165,0.35614
165.1,0.066909
165.2,0.16906
165.3,0.19423
165.4,0.09133
165.5,0.075753
165.6,0.21445
165.7,0.15402
165.8,0.18967
165.9,0.20452
166,0.041514
166.1,0.1182
166.2,0.50964
166.3,0.10314
166.4,0.1332
166.5,0.10174
166.6,0.26422
166.7,0.22466
166.8,0.1852
166.9,0.26446
167,0.12606
167.1,0.25983
167.2,0.039174
167.3,0.24452
167.4,0.2279
167.5,0.0083161
167.6,0.22786
167.7,0.21369
167.8,0.33958
167.9,0.12432
168,0.1515
168.1,0.23195
168.2,0.14977
168.3,0.17631
168.4,0.11785
168.5,0.13286
168.6,0.38548
168.7,0.0085723
168.8,0.057444
168.9,0.16931
169,0.11686
169.1,0.12245
169.2,0.13555
169.3,0.28102
169.4,0.042078
169.5,0.31571
169.6,0.078662
169.7,0.096598
169.8,0.33958
169.9,0.17063
170,0.037108
170.1,0.038268
170.2,0.2893
170.3,0.31392
170.4,0.20351
170.5,0.56135
170.6,0.26937
170.7,0.23189
170.8,0.086305
170.9,0.19196
171,0.24886
171.1,0.19123
171.2,0.16463
171.3,0.39795
171.4,0.4052
171.5,0.31365
171.6,0.31988
171.7,0.33437
171.8,0.1381
171.9,0.26368
172,0.21322
172.1,0.10224
172.2,0.36611
172.3,0.50887
172.4,0.16881
172.5,0.36504
172.6,0.23226
172.7,0.10445
172.8,0.33287
172.9,0.3987
173,0.047044
173.1,0.18566
173.2,0.23434
173.3,0.28249
173.4,0.20664
173.5,0.075744
173.6,0.20089
173.7,0.30457
173.8,0.20243
173.9,0.075599
174,0.17673
174.1,0.21137
174.2,0.49174
174.3,0.22644
174.4,0.52802
174.5,0.26837
174.6,0.37202
174.7,0.35508
174.8,0.34459
174.9,0.25816
175,0.5856
175.1,0.32395
175.2,0.077764
175.3,0.23606
175.4,0.39156
175.5,0.50706
175.6,0.049681
175.7,0.068005
175.8,0.068261
175.9,0.42314
176,0.17493
176.1,0.93635
176.2,0.20795
176.3,0.15619
176.4,0.21837
176.5,0.24674
176.6,0.079065
176.7,0.48631
176.8,0.14633
176.9,0.33352
177,0.37541
177.1,0.33031
177.2,0.19702
177.3,0.21727
177.4,0.1936
177.5,0.40892
177.6,0.29103
177.7,0.093965
177.8,0.35056
177.9,0.20963
178,0.29231
178.1,0.27686
178.2,0.12646
178.3,0.21901
178.4,0.46857
178.5,0.11992
178.6,0.20492
178.7,0.34679
178.8,0.15924
178.9,0.2726
179,0.26972
179.1,0.16291
179.2,0.30215
179.3,0.29686
179.4,0.13752
179.5,0.23349
179.6,0.1117
179.7,0.047544
179.8,0.21674
179.9,0.26155
180,0.074571
180.1,0.09088
180.2,0.25893
180.3,0.4007
180.4,0.041439
180.5,0.14962
180.6,0.29471
180.7,0.20143
180.8,0.099149
180.9,0.26542
181,0.36704
181.1,0.41045
181.2,0.17574
181.3,0.3453
181.4,0.13018
181.5,0.13322
181.6,0.28425
181.7,0.37795
181.8,0.08277
181.9,0.32139
182,0.13186
182.1,0.15861
182.2,0.13524
182.3,0.060218
182.4,0.17021
182.5,0.20747
182.6,0.20568
182.7,0.054125
182.8,0.11793
182.9,0.22639
183,0.25589
183.1,0.3651
183.2,0.084754
183.3,0.010353
183.4,0.1044
183.5,0.23454
183.6,0.26967
183.7,0.44787
183.8,0.36954
183.9,0.17557
184,0.30932
184.1,0.32405
184.2,0.058982
184.3,0.14056
184.4,0.23535
184.5,0.37989
184.6,0.21287
184.7,0.23724
184.8,0.39003
184.9,0.12014
185,0.14545
185.1,0.21315
185.2,0.5687
185.3,0.1611
185.4,0.15555
185.5,0.42397
185.6,0.29329
185.7,0.45672
185.8,0.25361
185.9,0.13367
186,0.52787
186.1,0.23461
186.2,0.0074341
186.3,0.12953
186.4,0.31329
186.5,0.13951
186.6,0.41025
186.7,0.24021
186.8,0.22866
186.9,0.22107
187,0.058602
187.1,0.22697
187.2,0.30557
187.3,0.31029
187.4,0.066102
187.5,0.14778
187.6,0.065237
187.7,0.41576
187.8,0.73868
187.9,0.24201
188,0.31797
188.1,0.23762
188.2,0.42821
188.3,0.51606
188.4,0.6229
188.5,0.2703
188.6,0.33844
188.7,0.40351
188.8,0.3011
188.9,0.27582
189,0.15088
189.1,0.18081
189.2,0.12349
189.3,0.30295
189.4,0.35661
189.5,0.29162
189.6,0.10551
189.7,0.11684
189.8,0.20643
189.9,0.20551
190,0.27871
190.1,0.098156
190.2,0.26127
190.3,0.10198
190.4,0.29448
190.5,0.19794
190.6,0.16086
190.7,0.3946
190.8,0.24453
190.9,0.18132
191,0.19006
191.1,0.32708
191.2,0.12445
191.3,0.068227
191.4,0.40156
191.5,0.086869
191.6,0.13061
191.7,0.27221
191.8,0.089102
191.9,0.16672
192,0.13863
192.1,0.19959
192.2,0.20376
192.3,0.18202
192.4,0.073167
192.5,0.14446
192.6,0.20785
192.7,0.21924
192.8,0.13439
192.9,0.17038
193,0.12341
193.1,0.19805
193.2,0.18784
193.3,0.15917
193.4,0.29282
193.5,0.1286
193.6,0.10075
193.7,0.18858
193.8,0.29603
193.9,0.10906
194,0.18181
194.1,0.32796
194.2,0.10753
194.3,0.22912
194.4,0.23415
194.5,0.36
194.6,0.15904
194.7,0.22864
194.8,0.18782
194.9,0.28881
195,0.24925
195.1,0.15697
195.2,0.17786
195.3,0.15292
195.4,0.10144
195.5,0.0094206
195.6,0.19002
195.7,0.17254
195.8,0.054978
195.9,0.049637
196,0.16159
196.1,0.28788
196.2,0.08547
196.3,0.14245
196.4,0.19685
196.5,0.10298
196.6,0.093119
196.7,0.10779
196.8,0.30097
196.9,0.31502
197,0.066524
197.1,0.081381
197.2,0.19713
197.3,0.12864
197.4,0.13521
197.5,0.13147
197.6,0.16143
197.7,0.27815
197.8,0.042938
197.9,0.043758
198,0.034738
198.1,0.15129
198.2,0.063131
198.3,0.11711
198.4,0.2375
198.5,0.076915
198.6,0.064533
198.7,0.19058
198.8,0.13526
198.9,0.10131
199,0.17309
199.1,0.18296
199.2,0.19888
199.3,0.15655
199.4,0.043465
199.5,0.24598
199.6,0.11756
199.7,0.10816
199.8,0.023086
199.9,0.15151
200,0.10639
