0.1,0.0054804
0.2,0.0075836
0.3,0.0083006
0.4,0.0080879
0.5,0.01517
0.6,0.014106
0.7,0.006671
0.8,0.003638
0.9,0.00735
1,0.0099848
1.1,0.0037396
1.2,0.0018109
1.3,0.01256
1.4,0.0069935
1.5,0.014631
1.6,0.0054636
1.7,0.0065279
1.8,0.0072812
1.9,0.005716
2,0.0036776
2.1,0.01405
2.2,0.010885
2.3,0.010178
2.4,0.001764
2.5,0.009752
2.6,0.0065906
2.7,0.014097
2.8,0.011846
2.9,0.014036
3,0.01204
3.1,0.010225
3.2,0.012466
3.3,0.0066131
3.4,0.013547
3.5,0.010838
3.6,0.0036556
3.7,0.0098154
3.8,0.0083081
3.9,0.0044769
4,0.0096331
4.1,0.0056474
4.2,0.012181
4.3,0.0085055
4.4,0.0019894
4.5,0.009673
4.6,0.0093729
4.7,0.0072896
4.8,0.0057883
4.9,0.019141
5,0.0081742
5.1,0.0015201
5.2,0.004053
5.3,0.0063395
5.4,0.0057078
5.5,0.0071355
5.6,0.0072368
5.7,0.010486
5.8,0.0055534
5.9,0.010304
6,0.019081
6.1,0.0014896
6.2,0.010025
6.3,0.016098
6.4,0.0097964
6.5,0.0030832
6.6,0.0032978
6.7,0.0030857
6.8,0.0072556
6.9,0.0045346
7,0.0063187
7.1,0.0071306
7.2,0.0080435
7.3,0.0081726
7.4,0.0029482
7.5,0.011145
7.6,0.0037989
7.7,0.010147
7.8,0.017039
7.9,0.012615
8,0.010627
8.1,0.0045394
8.2,0.01231
8.3,0.0093352
8.4,0.0080071
8.5,0.011124
8.6,0.010767
8.7,0.018348
8.8,0.015717
8.9,0.0047989
9,0.0033779
9.1,0.0050239
9.2,0.0060403
9.3,0.0037963
9.4,0.0019175
9.5,0.0064592
9.6,0.015918
9.7,0.0051312
9.8,0.015461
9.9,0.023582
10,0.0074798
10.1,0.009996
10.2,0.0031889
10.3,0.0033942
10.4,0.015168
10.5,0.0078081
10.6,0.0076542
10.7,0.010082
10.8,0.009486
10.9,0.0060995
11,0.018588
11.1,0.00704
11.2,0.018483
11.3,0.0049868
11.4,0.0095149
11.5,0.012566
11.6,0.0038528
11.7,0.009017
11.8,0.011466
11.9,0.0081462
12,0.0075969
12.1,0.013638
12.2,0.0023905
12.3,0.018579
12.4,0.0091045
12.5,0.0087478
12.6,0.0072963
12.7,0.0033723
12.8,0.011258
12.9,0.020796
13,0.01304
13.1,0.0022924
13.2,0.029827
13.3,0.022073
13.4,0.0011937
13.5,0.024704
13.6,0.036736
13.7,0.015337
13.8,0.0075132
13.9,0.03831
14,0.023567
14.1,0.021357
14.2,0.011848
14.3,0.062665
14.4,0.033162
14.5,0.054892
14.6,0.0062931
14.7,0.030414
14.8,0.01752
14.9,0.013288
15,0.010992
15.1,0.035583
15.2,0.037954
15.3,0.011647
15.4,0.0043122
15.5,0.042234
15.6,0.030932
15.7,0.022596
15.8,0.02819
15.9,0.0183
16,0.026937
16.1,0.011094
16.2,0.025282
16.3,0.024554
16.4,0.04949
16.5,0.054113
16.6,0.007962
16.7,0.0067584
16.8,0.035021
16.9,0.056385
17,0.066317
17.1,0.06999
17.2,0.048486
17.3,0.065449
17.4,0.03271
17.5,0.033797
17.6,0.012976
17.7,0.05372
17.8,0.037242
17.9,0.038403
18,0.037249
18.1,0.059927
18.2,0.054949
18.3,0.035584
18.4,0.011027
18.5,0.02135
18.6,0.03475
18.7,0.0059653
18.8,0.059985
18.9,0.03863
19,0.049344
19.1,0.050548
19.2,0.070438
19.3,0.13132
19.4,0.12576
19.5,0.060867
19.6,0.092292
19.7,0.10126
19.8,0.065023
19.9,0.062864
20,0.057205
20.1,0.067033
20.2,0.029149
20.3,0.0497
20.4,0.097952
20.5,0.07928
20.6,0.015822
20.7,0.039183
20.8,0.07169
20.9,0.029117
21,0.040498
21.1,0.11172
21.2,0.069082
21.3,0.057562
21.4,0.049158
21.5,0.094711
21.6,0.039807
21.7,0.025276
21.8,0.051136
21.9,0.10264
22,0.093404
22.1,0.10567
22.2,0.035859
22.3,0.033717
22.4,0.084977
22.5,0.088701
22.6,0.051204
22.7,0.090925
22.8,0.041842
22.9,0.065997
23,0.0041972
23.1,0.1246
23.2,0.025241
23.3,0.11715
23.4,0.095148
23.5,0.066966
23.6,0.18941
23.7,0.10533
23.8,0.089159
23.9,0.11468
24,0.093167
24.1,0.034708
24.2,0.15282
24.3,0.041729
24.4,0.054441
24.5,0.024129
24.6,0.11403
24.7,0.033473
24.8,0.11906
24.9,0.062131
25,0.12058
25.1,0.15715
25.2,0.026809
25.3,0.031112
25.4,0.15933
25.5,0.045844
25.6,0.15681
25.7,0.08737
25.8,0.18845
25.9,0.041044
26,0.084816
26.1,0.065846
26.2,0.098325
26.3,0.081167
26.4,0.092676
26.5,0.1838
26.6,0.061939
26.7,0.064223
26.8,0.12099
26.9,0.19954
27,0.053078
27.1,0.12163
27.2,0.088438
27.3,0.19063
27.4,0.034835
27.5,0.049338
27.6,0.042483
27.7,0.094113
27.8,0.14085
27.9,0.26273
28,0.047662
28.1,0.04765
28.2,0.1162
28.3,0.17486
28.4,0.26784
28.5,0.16904
28.6,0.098878
28.7,0.21764
28.8,0.13712
28.9,0.27716
29,0.061403
29.1,0.28389
29.2,0.22485
29.3,0.1795
29.4,0.094061
29.5,0.065238
29.6,0.27805
29.7,0.065952
29.8,0.10303
29.9,0.34819
30,0.062137
30.1,0.14929
30.2,0.019299
30.3,0.12514
30.4,0.093889
30.5,0.12118
30.6,0.055747
30.7,0.21784
30.8,0.19187
30.9,0.080162
31,0.071786
31.1,0.15131
31.2,0.14872
31.3,0.18031
31.4,0.18074
31.5,0.11414
31.6,0.2652
31.7,0.075819
31.8,0.1804
31.9,0.14525
32,0.41517
32.1,0.015629
32.2,0.22124
32.3,0.38375
32.4,0.2013
32.5,0.20327
32.6,0.085813
32.7,0.18022
32.8,0.39221
32.9,0.15371
33,0.27404
33.1,0.2905
33.2,0.36581
33.3,0.26472
33.4,0.19075
33.5,0.29629
33.6,0.20466
33.7,0.17886
33.8,0.099111
33.9,0.0098337
34,0.097437
34.1,0.15527
34.2,0.27216
34.3,0.26492
34.4,0.32133
34.5,0.35547
34.6,0.15766
34.7,0.20011
34.8,0.19281
34.9,0.21304
35,0.54907
35.1,0.043937
35.2,0.23927
35.3,0.068274
35.4,0.13164
35.5,0.18177
35.6,0.050159
35.7,0.24091
35.8,0.13603
35.9,0.22649
36,0.13344
36.1,0.18294
36.2,0.20705
36.3,0.23682
36.4,0.35554
36.5,0.13486
36.6,0.21556
36.7,0.28601
36.8,0.27539
36.9,0.13672
37,0.22708
37.1,0.17984
37.2,0.074057
37.3,0.08105
37.4,0.18155
37.5,0.25824
37.6,0.1005
37.7,0.24987
37.8,0.31141
37.9,0.048507
38,0.2944
38.1,0.29799
38.2,0.10958
38.3,0.22304
38.4,0.34715
38.5,0.3278
38.6,0.24776
38.7,0.28499
38.8,0.39518
38.9,0.088662
39,0.29945
39.1,0.26278
39.2,0.070693
39.3,0.25879
39.4,0.20259
39.5,0.044517
39.6,0.3894
39.7,0.52369
39.8,0.24891
39.9,0.12846
40,0.24987
40.1,0.18367
40.2,0.16854
40.3,0.093881
40.4,0.25594
40.5,0.26468
40.6,0.21258
40.7,0.065741
40.8,0.18565
40.9,0.28412
41,0.5888
41.1,0.12722
41.2,0.60619
41.3,0.29275
41.4,0.43288
41.5,0.97831
41.6,1
41.7,0.37849
41.8,0.79754
41.9,0.23804
42,0.507
42.1,0.32951
42.2,0.40261
42.3,0.41391
42.4,0.1503
42.5,0.21813
42.6,0.37116
42.7,0.043689
42.8,0.13282
42.9,0.49531
43,0.15676
43.1,0.2982
43.2,0.40028
43.3,0.23889
43.4,0.6862
43.5,0.33889
43.6,0.29591
43.7,0.31625
43.8,0.05164
43.9,0.12115
44,0.070249
44.1,0.045707
44.2,0.44226
44.3,0.30821
44.4,0.39342
44.5,0.36888
44.6,0.32566
44.7,0.32735
44.8,0.33868
44.9,0.47164
45,0.61808
45.1,0.65317
45.2,0.28909
45.3,0.54175
45.4,0.28264
45.5,0.72947
45.6,0.56026
45.7,0.48318
45.8,0.21541
45.9,0.47957
46,0.36296
46.1,0.1802
46.2,0.18888
46.3,0.22468
46.4,0.033472
46.5,0.16115
46.6,0.21934
46.7,0.18457
46.8,0.068186
46.9,0.28845
47,0.11501
47.1,0.34613
47.2,0.067724
47.3,0.091368
47.4,0.16239
47.5,0.10222
47.6,0.37981
47.7,0.17772
47.8,0.24828
47.9,0.20377
48,0.45377
48.1,0.21021
48.2,0.26714
48.3,0.188
48.4,0.074446
48.5,0.50196
48.6,0.25525
48.7,0.10723
48.8,0.25806
48.9,0.046126
49,0.15358
49.1,0.28815
49.2,0.086029
49.3,0.23574
49.4,0.14675
49.5,0.10544
49.6,0.21526
49.7,0.34573
49.8,0.2586
49.9,0.10502
50,0.13619
50.1,0.05519
50.2,0.24757
50.3,0.44383
50.4,0.32319
50.5,0.26363
50.6,0.23613
50.7,0.22095
50.8,0.16445
50.9,0.19999
51,0.1034
51.1,0.13028
51.2,0.35974
51.3,0.20575
51.4,0.16918
51.5,0.16059
51.6,0.16372
51.7,0.17968
51.8,0.28173
51.9,0.22684
52,0.27026
52.1,0.14212
52.2,0.097347
52.3,0.21011
52.4,0.36254
52.5,0.093004
52.6,0.16578
52.7,0.20861
52.8,0.43864
52.9,0.070004
53,0.092779
53.1,0.13912
53.2,0.10886
53.3,0.1555
53.4,0.30783
53.5,0.13323
53.6,0.13267
53.7,0.03663
53.8,0.15955
53.9,0.089087
54,0.14071
54.1,0.25258
54.2,0.034822
54.3,0.097848
54.4,0.20316
54.5,0.11816
54.6,0.013203
54.7,0.11498
54.8,0.18218
54.9,0.17132
55,0.14462
55.1,0.14416
55.2,0.24257
55.3,0.013191
55.4,0.17994
55.5,0.23697
55.6,0.16717
55.7,0.023638
55.8,0.47769
55.9,0.36401
56,0.43562
56.1,0.18522
56.2,0.13429
56.3,0.26103
56.4,0.20474
56.5,0.19339
56.6,0.070418
56.7,0.11314
56.8,0.20843
56.9,0.28206
57,0.053415
57.1,0.37086
57.2,0.1179
57.3,0.21192
57.4,0.1937
57.5,0.11132
57.6,0.25441
57.7,0.16355
57.8,0.23469
57.9,0.12659
58,0.2064
58.1,0.21514
58.2,0.11295
58.3,0.24799
58.4,0.13131
58.5,0.19026
58.6,0.3654
58.7,0.23448
58.8,0.28118
58.9,0.029785
59,0.061143
59.1,0.10959
59.2,0.095118
59.3,0.18928
59.4,0.23399
59.5,0.13407
59.6,0.22045
59.7,0.29333
59.8,0.15155
59.9,0.027296
60,0.13825
60.1,0.17067
60.2,0.2507
60.3,0.15258
60.4,0.37187
60.5,0.11051
60.6,0.47184
60.7,0.28453
60.8,0.11713
60.9,0.39432
61,0.16828
61.1,0.13885
61.2,0.092288
61.3,0.14245
61.4,0.038809
61.5,0.17012
61.6,0.13749
61.7,0.15203
61.8,0.24551
61.9,0.20884
62,0.28064
62.1,0.22746
62.2,0.2935
62.3,0.20565
62.4,0.077355
62.5,0.074288
62.6,0.25081
62.7,0.25584
62.8,0.11786
62.9,0.11807
63,0.10544
63.1,0.11899
63.2,0.1636
63.3,0.23462
63.4,0.14238
63.5,0.075399
63.6,0.27369
63.7,0.12779
63.8,0.14916
63.9,0.20837
64,0.21045
64.1,0.29594
64.2,0.19444
64.3,0.077214
64.4,0.18664
64.5,0.16559
64.6,0.11125
64.7,0.080508
64.8,0.29689
64.9,0.082694
65,0.11678
65.1,0.34257
65.2,0.08529
65.3,0.13189
65.4,0.20994
65.5,0.061444
65.6,0.15642
65.7,0.10842
65.8,0.28324
65.9,0.1585
66,0.16302
66.1,0.16467
66.2,0.17583
66.3,0.17218
66.4,0.25042
66.5,0.2364
66.6,0.24918
66.7,0.13674
66.8,0.17351
66.9,0.049009
67,0.15079
67.1,0.15458
67.2,0.12761
67.3,0.23352
67.4,0.12408
67.5,0.046047
67.6,0.12779
67.7,0.074077
67.8,0.18799
67.9,0.047431
68,0.071944
68.1,0.13898
68.2,0.11
68.3,0.027047
68.4,0.24139
68.5,0.31936
68.6,0.10459
68.7,0.06263
68.8,0.12117
68.9,0.13251
69,0.22006
69.1,0.19114
69.2,0.048754
69.3,0.20397
69.4,0.15076
69.5,0.039054
69.6,0.27907
69.7,0.20074
69.8,0.13678
69.9,0.05167
70,0.1493
70.1,0.083819
70.2,0.023986
70.3,0.28833
70.4,0.046486
70.5,0.054692
70.6,0.062494
70.7,0.17378
70.8,0.099316
70.9,0.16402
71,0.17523
71.1,0.058589
71.2,0.036081
71.3,0.05215
71.4,0.068483
71.5,0.17165
71.6,0.045596
71.7,0.16444
71.8,0.14541
71.9,0.15528
72,0.21695
72.1,0.015735
72.2,0.10395
72.3,0.18643
72.4,0.081903
72.5,0.14805
72.6,0.10928
72.7,0.14315
72.8,0.2664
72.9,0.11082
73,0.17359
73.1,0.053401
73.2,0.068701
73.3,0.12275
73.4,0.032109
73.5,0.20024
73.6,0.075001
73.7,0.019221
73.8,0.10221
73.9,0.10806
74,0.18038
74.1,0.09249
74.2,0.043716
74.3,0.14924
74.4,0.12835
74.5,0.015552
74.6,0.24821
74.7,0.083981
74.8,0.17344
74.9,0.11812
75,0.091394
75.1,0.16419
75.2,0.13238
75.3,0.21418
75.4,0.11949
75.5,0.076291
75.6,0.16834
75.7,0.035916
75.8,0.044322
75.9,0.1024
76,0.012396
76.1,0.045036
76.2,0.21871
76.3,0.13208
76.4,0.088983
76.5,0.066862
76.6,0.25477
76.7,0.075317
76.8,0.12085
76.9,0.039135
77,0.06136
77.1,0.050359
77.2,0.10773
77.3,0.17074
77.4,0.063911
77.5,0.024869
77.6,0.073606
77.7,0.081735
77.8,0.053227
77.9,0.072395
78,0.042827
78.1,0.014099
78.2,0.19417
78.3,0.074318
78.4,0.16675
78.5,0.098511
78.6,0.032062
78.7,0.053549
78.8,0.15149
78.9,0.058043
79,0.10421
79.1,0.12603
79.2,0.084035
79.3,0.063041
79.4,0.15384
79.5,0.097149
79.6,0.029129
79.7,0.11348
79.8,0.18598
79.9,0.071813
80,0.15018
80.1,0.087437
80.2,0.13178
80.3,0.11019
80.4,0.14674
80.5,0.19414
80.6,0.1194
80.7,0.01671
80.8,0.13072
80.9,0.076147
81,0.069609
81.1,0.16816
81.2,0.19582
81.3,0.2376
81.4,0.07812
81.5,0.10247
81.6,0.15828
81.7,0.051007
81.8,0.083311
81.9,0.16199
82,0.13712
82.1,0.15728
82.2,0.13411
82.3,0.11401
82.4,0.058158
82.5,0.13904
82.6,0.06477
82.7,0.061176
82.8,0.16447
82.9,0.16897
83,0.11775
83.1,0.11731
83.2,0.11092
83.3,0.04339
83.4,0.12923
83.5,0.081572
83.6,0.14691
83.7,0.045821
83.8,0.14209
83.9,0.21266
84,0.039065
84.1,0.13419
84.2,0.064568
84.3,0.038757
84.4,0.18837
84.5,0.080476
84.6,0.049302
84.7,0.04223
84.8,0.035245
84.9,0.0030422
85,0.13063
85.1,0.097588
85.2,0.13395
85.3,0.077388
85.4,0.052438
85.5,0.099213
85.6,0.090364
85.7,0.1109
85.8,0.13642
85.9,0.071033
86,0.084642
86.1,0.056562
86.2,0.10911
86.3,0.0069386
86.4,0.13345
86.5,0.025946
86.6,0.03648
86.7,0.10739
86.8,0.089592
86.9,0.06621
87,0.086795
87.1,0.077339
87.2,0.067735
87.3,0.14814
87.4,0.093636
87.5,0.03341
87.6,0.11834
87.7,0.03602
87.8,0.055195
87.9,0.063419
88,0.082339
88.1,0.12334
88.2,0.046299
88.3,0.045809
88.4,0.048139
88.5,0.067094
88.6,0.022827
88.7,0.065292
88.8,0.024068
88.9,0.077416
89,0.070031
89.1,0.078535
89.2,0.095314
89.3,0.11516
89.4,0.072787
89.5,0.10866
89.6,0.033799
89.7,0.058497
89.8,0.042299
89.9,0.10874
90,0.11656
90.1,0.065394
90.2,0.085252
90.3,0.13434
90.4,0.041549
90.5,0.092067
90.6,0.077608
90.7,0.13551
90.8,0.039118
90.9,0.079258
91,0.041704
91.1,0.025299
91.2,0.075536
91.3,0.17027
91.4,0.025164
91.5,0.061433
91.6,0.08488
91.7,0.044932
91.8,0.06376
91.9,0.10068
92,0.025645
92.1,0.041856
92.2,0.1277
92.3,0.1462
92.4,0.026128
92.5,0.12761
92.6,0.024783
92.7,0.069834
92.8,0.094898
92.9,0.031284
93,0.088836
93.1,0.085729
93.2,0.18185
93.3,0.11138
93.4,0.10082
93.5,0.1541
93.6,0.074438
93.7,0.10938
93.8,0.082598
93.9,0.1231
94,0.075873
94.1,0.083148
94.2,0.090418
94.3,0.061822
94.4,0.044275
94.5,0.056621
94.6,0.089895
94.7,0.072562
94.8,0.054325
94.9,0.060788
95,0.10415
95.1,0.10019
95.2,0.086558
95.3,0.069002
95.4,0.076613
95.5,0.077442
95.6,0.10089
95.7,0.15436
95.8,0.085017
95.9,0.10542
96,0.017776
96.1,0.089271
96.2,0.019735
96.3,0.015343
96.4,0.096691
96.5,0.068148
96.6,0.046631
96.7,0.066423
96.8,0.14775
96.9,0.09137
97,0.061582
97.1,0.087078
97.2,0.097426
97.3,0.056668
97.4,0.16107
97.5,0.075279
97.6,0.082079
97.7,0.11101
97.8,0.047402
97.9,0.02165
98,0.08666
98.1,0.075371
98.2,0.16224
98.3,0.11607
98.4,0.078595
98.5,0.075086
98.6,0.081529
98.7,0.1016
98.8,0.090552
98.9,0.11415
99,0.12851
99.1,0.16689
99.2,0.21996
99.3,0.052475
99.4,0.161
99.5,0.066084
99.6,0.14146
99.7,0.13274
99.8,0.091975
99.9,0.080205
100,0.18298
100.1,0.19454
100.2,0.10892
100.3,0.063274
100.4,0.079165
100.5,0.21225
100.6,0.062535
100.7,0.07624
100.8,0.084417
100.9,0.053801
101,0.026188
101.1,0.033665
101.2,0.057748
101.3,0.15637
101.4,0.10701
101.5,0.040271
101.6,0.071867
101.7,0.091984
101.8,0.14694
101.9,0.043762
102,0.04786
102.1,0.082814
102.2,0.066125
102.3,0.12699
102.4,0.17576
102.5,0.12662
102.6,0.15954
102.7,0.10395
102.8,0.20781
102.9,0.055104
103,0.015823
103.1,0.16831
103.2,0.034519
103.3,0.09843
103.4,0.1464
103.5,0.070847
103.6,0.091118
103.7,0.18546
103.8,0.090719
103.9,0.08378
104,0.11265
104.1,0.068557
104.2,0.053194
104.3,0.047758
104.4,0.07345
104.5,0.045801
104.6,0.041659
104.7,0.11042
104.8,0.091922
104.9,0.1549
105,0.086935
105.1,0.012603
105.2,0.13338
105.3,0.092533
105.4,0.18195
105.5,0.11282
105.6,0.0079505
105.7,0.14153
105.8,0.10463
105.9,0.036938
106,0.091933
106.1,0.069535
106.2,0.027407
106.3,0.033962
106.4,0.092238
106.5,0.087465
106.6,0.085429
106.7,0.11928
106.8,0.11078
106.9,0.11703
107,0.042982
107.1,0.064613
107.2,0.047815
107.3,0.040258
107.4,0.015174
107.5,0.050115
107.6,0.08551
107.7,0.04417
107.8,0.049953
107.9,0.027666
108,0.029838
108.1,0.0039543
108.2,0.053703
108.3,0.035867
108.4,0.047246
108.5,0.032017
108.6,0.019346
108.7,0.070106
108.8,0.061586
108.9,0.035105
109,0.0053648
109.1,0.1266
109.2,0.026115
109.3,0.095139
109.4,0.094665
109.5,0.018702
109.6,0.092334
109.7,0.040656
109.8,0.032215
109.9,0.023655
110,0.03048
110.1,0.026999
110.2,0.069475
110.3,0.029652
110.4,0.13653
110.5,0.069544
110.6,0.029387
110.7,0.071673
110.8,0.036828
110.9,0.060678
111,0.089635
111.1,0.080247
111.2,0.098508
111.3,0.050565
111.4,0.022965
111.5,0.0095423
111.6,0.053
111.7,0.052591
111.8,0.11877
111.9,0.093899
112,0.10467
112.1,0.013453
112.2,0.034748
112.3,0.027406
112.4,0.074343
112.5,0.078646
112.6,0.037587
112.7,0.08121
112.8,0.044512
112.9,0.12604
113,0.055092
113.1,0.017819
113.2,0.051173
113.3,0.061404
113.4,0.046958
113.5,0.040207
113.6,0.022663
113.7,0.046953
113.8,0.062943
113.9,0.046946
114,0.13347
114.1,0.059934
114.2,0.025589
114.3,0.045887
114.4,0.080003
114.5,0.052454
114.6,0.058684
114.7,0.032132
114.8,0.023239
114.9,0.073437
115,0.051865
115.1,0.11399
115.2,0.093841
115.3,0.080155
115.4,0.028789
115.5,0.0045551
115.6,0.041539
115.7,0.024109
115.8,0.076397
115.9,0.02397
116,0.045683
116.1,0.021848
116.2,0.030773
116.3,0.04031
116.4,0.041126
116.5,0.060314
116.6,0.053033
116.7,0.0062535
116.8,0.060823
116.9,0.021409
117,0.098066
117.1,0.031369
117.2,0.095406
117.3,0.088987
117.4,0.050591
117.5,0.019492
117.6,0.054702
117.7,0.07108
117.8,0.035077
117.9,0.025146
118,0.046753
118.1,0.0031299
118.2,0.024815
118.3,0.046258
118.4,0.060681
118.5,0.071403
118.6,0.057117
118.7,0.030415
118.8,0.058691
118.9,0.1143
119,0.023535
119.1,0.074147
119.2,0.041472
119.3,0.07532
119.4,0.013374
119.5,0.064217
119.6,0.069361
119.7,0.031954
119.8,0.036908
119.9,0.0091882
120,0.05709
120.1,0.045755
120.2,0.024133
120.3,0.043065
120.4,0.043597
120.5,0.013577
120.6,0.025148
120.7,0.033105
120.8,0.036667
120.9,0.035815
121,0.11084
121.1,0.079072
121.2,0.016784
121.3,0.071418
121.4,0.065419
121.5,0.01738
121.6,0.011836
121.7,0.019581
121.8,0.055138
121.9,0.059422
122,0.01418
122.1,0.025252
122.2,0.050551
122.3,0.020623
122.4,0.070796
122.5,0.070886
122.6,0.081536
122.7,0.10079
122.8,0.057324
122.9,0.039006
123,0.019392
123.1,0.044146
123.2,0.083595
123.3,0.0089724
123.4,0.1034
123.5,0.02267
123.6,0.032092
123.7,0.079416
123.8,0.097551
123.9,0.068115
124,0.057131
124.1,0.10368
124.2,0.054074
124.3,0.022285
124.4,0.02199
124.5,0.058152
124.6,0.060271
124.7,0.073279
124.8,0.071488
124.9,0.018548
125,0.029783
125.1,0.057025
125.2,0.046813
125.3,0.049456
125.4,0.032973
125.5,0.031899
125.6,0.084545
125.7,0.078603
125.8,0.089256
125.9,0.017642
126,0.038892
126.1,0.038393
126.2,0.036387
126.3,0.055027
126.4,0.0074525
126.5,0.034081
126.6,0.036945
126.7,0.056555
126.8,0.039329
126.9,0.041175
127,0.071597
127.1,0.055761
127.2,0.027523
127.3,0.037751
127.4,0.039126
127.5,0.04781
127.6,0.065756
127.7,0.032719
127.8,0.056442
127.9,0.041852
128,0.024005
128.1,0.046665
128.2,0.032456
128.3,0.078308
128.4,0.019059
128.5,0.021531
128.6,0.058697
128.7,0.096649
128.8,0.058478
128.9,0.059552
129,0.034889
129.1,0.10175
129.2,0.049381
129.3,0.04751
129.4,0.041097
129.5,0.0011805
129.6,0.0047304
129.7,0.039814
129.8,0.041532
129.9,0.03339
130,0.12057
130.1,0.085778
130.2,0.021777
130.3,0.017106
130.4,0.051274
130.5,0.0427
130.6,0.028424
130.7,0.06944
130.8,0.021146
130.9,0.028735
131,0.042203
131.1,0.062396
131.2,0.090668
131.3,0.042649
131.4,0.031878
131.5,0.023146
131.6,0.02737
131.7,0.028282
131.8,0.062498
131.9,0.057561
132,0.084625
132.1,0.02598
132.2,0.036618
132.3,0.038127
132.4,0.049591
132.5,0.046137
132.6,0.037678
132.7,0.051731
132.8,0.024853
132.9,0.031747
133,0.046266
133.1,0.03805
133.2,0.016114
133.3,0.043293
133.4,0.04229
133.5,0.0075985
133.6,0.059467
133.7,0.0086659
133.8,0.037079
133.9,0.05085
134,0.042188
134.1,0.025265
134.2,0.035483
134.3,0.043605
134.4,0.041527
134.5,0.067456
134.6,0.017284
134.7,0.017805
134.8,0.0054481
134.9,0.03241
135,0.039611
135.1,0.04115
135.2,0.06322
135.3,0.047141
135.4,0.029701
135.5,0.047633
135.6,0.035555
135.7,0.045933
135.8,0.028448
135.9,0.022722
136,0.021572
136.1,0.024997
136.2,0.061979
136.3,0.067121
136.4,0.080695
136.5,0.011059
136.6,0.065993
136.7,0.026715
136.8,0.052427
136.9,0.052009
137,0.0088918
137.1,0.036004
137.2,0.028896
137.3,0.064581
137.4,0.055965
137.5,0.086804
137.6,0.024164
137.7,0.0064832
137.8,0.087735
137.9,0.06661
138,0.037714
138.1,0.015296
138.2,0.062815
138.3,0.041683
138.4,0.057187
138.5,0.046908
138.6,0.074018
138.7,0.046708
138.8,0.085867
138.9,0.060867
139,0.058691
139.1,0.10154
139.2,0.0089338
139.3,0.025358
139.4,0.067601
139.5,0.0097521
139.6,0.037241
139.7,0.071901
139.8,0.031284
139.9,0.056315
140,0.083012
140.1,0.078673
140.2,0.10508
140.3,0.070536
140.4,0.051883
140.5,0.075889
140.6,0.051527
140.7,0.0488
140.8,0.038047
140.9,0.04678
141,0.044639
141.1,0.043686
141.2,0.10011
141.3,0.043658
141.4,0.022291
141.5,0.035299
141.6,0.027703
141.7,0.040624
141.8,0.087042
141.9,0.069099
142,0.056609
142.1,0.089307
142.2,0.028103
142.3,0.035353
142.4,0.047246
142.5,0.067156
142.6,0.029852
142.7,0.063161
142.8,0.03815
142.9,0.054795
143,0.019016
143.1,0.077265
143.2,0.0096754
143.3,0.030286
143.4,0.022961
143.5,0.035475
143.6,0.0638
143.7,0.020095
143.8,0.08088
143.9,0.034976
144,0.087867
144.1,0.024058
144.2,0.025433
144.3,0.11942
144.4,0.11082
144.5,0.029104
144.6,0.029375
144.7,0.11474
144.8,0.0062048
144.9,0.047991
145,0.05761
145.1,0.029546
145.2,0.013937
145.3,0.024111
145.4,0.038461
145.5,0.02259
145.6,0.021605
145.7,0.03546
145.8,0.037158
145.9,0.062715
146,0.12386
146.1,0.040686
146.2,0.10726
146.3,0.046462
146.4,0.042945
146.5,0.049759
146.6,0.073475
146.7,0.032969
146.8,0.04318
146.9,0.037208
147,0.0598
147.1,0.029433
147.2,0.035051
147.3,0.041794
147.4,0.055688
147.5,0.019745
147.6,0.063176
147.7,0.033917
147.8,0.094653
147.9,0.072711
148,0.027455
148.1,0.017945
148.2,0.056654
148.3,0.099635
148.4,0.017688
148.5,0.050622
148.6,0.040725
148.7,0.029248
148.8,0.055181
148.9,0.087382
149,0.031362
149.1,0.033292
149.2,0.056655
149.3,0.029308
149.4,0.047739
149.5,0.049071
149.6,0.051865
149.7,0.058855
149.8,0.037345
149.9,0.038323
150,0.052924
150.1,0.069735
150.2,0.11851
150.3,0.052051
150.4,0.029509
150.5,0.043447
150.6,0.11261
150.7,0.066515
150.8,0.084307
150.9,0.064265
151,0.041628
151.1,0.020029
151.2,0.026589
151.3,0.020451
151.4,0.093559
151.5,0.055368
151.6,0.020602
151.7,0.018737
151.8,0.05168
151.9,0.024264
152,0.027052
152.1,0.033931
152.2,0.027849
152.3,0.05077
152.4,0.043009
152.5,0.010703
152.6,0.029049
152.7,0.095051
152.8,0.036192
152.9,0.055425
153,0.040195
153.1,0.080373
153.2,0.02977
153.3,0.038932
153.4,0.041173
153.5,0.011474
153.6,0.027539
153.7,0.021476
153.8,0.012068
153.9,0.0068515
154,0.032878
154.1,0.026275
154.2,0.04373
154.3,0.0068397
154.4,0.028205
154.5,0.077398
154.6,0.048806
154.7,0.05925
154.8,0.03391
154.9,0.057548
155,0.027768
155.1,0.06901
155.2,0.021227
155.3,0.028062
155.4,0.063396
155.5,0.075936
155.6,0.0658
155.7,0.059405
155.8,0.060154
155.9,0.13148
156,0.11826
156.1,0.066105
156.2,0.047627
156.3,0.030478
156.4,0.015398
156.5,0.11576
156.6,0.012333
156.7,0.029936
156.8,0.015376
156.9,0.033627
157,0.056323
157.1,0.063734
157.2,0.064383
157.3,0.044618
157.4,0.043337
157.5,0.036677
157.6,0.06566
157.7,0.061175
157.8,0.033985
157.9,0.064477
158,0.044576
158.1,0.084493
158.2,0.095888
158.3,0.039355
158.4,0.035849
158.5,0.072883
158.6,0.026037
158.7,0.098614
158.8,0.13567
158.9,0.071082
159,0.12473
159.1,0.033913
159.2,0.061835
159.3,0.13816
159.4,0.049015
159.5,0.035017
159.6,0.10701
159.7,0.049501
159.8,0.077205
159.9,0.062398
160,0.13739
160.1,0.065289
160.2,0.14421
160.3,0.15452
160.4,0.074126
160.5,0.099281
160.6,0.14397
160.7,0.17131
160.8,0.20263
160.9,0.054932
161,0.089197
161.1,0.081128
161.2,0.14861
161.3,0.19063
161.4,0.041256
161.5,0.039922
161.6,0.096997
161.7,0.099332
161.8,0.069537
161.9,0.090221
162,0.12551
162.1,0.071919
162.2,0.14279
162.3,0.094758
162.4,0.15511
162.5,0.14804
162.6,0.048158
162.7,0.082826
162.8,0.039531
162.9,0.054215
163,0.11487
163.1,0.062116
163.2,0.12638
163.3,0.032532
163.4,0.063884
163.5,0.083583
163.6,0.14263
163.7,0.22734
163.8,0.10205
163.9,0.12045
164,0.12439
164.1,0.16137
164.2,0.22734
164.3,0.24141
164.4,0.12636
164.5,0.24948
164.6,0.14093
164.7,0.074553
164.8,0.15722
164.9,0.15026
165,0.11417
165.1,0.12943
165.2,0.10572
165.3,0.20188
165.4,0.10434
165.5,0.05322
165.6,0.098248
165.7,0.04235
165.8,0.065484
165.9,0.076142
166,0.10701
166.1,0.14169
166.2,0.11841
166.3,0.22038
166.4,0.26257
166.5,0.27036
166.6,0.2316
166.7,0.18439
166.8,0.14294
166.9,0.070371
167,0.061359
167.1,0.19149
167.2,0.17222
167.3,0.21645
167.4,0.13645
167.5,0.32821
167.6,0.26835
167.7,0.34067
167.8,0.25632
167.9,0.20391
168,0.11581
168.1,0.22963
168.2,0.25521
168.3,0.25157
168.4,0.097458
168.5,0.037782
168.6,0.065683
168.7,0.10615
168.8,0.15585
168.9,0.22451
169,0.20914
169.1,0.39016
169.2,0.099356
169.3,0.1747
169.4,0.14616
169.5,0.095943
169.6,0.13407
169.7,0.12501
169.8,0.15601
169.9,0.050433
170,0.11543
170.1,0.075314
170.2,0.21077
170.3,0.10034
170.4,0.14881
170.5,0.13906
170.6,0.37288
170.7,0.1872
170.8,0.31684
170.9,0.39372
171,0.13408
171.1,0.18338
171.2,0.20053
171.3,0.21397
171.4,0.31959
171.5,0.31564
171.6,0.35582
171.7,0.34172
171.8,0.35369
171.9,0.24341
172,0.27367
172.1,0.08918
172.2,0.15926
172.3,0.28568
172.4,0.25096
172.5,0.2382
172.6,0.20054
172.7,0.058731
172.8,0.15088
172.9,0.089935
173,0.067417
173.1,0.15631
173.2,0.18199
173.3,0.11088
173.4,0.089626
173.5,0.20715
173.6,0.14629
173.7,0.1749
173.8,0.29416
173.9,0.20536
174,0.22211
174.1,0.32597
174.2,0.28031
174.3,0.33198
174.4,0.27144
174.5,0.19665
174.6,0.248
174.7,0.14231
174.8,0.22305
174.9,0.17795
175,0.29511
175.1,0.095814
175.2,0.095173
175.3,0.17578
175.4,0.13335
175.5,0.069428
175.6,0.054152
175.7,0.2196
175.8,0.37204
175.9,0.061612
176,0.1721
176.1,0.20266
176.2,0.16314
176.3,0.056309
176.4,0.13641
176.5,0.21286
176.6,0.092667
176.7,0.11224
176.8,0.14294
176.9,0.17942
177,0.091469
177.1,0.12552
177.2,0.23531
177.3,0.27509
177.4,0.14151
177.5,0.19916
177.6,0.25467
177.7,0.32603
177.8,0.14615
177.9,0.21732
178,0.15684
178.1,0.1701
178.2,0.14238
178.3,0.17678
178.4,0.16981
178.5,0.19985
178.6,0.028902
178.7,0.051637
178.8,0.085073
178.9,0.11481
179,0.10642
179.1,0.037194
179.2,0.10488
179.3,0.16105
179.4,0.11591
179.5,0.082511
179.6,0.062145
179.7,0.05476
179.8,0.20472
179.9,0.14265
180,0.12943
180.1,0.1881
180.2,0.23236
180.3,0.052916
180.4,0.025225
180.5,0.03594
180.6,0.31858
180.7,0.15003
180.8,0.055507
180.9,0.042511
181,0.11781
181.1,0.15891
181.2,0.15393
181.3,0.10636
181.4,0.05449
181.5,0.17519
181.6,0.21946
181.7,0.13645
181.8,0.031042
181.9,0.10573
182,0.14597
182.1,0.15566
182.2,0.045224
182.3,0.1733
182.4,0.36565
182.5,0.16645
182.6,0.22732
182.7,0.22292
182.8,0.020666
182.9,0.021032
183,0.23124
183.1,0.23549
183.2,0.24093
183.3,0.078932
183.4,0.23305
183.5,0.35598
183.6,0.20762
183.7,0.23848
183.8,0.27996
183.9,0.22099
184,0.25189
184.1,0.28015
184.2,0.28227
184.3,0.080261
184.4,0.1235
184.5,0.10098
184.6,0.25061
184.7,0.12003
184.8,0.1776
184.9,0.31442
185,0.11905
185.1,0.16183
185.2,0.28836
185.3,0.18634
185.4,0.13426
185.5,0.34512
185.6,0.19542
185.7,0.19033
185.8,0.35347
185.9,0.26879
186,0.20433
186.1,0.19128
186.2,0.3522
186.3,0.16429
186.4,0.079645
186.5,0.27
186.6,0.28635
186.7,0.22978
186.8,0.29136
186.9,0.32033
187,0.07689
187.1,0.29779
187.2,0.1552
187.3,0.19468
187.4,0.24963
187.5,0.20073
187.6,0.24839
187.7,0.16772
187.8,0.025935
187.9,0.22453
188,0.1008
188.1,0.18416
188.2,0.26339
188.3,0.18546
188.4,0.22477
188.5,0.35008
188.6,0.12115
188.7,0.24014
188.8,0.23898
188.9,0.15808
189,0.43606
189.1,0.21522
189.2,0.23572
189.3,0.12758
189.4,0.23422
189.5,0.31285
189.6,0.062433
189.7,0.21681
189.8,0.22342
189.9,0.11525
190,0.10322
190.1,0.15168
190.2,0.11771
190.3,0.045856
190.4,0.18604
190.5,0.073855
190.6,0.18649
190.7,0.19558
190.8,0.17912
190.9,0.25662
191,0.12626
191.1,0.24318
191.2,0.14252
191.3,0.21909
191.4,0.25158
191.5,0.084883
191.6,0.28214
191.7,0.10189
191.8,0.17791
191.9,0.17233
192,0.14526
192.1,0.23759
192.2,0.034947
192.3,0.2343
192.4,0.11663
192.5,0.029044
192.6,0.042081
192.7,0.11389
192.8,0.076683
192.9,0.096582
193,0.10063
193.1,0.0086631
193.2,0.039106
193.3,0.083932
193.4,0.12076
193.5,0.044769
193.6,0.075627
193.7,0.095317
193.8,0.057936
193.9,0.078886
194,0.12721
194.1,0.060112
194.2,0.048727
194.3,0.064564
194.4,0.17734
194.5,0.13909
194.6,0.14499
194.7,0.21826
194.8,0.1462
194.9,0.19365
195,0.17699
195.1,0.13745
195.2,0.17136
195.3,0.10599
195.4,0.08046
195.5,0.11695
195.6,0.095128
195.7,0.17695
195.8,0.026904
195.9,0.15172
196,0.14644
196.1,0.073715
196.2,0.035185
196.3,0.050664
196.4,0.091173
196.5,0.036579
196.6,0.022635
196.7,0.14705
196.8,0.11382
196.9,0.099468
197,0.10371
197.1,0.10766
197.2,0.058565
197.3,0.05222
197.4,0.067828
197.5,0.18289
197.6,0.11193
197.7,0.13834
197.8,0.13815
197.9,0.0502
198,0.065931
198.1,0.027131
198.2,0.1186
198.3,0.13997
198.4,0.058897
198.5,0.13066
198.6,0.13543
198.7,0.015445
198.8,0.16213
198.9,0.041607
199,0.19654
199.1,0.089157
199.2,0.12396
199.3,0.15784
199.4,0.085994
199.5,0.16988
199.6,0.13302
199.7,0.077232
199.8,0.1158
199.9,0.21491
200,0.070007
