0.1,0.0024882
0.2,0.0009091
0.3,0.0035194
0.4,0.0030127
0.5,0.0050516
0.6,0.0033127
0.7,0.0054226
0.8,0.0017595
0.9,0.00091768
1,0.0012783
1.1,0.0018031
1.2,0.0025156
1.3,0.0018889
1.4,0.0029941
1.5,0.0022823
1.6,0.004715
1.7,0.0036301
1.8,0.001926
1.9,0.0037589
2,0.0036681
2.1,0.0020514
2.2,0.0032671
2.3,0.0015467
2.4,0.0021906
2.5,0.0021195
2.6,0.0028861
2.7,0.0034619
2.8,0.0015481
2.9,0.0028226
3,0.001743
3.1,0.0011391
3.2,0.00097872
3.3,0.0038109
3.4,0.0026611
3.5,0.0014326
3.6,0.0032485
3.7,0.0023727
3.8,0.0035003
3.9,0.00091569
4,0.0026449
4.1,0.0037161
4.2,0.0014065
4.3,0.0016453
4.4,0.0034784
4.5,0.0038641
4.6,0.0049776
4.7,0.0011727
4.8,0.0034943
4.9,0.001924
5,0.0024332
5.1,0.0023167
5.2,0.0023747
5.3,0.0051694
5.4,0.00078243
5.5,0.00022308
5.6,0.0015452
5.7,0.00082515
5.8,0.0004673
5.9,0.0018921
6,0.0019418
6.1,0.00050707
6.2,0.0039107
6.3,0.0013986
6.4,0.0030044
6.5,0.0018282
6.6,0.0028714
6.7,0.0047569
6.8,0.0021139
6.9,0.002206
7,0.0014967
7.1,0.0038954
7.2,0.00023046
7.3,0.0023126
7.4,0.0013082
7.5,0.00215
7.6,0.0041397
7.7,0.0014
7.8,0.0028264
7.9,0.0026741
8,0.0027438
8.1,0.0022615
8.2,0.0029347
8.3,0.0009619
8.4,0.0023095
8.5,0.0017996
8.6,0.0036411
8.7,0.00015791
8.8,0.0006
8.9,0.0048329
9,0.003218
9.1,0.00029665
9.2,0.0034871
9.3,0.004843
9.4,0.0019073
9.5,0.0037158
9.6,0.001467
9.7,0.0023563
9.8,0.0016504
9.9,0.0041795
10,0.0022635
10.1,0.0020665
10.2,0.0034279
10.3,0.0013803
10.4,0.0014465
10.5,0.00316
10.6,0.0021118
10.7,0.0036421
10.8,0.002666
10.9,0.0016202
11,0.0035633
11.1,0.002241
11.2,0.0038747
11.3,0.0054066
11.4,0.00084551
11.5,0.0026482
11.6,0.0031907
11.7,0.0038556
11.8,0.0041614
11.9,0.0012389
12,0.0029522
12.1,0.0046811
12.2,0.0023624
12.3,0.0033816
12.4,0.00090437
12.5,0.0033589
12.6,0.0040389
12.7,0.0012411
12.8,0.0052651
12.9,0.00086273
13,0.00523
13.1,0.001147
13.2,0.0043047
13.3,0.0046383
13.4,0.0014248
13.5,0.0047702
13.6,0.0027849
13.7,0.0021805
13.8,0.0053968
13.9,0.0067919
14,0.008588
14.1,0.0021597
14.2,0.0082788
14.3,0.0026171
14.4,0.0063953
14.5,0.0094974
14.6,0.011696
14.7,0.0070309
14.8,0.0025912
14.9,0.0050538
15,0.0062602
15.1,0.0092444
15.2,0.0032195
15.3,0.0056272
15.4,0.005016
15.5,0.012117
15.6,0.0070846
15.7,0.003435
15.8,0.0084188
15.9,0.0011333
16,0.0036352
16.1,0.022633
16.2,0.0055661
16.3,0.0076829
16.4,0.0009163
16.5,0.0062023
16.6,0.0070189
16.7,0.009826
16.8,0.015439
16.9,0.012088
17,0.0027428
17.1,0.0035648
17.2,0.0071427
17.3,0.0056782
17.4,0.020839
17.5,0.0016526
17.6,0.0058476
17.7,0.0073521
17.8,0.0065616
17.9,0.0084536
18,0.0074919
18.1,0.0087288
18.2,0.012277
18.3,0.0021278
18.4,0.0025198
18.5,0.0078273
18.6,0.014328
18.7,0.0065734
18.8,0.0057081
18.9,0.0043884
19,0.010207
19.1,0.015447
19.2,0.013347
19.3,0.0088989
19.4,0.021319
19.5,0.0246
19.6,0.0072009
19.7,0.014436
19.8,0.010126
19.9,0.020275
20,0.015396
20.1,0.018986
20.2,0.016217
20.3,0.012647
20.4,0.011108
20.5,0.015947
20.6,0.014863
20.7,0.010851
20.8,0.0086194
20.9,0.0065659
21,0.013619
21.1,0.010337
21.2,0.015603
21.3,0.016259
21.4,0.0080921
21.5,0.038544
21.6,0.040911
21.7,0.053592
21.8,0.033772
21.9,0.01256
22,0.0053237
22.1,0.02368
22.2,0.010379
22.3,0.013074
22.4,0.0073027
22.5,0.024853
22.6,0.0026827
22.7,0.015174
22.8,0.048361
22.9,0.043164
23,0.034983
23.1,0.022723
23.2,0.0056091
23.3,0.05785
23.4,0.0433
23.5,0.024404
23.6,0.019161
23.7,0.031077
23.8,0.02759
23.9,0.032468
24,0.022986
24.1,0.064863
24.2,0.058928
24.3,0.041213
24.4,0.023251
24.5,0.037372
24.6,0.038778
24.7,0.022874
24.8,0.077709
24.9,0.11367
25,0.076389
25.1,0.075392
25.2,0.17211
25.3,0.077672
25.4,0.044799
25.5,0.04041
25.6,0.0054357
25.7,0.023991
25.8,0.046243
25.9,0.025923
26,0.032149
26.1,0.024778
26.2,0.065018
26.3,0.031932
26.4,0.14241
26.5,0.13459
26.6,0.029537
26.7,0.035141
26.8,0.060006
26.9,0.033158
27,0.024154
27.1,0.066385
27.2,0.0099695
27.3,0.012801
27.4,0.016395
27.5,0.048769
27.6,0.032113
27.7,0.010628
27.8,0.016505
27.9,0.0079277
28,0.071497
28.1,0.067175
28.2,0.068741
28.3,0.033244
28.4,0.012459
28.5,0.045647
28.6,0.035189
28.7,0.073748
28.8,0.04344
28.9,0.041177
29,0.024669
29.1,0.064884
29.2,0.028234
29.3,0.058408
29.4,0.036096
29.5,0.018617
29.6,0.14132
29.7,0.065599
29.8,0.012063
29.9,0.050882
30,0.056282
30.1,0.056659
30.2,0.019088
30.3,0.059276
30.4,0.04679
30.5,0.072444
30.6,0.044135
30.7,0.040268
30.8,0.12626
30.9,0.048176
31,0.077563
31.1,0.068161
31.2,0.034931
31.3,0.053674
31.4,0.044738
31.5,0.064807
31.6,0.046388
31.7,0.071564
31.8,0.04496
31.9,0.032992
32,0.042762
32.1,0.075992
32.2,0.026537
32.3,0.096832
32.4,0.028463
32.5,0.036871
32.6,0.015129
32.7,0.032814
32.8,0.0061199
32.9,0.029406
33,0.0252
33.1,0.036045
33.2,0.014096
33.3,0.04919
33.4,0.03546
33.5,0.019902
33.6,0.027683
33.7,0.068334
33.8,0.038527
33.9,0.065054
34,0.039887
34.1,0.0093297
34.2,0.036225
34.3,0.013238
34.4,0.055572
34.5,0.061957
34.6,0.040179
34.7,0.037746
34.8,0.052647
34.9,0.046211
35,0.1082
35.1,0.035817
35.2,0.036304
35.3,0.064836
35.4,0.065169
35.5,0.06087
35.6,0.045752
35.7,0.076923
35.8,0.03414
35.9,0.031922
36,0.028635
36.1,0.03916
36.2,0.061264
36.3,0.065716
36.4,0.099467
36.5,0.014975
36.6,0.087085
36.7,0.044397
36.8,0.067614
36.9,0.074045
37,0.073022
37.1,0.064832
37.2,0.029797
37.3,0.052948
37.4,0.050855
37.5,0.065002
37.6,0.075954
37.7,0.079399
37.8,0.038571
37.9,0.051841
38,0.11091
38.1,0.07368
38.2,0.077538
38.3,0.056048
38.4,0.060413
38.5,0.040505
38.6,0.035576
38.7,0.039372
38.8,0.05079
38.9,0.037147
39,0.10164
39.1,0.072939
39.2,0.097723
39.3,0.035989
39.4,0.040955
39.5,0.07563
39.6,0.085602
39.7,0.023022
39.8,0.09
39.9,0.080018
40,1
40.1,0.035269
40.2,0.064349
40.3,0.090373
40.4,0.029651
40.5,0.066858
40.6,0.052306
40.7,0.19326
40.8,0.0522
40.9,0.042047
41,0.083302
41.1,0.066018
41.2,0.062573
41.3,0.048715
41.4,0.014303
41.5,0.088719
41.6,0.17724
41.7,0.071354
41.8,0.010735
41.9,0.027143
42,0.052917
42.1,0.043327
42.2,0.039717
42.3,0.074893
42.4,0.024602
42.5,0.10339
42.6,0.20323
42.7,0.069796
42.8,0.031238
42.9,0.026182
43,0.094439
43.1,0.037048
43.2,0.11292
43.3,0.069403
43.4,0.071993
43.5,0.063506
43.6,0.098948
43.7,0.030313
43.8,0.0088084
43.9,0.077081
44,0.051106
44.1,0.050046
44.2,0.028778
44.3,0.0087486
44.4,0.18706
44.5,0.044698
44.6,0.024505
44.7,0.058974
44.8,0.01195
44.9,0.042809
45,0.061272
45.1,0.031978
45.2,0.082893
45.3,0.052576
45.4,0.031142
45.5,0.10947
45.6,0.01595
45.7,0.083757
45.8,0.048463
45.9,0.031828
46,0.040828
46.1,0.065753
46.2,0.028407
46.3,0.099389
46.4,0.012479
46.5,0.069657
46.6,0.064947
46.7,0.048535
46.8,0.1106
46.9,0.051402
47,0.048118
47.1,0.036851
47.2,0.063187
47.3,0.040608
47.4,0.032042
47.5,0.053918
47.6,0.038342
47.7,0.074872
47.8,0.017854
47.9,0.051932
48,0.023698
48.1,0.05832
48.2,0.12153
48.3,0.031993
48.4,0.048863
48.5,0.050112
48.6,0.084009
48.7,0.040881
48.8,0.05583
48.9,0.088178
49,0.064349
49.1,0.063595
49.2,0.029363
49.3,0.039966
49.4,0.026075
49.5,0.046748
49.6,0.031393
49.7,0.1086
49.8,0.066715
49.9,0.046697
50,0.035366
50.1,0.1092
50.2,0.030724
50.3,0.019596
50.4,0.10181
50.5,0.12118
50.6,0.087618
50.7,0.046443
50.8,0.11341
50.9,0.040904
51,0.088792
51.1,0.05313
51.2,0.061076
51.3,0.0697
51.4,0.050244
51.5,0.14061
51.6,0.095443
51.7,0.12261
51.8,0.064893
51.9,0.09526
52,0.095015
52.1,0.096792
52.2,0.094154
52.3,0.021026
52.4,0.060553
52.5,0.015887
52.6,0.064276
52.7,0.064022
52.8,0.052355
52.9,0.055755
53,0.1271
53.1,0.055382
53.2,0.018203
53.3,0.022587
53.4,0.032278
53.5,0.031216
53.6,0.040278
53.7,0.056046
53.8,0.084497
53.9,0.052462
54,0.063369
54.1,0.06021
54.2,0.096761
54.3,0.011669
54.4,0.031524
54.5,0.086717
54.6,0.085042
54.7,0.02593
54.8,0.10982
54.9,0.11297
55,0.30637
55.1,0.089106
55.2,0.063703
55.3,0.09299
55.4,0.072514
55.5,0.053377
55.6,0.065316
55.7,0.019871
55.8,0.013018
55.9,0.061299
56,0.036476
56.1,0.02143
56.2,0.073501
56.3,0.069359
56.4,0.034453
56.5,0.022396
56.6,0.057731
56.7,0.033311
56.8,0.068529
56.9,0.064841
57,0.0079785
57.1,0.097735
57.2,0.023382
57.3,0.034492
57.4,0.033924
57.5,0.032064
57.6,0.052521
57.7,0.079729
57.8,0.015959
57.9,0.052455
58,0.040842
58.1,0.077339
58.2,0.035907
58.3,0.05334
58.4,0.051476
58.5,0.056691
58.6,0.032642
58.7,0.24584
58.8,0.078964
58.9,0.013067
59,0.03844
59.1,0.040684
59.2,0.088499
59.3,0.085001
59.4,0.10038
59.5,0.066286
59.6,0.025555
59.7,0.046679
59.8,0.011566
59.9,0.12435
60,0.084148
60.1,0.14218
60.2,0.078594
60.3,0.097811
60.4,0.033173
60.5,0.028643
60.6,0.058298
60.7,0.078767
60.8,0.069708
60.9,0.038969
61,0.026727
61.1,0.044349
61.2,0.041657
61.3,0.025821
61.4,0.01792
61.5,0.048929
61.6,0.078395
61.7,0.024519
61.8,0.066273
61.9,0.089648
62,0.07378
62.1,0.03273
62.2,0.081336
62.3,0.048375
62.4,0.072381
62.5,0.070181
62.6,0.052452
62.7,0.067734
62.8,0.040787
62.9,0.091742
63,0.036613
63.1,0.023034
63.2,0.035735
63.3,0.050485
63.4,0.095607
63.5,0.064172
63.6,0.03909
63.7,0.077214
63.8,0.046448
63.9,0.022111
64,0.074859
64.1,0.051812
64.2,0.045297
64.3,0.040331
64.4,0.06642
64.5,0.0084597
64.6,0.046646
64.7,0.13826
64.8,0.078124
64.9,0.013979
65,0.24625
65.1,0.13436
65.2,0.045234
65.3,0.075762
65.4,0.10079
65.5,0.1178
65.6,0.050901
65.7,0.094677
65.8,0.11409
65.9,0.073228
66,0.085986
66.1,0.028089
66.2,0.055046
66.3,0.058693
66.4,0.072376
66.5,0.059531
66.6,0.027451
66.7,0.071694
66.8,0.026291
66.9,0.048576
67,0.065598
67.1,0.062335
67.2,0.061172
67.3,0.083311
67.4,0.077906
67.5,0.043245
67.6,0.1108
67.7,0.041701
67.8,0.093672
67.9,0.028056
68,0.038367
68.1,0.083719
68.2,0.06878
68.3,0.047177
68.4,0.03699
68.5,0.037885
68.6,0.076369
68.7,0.039899
68.8,0.030909
68.9,0.038171
69,0.028531
69.1,0.038334
69.2,0.032956
69.3,0.039326
69.4,0.048072
69.5,0.020997
69.6,0.039431
69.7,0.04298
69.8,0.042909
69.9,0.020536
70,0.092581
70.1,0.050601
70.2,0.041547
70.3,0.03899
70.4,0.10816
70.5,0.032035
70.6,0.042125
70.7,0.036385
70.8,0.06308
70.9,0.048748
71,0.056063
71.1,0.022155
71.2,0.055619
71.3,0.061758
71.4,0.019889
71.5,0.02843
71.6,0.05873
71.7,0.020143
71.8,0.053053
71.9,0.034602
72,0.046012
72.1,0.03801
72.2,0.07138
72.3,0.029729
72.4,0.066583
72.5,0.01333
72.6,0.031925
72.7,0.036916
72.8,0.031213
72.9,0.044303
73,0.025999
73.1,0.052987
73.2,0.057649
73.3,0.04336
73.4,0.056562
73.5,0.045163
73.6,0.058028
73.7,0.059508
73.8,0.051307
73.9,0.062218
74,0.077338
74.1,0.074044
74.2,0.021486
74.3,0.040414
74.4,0.086723
74.5,0.038254
74.6,0.011911
74.7,0.010873
74.8,0.023746
74.9,0.047635
75,0.067742
75.1,0.041724
75.2,0.039902
75.3,0.07051
75.4,0.047074
75.5,0.0099231
75.6,0.024674
75.7,0.017853
75.8,0.032094
75.9,0.0089313
76,0.015983
76.1,0.018145
76.2,0.058615
76.3,0.011871
76.4,0.023931
76.5,0.0081064
76.6,0.036622
76.7,0.061918
76.8,0.0074392
76.9,0.026385
77,0.025194
77.1,0.02244
77.2,0.041644
77.3,0.023835
77.4,0.045349
77.5,0.035374
77.6,0.030886
77.7,0.020904
77.8,0.030806
77.9,0.053688
78,0.017818
78.1,0.076097
78.2,0.018233
78.3,0.07127
78.4,0.038792
78.5,0.020183
78.6,0.028557
78.7,0.026942
78.8,0.016513
78.9,0.01663
79,0.088523
79.1,0.049913
79.2,0.08476
79.3,0.075757
79.4,0.020804
79.5,0.011232
79.6,0.073483
79.7,0.09153
79.8,0.020182
79.9,0.022191
80,0.1004
80.1,0.052256
80.2,0.035256
80.3,0.057755
80.4,0.024004
80.5,0.06254
80.6,0.047929
80.7,0.044647
80.8,0.023227
80.9,0.10703
81,0.030814
81.1,0.044396
81.2,0.032302
81.3,0.074618
81.4,0.17125
81.5,0.013372
81.6,0.014007
81.7,0.057292
81.8,0.016536
81.9,0.023521
82,0.023743
82.1,0.035772
82.2,0.015383
82.3,0.023441
82.4,0.030784
82.5,0.050647
82.6,0.036414
82.7,0.047275
82.8,0.047155
82.9,0.054767
83,0.042331
83.1,0.04416
83.2,0.038387
83.3,0.052232
83.4,0.021015
83.5,0.015404
83.6,0.017115
83.7,0.0046124
83.8,0.0048045
83.9,0.016232
84,0.044768
84.1,0.039688
84.2,0.022383
84.3,0.035988
84.4,0.039959
84.5,0.014656
84.6,0.034517
84.7,0.024682
84.8,0.01726
84.9,0.050925
85,0.073437
85.1,0.037047
85.2,0.043595
85.3,0.014826
85.4,0.044041
85.5,0.020961
85.6,0.012039
85.7,0.012214
85.8,0.096122
85.9,0.023127
86,0.049332
86.1,0.03924
86.2,0.11329
86.3,0.16364
86.4,0.13306
86.5,0.076412
86.6,0.097725
86.7,0.099957
86.8,0.10658
86.9,0.11979
87,0.1649
87.1,0.10062
87.2,0.12019
87.3,0.14569
87.4,0.1097
87.5,0.086744
87.6,0.05819
87.7,0.007793
87.8,0.073914
87.9,0.064632
88,0.060214
88.1,0.018695
88.2,0.03889
88.3,0.030922
88.4,0.059304
88.5,0.045934
88.6,0.015932
88.7,0.046886
88.8,0.052489
88.9,0.053758
89,0.041691
89.1,0.013367
89.2,0.022977
89.3,0.0071564
89.4,0.028835
89.5,0.029841
89.6,0.030704
89.7,0.0191
89.8,0.012551
89.9,0.011392
90,0.13505
90.1,0.0047639
90.2,0.023897
90.3,0.010879
90.4,0.029963
90.5,0.02064
90.6,0.0084636
90.7,0.039403
90.8,0.015433
90.9,0.00038328
91,0.032993
91.1,0.019963
91.2,0.049508
91.3,0.032897
91.4,0.048491
91.5,0.037237
91.6,0.038734
91.7,0.035762
91.8,0.0030268
91.9,0.029536
92,0.027739
92.1,0.027536
92.2,0.01461
92.3,0.022818
92.4,0.018239
92.5,0.016224
92.6,0.032311
92.7,0.028016
92.8,0.025138
92.9,0.022984
93,0.018638
93.1,0.029945
93.2,0.016521
93.3,0.031464
93.4,0.024399
93.5,0.010489
93.6,0.016199
93.7,0.036149
93.8,0.0086615
93.9,0.029762
94,0.0263
94.1,0.037811
94.2,0.047638
94.3,0.058386
94.4,0.018929
94.5,0.044575
94.6,0.010502
94.7,0.029198
94.8,0.039001
94.9,0.021369
95,0.058676
95.1,0.04372
95.2,0.022871
95.3,0.037762
95.4,0.033569
95.5,0.024967
95.6,0.059099
95.7,0.027426
95.8,0.030153
95.9,0.050639
96,0.083007
96.1,0.030949
96.2,0.019963
96.3,0.052733
96.4,0.01113
96.5,0.032065
96.6,0.029129
96.7,0.035113
96.8,0.049742
96.9,0.016481
97,0.02949
97.1,0.0139
97.2,0.012577
97.3,0.003618
97.4,0.025441
97.5,0.032789
97.6,0.025812
97.7,0.028143
97.8,0.0077372
97.9,0.013503
98,0.046441
98.1,0.018988
98.2,0.030817
98.3,0.040274
98.4,0.025342
98.5,0.018707
98.6,0.030367
98.7,0.056885
98.8,0.0089288
98.9,0.011484
99,0.011251
99.1,0.0060485
99.2,0.053092
99.3,0.036181
99.4,0.04222
99.5,0.0094126
99.6,0.055866
99.7,0.043607
99.8,0.02724
99.9,0.041184
100,0.059746
100.1,0.035775
100.2,0.043432
100.3,0.012583
100.4,0.04292
100.5,0.0062378
100.6,0.040845
100.7,0.019945
100.8,0.0202
100.9,0.0032539
101,0.03228
101.1,0.022414
101.2,0.055288
101.3,0.02338
101.4,0.0042656
101.5,0.036237
101.6,0.043032
101.7,0.013631
101.8,0.039872
101.9,0.016738
102,0.028594
102.1,0.0053255
102.2,0.021592
102.3,0.032879
102.4,0.015582
102.5,0.03977
102.6,0.047346
102.7,0.028055
102.8,0.048072
102.9,0.027687
103,0.02756
103.1,0.01028
103.2,0.031447
103.3,0.016797
103.4,0.037386
103.5,0.0091986
103.6,0.033182
103.7,0.058734
103.8,0.052956
103.9,0.028353
104,0.039384
104.1,0.016187
104.2,0.0044203
104.3,0.029029
104.4,0.067896
104.5,0.049582
104.6,0.12418
104.7,0.055188
104.8,0.094846
104.9,0.078726
105,0.032795
105.1,0.02572
105.2,0.065362
105.3,0.081649
105.4,0.030021
105.5,0.014636
105.6,0.055218
105.7,0.042083
105.8,0.040474
105.9,0.070114
106,0.014411
106.1,0.011533
106.2,0.012265
106.3,0.032438
106.4,0.014287
106.5,0.038552
106.6,0.019001
106.7,0.037264
106.8,0.023385
106.9,0.037883
107,0.034229
107.1,0.011612
107.2,0.023512
107.3,0.043158
107.4,0.029869
107.5,0.042026
107.6,0.0087424
107.7,0.0098323
107.8,0.040556
107.9,0.013369
108,0.019939
108.1,0.028408
108.2,0.06182
108.3,0.030913
108.4,0.047693
108.5,0.022279
108.6,0.017924
108.7,0.037244
108.8,0.028166
108.9,0.033488
109,0.01017
109.1,0.039167
109.2,0.045777
109.3,0.010325
109.4,0.021423
109.5,0.019333
109.6,0.033815
109.7,0.011931
109.8,0.0068447
109.9,0.017737
110,0.085423
110.1,0.012038
110.2,0.022582
110.3,0.014423
110.4,0.030725
110.5,0.03013
110.6,0.0093101
110.7,0.026169
110.8,0.03371
110.9,0.016971
111,0.012481
111.1,0.01832
111.2,0.037192
111.3,0.029598
111.4,0.040264
111.5,0.016541
111.6,0.011837
111.7,0.017067
111.8,0.0070082
111.9,0.013933
112,0.014366
112.1,0.023078
112.2,0.014513
112.3,0.042821
112.4,0.0072388
112.5,0.01573
112.6,0.0093347
112.7,0.018253
112.8,0.034371
112.9,0.023612
113,0.015471
113.1,0.027542
113.2,0.015592
113.3,0.011702
113.4,0.026095
113.5,0.026554
113.6,0.016292
113.7,0.0048858
113.8,0.044249
113.9,0.024096
114,0.031927
114.1,0.022985
114.2,0.043748
114.3,0.031572
114.4,0.033734
114.5,0.0060072
114.6,0.060367
114.7,0.021004
114.8,0.02852
114.9,0.045698
115,0.031303
115.1,0.016801
115.2,0.022132
115.3,0.041392
115.4,0.0040036
115.5,0.0086835
115.6,0.021523
115.7,0.05265
115.8,0.01039
115.9,0.01056
116,0.011814
116.1,0.027723
116.2,0.021886
116.3,0.020904
116.4,0.039309
116.5,0.029366
116.6,0.038296
116.7,0.020096
116.8,0.028387
116.9,0.022842
117,0.024356
117.1,0.013434
117.2,0.0082544
117.3,0.0094667
117.4,0.047276
117.5,0.020478
117.6,0.018009
117.7,0.031322
117.8,0.0051642
117.9,0.038853
118,0.029097
118.1,0.035571
118.2,0.032383
118.3,0.021577
118.4,0.040164
118.5,0.041727
118.6,0.044798
118.7,0.055504
118.8,0.029785
118.9,0.017333
119,0.0094701
119.1,0.023317
119.2,0.030509
119.3,0.0058863
119.4,0.027655
119.5,0.016347
119.6,0.016143
119.7,0.044143
119.8,0.016245
119.9,0.009198
120,0.16019
120.1,0.044367
120.2,0.032154
120.3,0.029083
120.4,0.021318
120.5,0.034759
120.6,0.024147
120.7,0.019549
120.8,0.0062291
120.9,0.01976
121,0.014502
121.1,0.032059
121.2,0.021675
121.3,0.018682
121.4,0.046354
121.5,0.025809
121.6,0.018849
121.7,0.015177
121.8,0.017166
121.9,0.0095964
122,0.038784
122.1,0.029369
122.2,0.013997
122.3,0.0065887
122.4,0.026621
122.5,0.064951
122.6,0.028948
122.7,0.009316
122.8,0.031223
122.9,0.0099494
123,0.0062735
123.1,0.032821
123.2,0.06851
123.3,0.014501
123.4,0.020279
123.5,0.0075744
123.6,0.012069
123.7,0.0028591
123.8,0.01875
123.9,0.025652
124,0.040963
124.1,0.017033
124.2,0.017585
124.3,0.029083
124.4,0.03702
124.5,0.027029
124.6,0.031141
124.7,0.0057389
124.8,0.0090545
124.9,0.015036
125,0.0251
125.1,0.0098722
125.2,0.0032449
125.3,0.017598
125.4,0.018258
125.5,0.035449
125.6,0.003182
125.7,0.013436
125.8,0.029761
125.9,0.006829
126,0.023321
126.1,0.030243
126.2,0.016752
126.3,0.018677
126.4,0.0067681
126.5,0.0056225
126.6,0.034302
126.7,0.02159
126.8,0.016598
126.9,0.014349
127,0.0068435
127.1,0.018947
127.2,0.013393
127.3,0.0080636
127.4,0.013312
127.5,0.017852
127.6,0.013776
127.7,0.029269
127.8,0.023885
127.9,0.037952
128,0.019399
128.1,0.0083048
128.2,0.0098347
128.3,0.022163
128.4,0.035652
128.5,0.034164
128.6,0.015985
128.7,0.022704
128.8,0.012135
128.9,0.026798
129,0.025875
129.1,0.015083
129.2,0.019475
129.3,0.0092308
129.4,0.0097399
129.5,0.0075959
129.6,0.016348
129.7,0.021484
129.8,0.018926
129.9,0.011027
130,0.019201
130.1,0.027578
130.2,0.015868
130.3,0.018428
130.4,0.023753
130.5,0.0079285
130.6,0.016168
130.7,0.027991
130.8,0.020294
130.9,0.0071602
131,0.016925
131.1,0.0075046
131.2,0.020214
131.3,0.017153
131.4,0.0085201
131.5,0.017409
131.6,0.011622
131.7,0.02025
131.8,0.016115
131.9,0.014346
132,0.012977
132.1,0.0093015
132.2,0.028224
132.3,0.0043379
132.4,0.026521
132.5,0.0025957
132.6,0.019535
132.7,0.013927
132.8,0.0036755
132.9,0.0069426
133,0.015283
133.1,0.012069
133.2,0.014204
133.3,0.0037849
133.4,0.0062397
133.5,0.0089046
133.6,0.020018
133.7,0.011425
133.8,0.025112
133.9,0.021656
134,0.016844
134.1,0.030606
134.2,0.012496
134.3,0.01967
134.4,0.011868
134.5,0.005731
134.6,0.018159
134.7,0.011021
134.8,0.0097936
134.9,0.024413
135,0.050599
135.1,0.0033994
135.2,0.018039
135.3,0.023121
135.4,0.016001
135.5,0.010554
135.6,0.028001
135.7,0.010731
135.8,0.032157
135.9,0.011108
136,0.0082159
136.1,0.011994
136.2,0.0097817
136.3,0.0077069
136.4,0.022751
136.5,0.014624
136.6,0.011789
136.7,0.023087
136.8,0.012011
136.9,0.029818
137,0.017821
137.1,0.0030173
137.2,0.016732
137.3,0.031502
137.4,0.031662
137.5,0.008419
137.6,0.026043
137.7,0.02641
137.8,0.0099376
137.9,0.0033767
138,0.0063637
138.1,0.019512
138.2,0.015292
138.3,0.014781
138.4,0.018653
138.5,0.015021
138.6,0.0063145
138.7,0.031466
138.8,0.0023191
138.9,0.016299
139,0.011419
139.1,0.005601
139.2,0.023581
139.3,0.0092223
139.4,0.017097
139.5,0.03134
139.6,0.015557
139.7,0.0043187
139.8,0.007634
139.9,0.0030141
140,0.01535
140.1,0.033228
140.2,0.0088692
140.3,0.0069422
140.4,0.0098781
140.5,0.0091821
140.6,0.023378
140.7,0.020935
140.8,0.016163
140.9,0.015043
141,0.022364
141.1,0.016017
141.2,0.016496
141.3,0.0098823
141.4,0.014118
141.5,0.024726
141.6,0.015624
141.7,0.0040621
141.8,0.012798
141.9,0.015068
142,0.022521
142.1,0.0065806
142.2,0.017272
142.3,0.015437
142.4,0.013328
142.5,0.016888
142.6,0.01836
142.7,0.00855
142.8,0.021285
142.9,0.013619
143,0.006111
143.1,0.0035058
143.2,0.016374
143.3,0.016249
143.4,0.031396
143.5,0.008612
143.6,0.010313
143.7,0.0072716
143.8,0.024911
143.9,0.014447
144,0.011058
144.1,0.015373
144.2,0.008876
144.3,0.023983
144.4,0.0023887
144.5,0.01147
144.6,0.0085654
144.7,0.010607
144.8,0.0093727
144.9,0.0063491
145,0.0067928
145.1,0.006659
145.2,0.021161
145.3,0.015199
145.4,0.015145
145.5,0.027845
145.6,0.010964
145.7,0.012117
145.8,0.02254
145.9,0.012901
146,0.0076458
146.1,0.024895
146.2,0.017722
146.3,0.016796
146.4,0.0070348
146.5,0.0065923
146.6,0.0082631
146.7,0.0083732
146.8,0.0010901
146.9,0.0069271
147,0.015411
147.1,0.012073
147.2,0.023573
147.3,0.0023238
147.4,0.026145
147.5,0.015012
147.6,0.0065455
147.7,0.016393
147.8,0.012809
147.9,0.010496
148,0.017131
148.1,0.011977
148.2,0.028927
148.3,0.011013
148.4,0.0081223
148.5,0.0068216
148.6,0.013192
148.7,0.0025839
148.8,0.011888
148.9,0.027753
149,0.024836
149.1,0.022353
149.2,0.016746
149.3,0.018005
149.4,0.019266
149.5,0.0052381
149.6,0.010579
149.7,0.0035638
149.8,0.016772
149.9,0.007944
150,0.0086323
150.1,0.01453
150.2,0.0026493
150.3,0.01546
150.4,0.02392
150.5,0.014505
150.6,0.022025
150.7,0.030611
150.8,0.014694
150.9,0.019257
151,0.014964
151.1,0.017504
151.2,0.01889
151.3,0.0099426
151.4,0.0049798
151.5,0.017923
151.6,0.019225
151.7,0.050009
151.8,0.017
151.9,0.022903
152,0.014499
152.1,0.011044
152.2,0.010325
152.3,0.0041541
152.4,0.010105
152.5,0.014529
152.6,0.015913
152.7,0.00749
152.8,0.015748
152.9,0.009933
153,0.0069573
153.1,0.0066915
153.2,0.03046
153.3,0.016345
153.4,0.018904
153.5,0.016951
153.6,0.010459
153.7,0.0074814
153.8,0.016449
153.9,0.023904
154,0.012595
154.1,0.020561
154.2,0.0048412
154.3,0.0093301
154.4,0.010123
154.5,0.0047807
154.6,0.019796
154.7,0.01748
154.8,0.032331
154.9,0.00067449
155,0.01081
155.1,0.024946
155.2,0.013716
155.3,0.0043099
155.4,0.019687
155.5,0.0095089
155.6,0.010478
155.7,0.013047
155.8,0.0091672
155.9,0.0052757
156,0.012545
156.1,0.004137
156.2,0.010008
156.3,0.009533
156.4,0.017063
156.5,0.021157
156.6,0.013981
156.7,0.0068713
156.8,0.01414
156.9,0.0067442
157,0.015202
157.1,0.0078567
157.2,0.016059
157.3,0.013745
157.4,0.00066494
157.5,0.019111
157.6,0.0033576
157.7,0.0088909
157.8,0.0074423
157.9,0.0081143
158,0.020229
158.1,0.013704
158.2,0.010242
158.3,0.0046667
158.4,0.010924
158.5,0.015813
158.6,0.016793
158.7,0.0062645
158.8,0.015772
158.9,0.0142
159,0.02133
159.1,0.0025564
159.2,0.0071319
159.3,0.0081945
159.4,0.018395
159.5,0.0088583
159.6,0.016232
159.7,0.015794
159.8,0.011995
159.9,0.0080466
160,0.011601
160.1,0.0027145
160.2,0.0086258
160.3,0.024154
160.4,0.011201
160.5,0.0039878
160.6,0.005731
160.7,0.011084
160.8,0.0028421
160.9,0.023287
161,0.010303
161.1,0.014287
161.2,0.014168
161.3,0.011671
161.4,0.0072168
161.5,0.01483
161.6,0.0049398
161.7,0.0066718
161.8,0.011445
161.9,0.0096273
162,0.0052188
162.1,0.0042203
162.2,0.011093
162.3,0.0045115
162.4,0.024027
162.5,0.013728
162.6,0.013442
162.7,0.011321
162.8,0.0055672
162.9,0.0056407
163,0.010415
163.1,0.012081
163.2,0.005936
163.3,0.0059943
163.4,0.019262
163.5,0.013578
163.6,0.013385
163.7,0.0086908
163.8,0.0069798
163.9,0.0048992
164,0.0052382
164.1,0.0086543
164.2,0.0094178
164.3,0.0097345
164.4,0.012511
164.5,0.015842
164.6,0.0070241
164.7,0.0036945
164.8,0.010699
164.9,0.0049689
165,0.0066082
165.1,0.011797
165.2,0.01685
165.3,0.0065561
165.4,0.013633
165.5,0.0086066
165.6,0.0011901
165.7,0.0026635
165.8,0.0091959
165.9,0.012692
166,0.002728
166.1,0.0030235
166.2,0.0077271
166.3,0.011469
166.4,0.018843
166.5,0.021245
166.6,0.020978
166.7,0.0013556
166.8,0.0017424
166.9,0.011366
167,0.010143
167.1,0.014112
167.2,0.009089
167.3,0.012743
167.4,0.013754
167.5,0.0098752
167.6,0.0036882
167.7,0.0019947
167.8,0.019074
167.9,0.012085
168,0.01069
168.1,0.01344
168.2,0.003217
168.3,0.0068098
168.4,0.018129
168.5,0.0056356
168.6,0.011475
168.7,0.015352
168.8,0.010341
168.9,0.007188
169,0.011966
169.1,0.0030548
169.2,0.023307
169.3,0.013224
169.4,0.0072656
169.5,0.0058584
169.6,0.01602
169.7,0.021841
169.8,0.0090721
169.9,0.00030776
170,0.013107
170.1,0.013747
170.2,0.0053365
170.3,0.0068875
170.4,0.0048369
170.5,0.0044398
170.6,0.011561
170.7,0.012502
170.8,0.012621
170.9,0.010176
171,0.0031486
171.1,0.015097
171.2,0.02147
171.3,0.017702
171.4,0.012023
171.5,0.012812
171.6,0.0093703
171.7,0.017975
171.8,0.034011
171.9,0.0093691
172,0.0076437
172.1,0.020106
172.2,0.015277
172.3,0.01215
172.4,0.0067376
172.5,0.01567
172.6,0.0083301
172.7,0.0067511
172.8,0.010236
172.9,0.008654
173,0.0045822
173.1,0.0034012
173.2,0.011497
173.3,0.010347
173.4,0.0011892
173.5,0.012919
173.6,0.010915
173.7,0.024321
173.8,0.0069289
173.9,0.0056255
174,0.0071329
174.1,0.0050842
174.2,0.0078755
174.3,0.0043839
174.4,0.010085
174.5,0.0061483
174.6,0.0064744
174.7,0.0091576
174.8,0.022644
174.9,0.017659
175,0.0095295
175.1,0.015431
175.2,0.0034385
175.3,0.0044119
175.4,0.018845
175.5,0.0022993
175.6,0.0015174
175.7,0.0087051
175.8,0.013909
175.9,0.013891
176,0.013005
176.1,0.011616
176.2,0.0097107
176.3,0.0009129
176.4,0.005472
176.5,0.0013396
176.6,0.006957
176.7,0.0033205
176.8,0.0058167
176.9,0.0073647
177,0.0046738
177.1,0.015821
177.2,0.0098708
177.3,0.0080156
177.4,0.0046396
177.5,0.016066
177.6,0.010632
177.7,0.0088922
177.8,0.004843
177.9,0.0093768
178,0.0092856
178.1,0.0019711
178.2,0.0066118
178.3,0.0046522
178.4,0.0049906
178.5,0.0041628
178.6,0.0049533
178.7,0.0031225
178.8,0.0029023
178.9,0.0058625
179,0.003883
179.1,0.010403
179.2,0.0065982
179.3,0.017593
179.4,0.0059154
179.5,0.010385
179.6,0.011641
179.7,0.0095236
179.8,0.0097425
179.9,0.014384
180,0.00917
180.1,0.0093608
180.2,0.0097081
180.3,0.0083708
180.4,0.0080118
180.5,0.0071477
180.6,0.013808
180.7,0.011475
180.8,0.0074555
180.9,0.014034
181,0.00794
181.1,0.011826
181.2,0.012457
181.3,0.0042131
181.4,0.0072342
181.5,0.0089952
181.6,0.0037928
181.7,0.0031458
181.8,0.01848
181.9,0.011091
182,0.010644
182.1,0.015189
182.2,0.0066418
182.3,0.00062586
182.4,0.0019711
182.5,0.0045536
182.6,0.015595
182.7,0.0042519
182.8,0.01206
182.9,0.016535
183,0.0048867
183.1,0.017865
183.2,0.012795
183.3,0.0069269
183.4,0.0081166
183.5,0.012163
183.6,0.012246
183.7,0.0053337
183.8,0.011106
183.9,0.0057253
184,0.023289
184.1,0.008142
184.2,0.01778
184.3,0.0027868
184.4,0.015736
184.5,0.004754
184.6,0.0095797
184.7,0.0066562
184.8,0.014662
184.9,0.0083616
185,0.029152
185.1,0.01649
185.2,0.0083136
185.3,0.0081958
185.4,0.016773
185.5,0.01028
185.6,0.01357
185.7,0.0034422
185.8,0.0097548
185.9,0.0051562
186,0.019256
186.1,0.011593
186.2,0.0093909
186.3,0.0059022
186.4,0.0085788
186.5,0.0012265
186.6,0.0092507
186.7,0.0072617
186.8,0.014251
186.9,0.0071177
187,0.0043326
187.1,0.014419
187.2,0.0053704
187.3,0.004359
187.4,0.0058673
187.5,0.0066625
187.6,0.016474
187.7,0.0017211
187.8,0.0085908
187.9,0.016314
188,0.004365
188.1,0.015226
188.2,0.0079189
188.3,0.0040411
188.4,0.019051
188.5,0.0092732
188.6,0.0052462
188.7,0.00059048
188.8,0.020999
188.9,0.008693
189,0.0014573
189.1,0.015552
189.2,0.011725
189.3,0.0090912
189.4,0.0026076
189.5,0.0048105
189.6,0.010829
189.7,0.006025
189.8,0.0083034
189.9,0.003146
190,0.0058917
190.1,0.0079464
190.2,0.011847
190.3,0.01061
190.4,0.012146
190.5,0.015016
190.6,0.0083501
190.7,0.0075613
190.8,0.0048281
190.9,0.010486
191,0.0041716
191.1,0.013297
191.2,0.0073962
191.3,0.0070903
191.4,0.008733
191.5,0.011512
191.6,0.017887
191.7,0.0079287
191.8,0.0083259
191.9,0.0040189
192,0.0047445
192.1,0.015147
192.2,0.0016153
192.3,0.0066983
192.4,0.011883
192.5,0.0020725
192.6,0.0080496
192.7,0.0080407
192.8,0.007475
192.9,0.0080974
193,0.0056561
193.1,0.011003
193.2,0.0050138
193.3,0.015375
193.4,0.0096608
193.5,0.017274
193.6,0.0087258
193.7,0.021173
193.8,0.0081295
193.9,0.004491
194,0.0049356
194.1,0.01221
194.2,0.0053986
194.3,0.0025953
194.4,0.0089354
194.5,0.013919
194.6,0.007722
194.7,0.0081876
194.8,0.0087924
194.9,0.0081952
195,0.0083396
195.1,0.0026844
195.2,0.0027205
195.3,0.006538
195.4,0.019477
195.5,0.0038854
195.6,0.010049
195.7,0.0087108
195.8,0.0097965
195.9,0.021247
196,0.0049502
196.1,0.0042253
196.2,0.0032739
196.3,0.0065748
196.4,0.015119
196.5,0.0037072
196.6,0.0060639
196.7,0.0088259
196.8,0.0069232
196.9,0.0097469
197,0.0063796
197.1,0.0036894
197.2,0.0096746
197.3,0.012302
197.4,0.0062674
197.5,0.0082105
197.6,0.012417
197.7,0.010053
197.8,0.0079189
197.9,0.0048489
198,0.0040828
198.1,0.0029749
198.2,0.011411
198.3,0.0084679
198.4,0.016374
198.5,0.01271
198.6,0.00056412
198.7,0.0065278
198.8,0.0095584
198.9,0.0048113
199,0.014454
199.1,0.0078168
199.2,0.0081369
199.3,0.0075607
199.4,0.0035757
199.5,0.0059436
199.6,0.0032145
199.7,0.0090008
199.8,0.0091012
199.9,0.0098034
200,0.012297
