0.1,0.010945
0.2,0.0072847
0.3,0.012536
0.4,0.0077054
0.5,0.013529
0.6,0.011265
0.7,0.010383
0.8,0.012783
0.9,0.018749
1,0.014005
1.1,0.010658
1.2,0.011852
1.3,0.012305
1.4,0.0181
1.5,0.02477
1.6,0.014646
1.7,0.011313
1.8,0.014816
1.9,0.016725
2,0.0084598
2.1,0.0075592
2.2,0.018146
2.3,0.012976
2.4,0.013193
2.5,0.016344
2.6,0.0056335
2.7,0.015326
2.8,0.014802
2.9,0.0048035
3,0.017432
3.1,0.0039896
3.2,0.011832
3.3,0.01577
3.4,0.01113
3.5,0.0060036
3.6,0.01704
3.7,0.013668
3.8,0.020367
3.9,0.017898
4,0.010836
4.1,0.016748
4.2,0.019153
4.3,0.021655
4.4,0.014129
4.5,0.0039557
4.6,0.020918
4.7,0.017139
4.8,0.013933
4.9,0.012679
5,0.0078324
5.1,0.023386
5.2,0.02251
5.3,0.023252
5.4,0.021436
5.5,0.012435
5.6,0.016373
5.7,0.016325
5.8,0.013607
5.9,0.0064232
6,0.019171
6.1,0.044809
6.2,0.037868
6.3,0.012808
6.4,0.016472
6.5,0.010919
6.6,0.021328
6.7,0.02731
6.8,0.0058817
6.9,0.010465
7,0.020215
7.1,0.02363
7.2,0.0043581
7.3,0.013496
7.4,0.014585
7.5,0.014667
7.6,0.018235
7.7,0.02641
7.8,0.02131
7.9,0.0099168
8,0.015633
8.1,0.013689
8.2,0.0076849
8.3,0.01601
8.4,0.013515
8.5,0.027982
8.6,0.0055632
8.7,0.015516
8.8,0.012713
8.9,0.020626
9,0.015515
9.1,0.0073401
9.2,0.020962
9.3,0.0076361
9.4,0.019647
9.5,0.012704
9.6,0.013008
9.7,0.010656
9.8,0.019055
9.9,0.018409
10,0.018947
10.1,0.012871
10.2,0.03823
10.3,0.021157
10.4,0.0068763
10.5,0.023753
10.6,0.0082476
10.7,0.026855
10.8,0.014032
10.9,0.011465
11,0.014431
11.1,0.010903
11.2,0.022861
11.3,0.01404
11.4,0.013305
11.5,0.01563
11.6,0.010683
11.7,0.038879
11.8,0.021254
11.9,0.016575
12,0.011102
12.1,0.019433
12.2,0.035552
12.3,0.027492
12.4,0.027788
12.5,0.020553
12.6,0.03502
12.7,0.020802
12.8,0.018601
12.9,0.018589
13,0.010681
13.1,0.037034
13.2,0.0063675
13.3,0.0090854
13.4,0.0060078
13.5,0.013223
13.6,0.0064905
13.7,0.012816
13.8,0.020931
13.9,0.020028
14,0.021149
14.1,0.0095633
14.2,0.021743
14.3,0.019642
14.4,0.011076
14.5,0.040977
14.6,0.030982
14.7,0.02406
14.8,0.012839
14.9,0.0037831
15,0.017618
15.1,0.024974
15.2,0.01829
15.3,0.030196
15.4,0.028913
15.5,0.017741
15.6,0.030251
15.7,0.026193
15.8,0.014119
15.9,0.031628
16,0.049872
16.1,0.015751
16.2,0.016471
16.3,0.037091
16.4,0.020015
16.5,0.0058381
16.6,0.010468
16.7,0.019652
16.8,0.0056451
16.9,0.016635
17,0.03855
17.1,0.032818
17.2,0.015271
17.3,0.01341
17.4,0.010423
17.5,0.011564
17.6,0.041839
17.7,0.018614
17.8,0.036999
17.9,0.026513
18,0.032046
18.1,0.039989
18.2,0.0091653
18.3,0.0035798
18.4,0.020286
18.5,0.0068355
18.6,0.006715
18.7,0.02617
18.8,0.060122
18.9,0.025961
19,0.019974
19.1,0.029918
19.2,0.011795
19.3,0.041079
19.4,0.02901
19.5,0.016065
19.6,0.022076
19.7,0.0094425
19.8,0.023222
19.9,0.0069254
20,0.0063204
20.1,0.034164
20.2,0.026842
20.3,0.053558
20.4,0.015636
20.5,0.014448
20.6,0.017944
20.7,0.025514
20.8,0.013446
20.9,0.012894
21,0.010332
21.1,0.011612
21.2,0.025187
21.3,0.04243
21.4,0.0080946
21.5,0.013322
21.6,0.03796
21.7,0.028236
21.8,0.039005
21.9,0.026049
22,0.031841
22.1,0.023201
22.2,0.039339
22.3,0.029335
22.4,0.020426
22.5,0.010863
22.6,0.018706
22.7,0.021931
22.8,0.010181
22.9,0.020479
23,0.010914
23.1,0.026237
23.2,0.0088881
23.3,0.010558
23.4,0.026319
23.5,0.0065014
23.6,0.022712
23.7,0.017336
23.8,0.02592
23.9,0.019403
24,0.018975
24.1,0.048925
24.2,0.011374
24.3,0.013394
24.4,0.022837
24.5,0.025927
24.6,0.0192
24.7,0.02916
24.8,0.023384
24.9,0.014898
25,0.029171
25.1,0.0062281
25.2,0.022701
25.3,0.016504
25.4,0.020096
25.5,0.010733
25.6,0.0075505
25.7,0.0053822
25.8,0.018496
25.9,0.01697
26,0.026957
26.1,0.031622
26.2,0.01495
26.3,0.0049125
26.4,0.012017
26.5,0.034676
26.6,0.012145
26.7,0.024249
26.8,0.02438
26.9,0.021557
27,0.019025
27.1,0.01829
27.2,0.019332
27.3,0.02276
27.4,0.02819
27.5,0.02466
27.6,0.031673
27.7,0.035677
27.8,0.0024613
27.9,0.011144
28,0.017599
28.1,0.0057718
28.2,0.015379
28.3,0.011937
28.4,0.01173
28.5,0.0060019
28.6,0.028181
28.7,0.033222
28.8,0.020037
28.9,0.011492
29,0.011327
29.1,0.011793
29.2,0.01831
29.3,0.013807
29.4,0.013303
29.5,0.015902
29.6,0.017114
29.7,0.020527
29.8,0.021773
29.9,0.0048404
30,0.028775
30.1,0.022713
30.2,0.023877
30.3,0.018975
30.4,0.018557
30.5,0.0030522
30.6,0.01519
30.7,0.0071073
30.8,0.020977
30.9,0.016655
31,0.013477
31.1,0.012745
31.2,0.022835
31.3,0.010418
31.4,0.0053768
31.5,0.02011
31.6,0.01992
31.7,0.010687
31.8,0.021515
31.9,0.019791
32,0.013386
32.1,0.0077407
32.2,0.020991
32.3,0.018622
32.4,0.015523
32.5,0.027562
32.6,0.0041866
32.7,0.01095
32.8,0.0057842
32.9,0.013018
33,0.015204
33.1,0.010659
33.2,0.016263
33.3,0.012429
33.4,0.021921
33.5,0.015821
33.6,0.012703
33.7,0.004105
33.8,0.015042
33.9,0.0037658
34,0.0072568
34.1,0.0087417
34.2,0.0082482
34.3,0.024541
34.4,0.013928
34.5,0.0074713
34.6,0.0146
34.7,0.016003
34.8,0.011358
34.9,0.012291
35,0.0069051
35.1,0.012835
35.2,0.017599
35.3,0.021407
35.4,0.010383
35.5,0.0086941
35.6,0.0049813
35.7,0.0074653
35.8,0.006374
35.9,0.012825
36,0.006682
36.1,0.0066464
36.2,0.0053748
36.3,0.017982
36.4,0.0063575
36.5,0.0046949
36.6,0.0080713
36.7,0.0023211
36.8,0.016046
36.9,0.010805
37,0.0081406
37.1,0.0030715
37.2,0.0074872
37.3,0.0085553
37.4,0.0049009
37.5,0.0059494
37.6,0.0028175
37.7,0.0079349
37.8,0.016433
37.9,0.011136
38,0.00060454
38.1,0.0064703
38.2,0.0088256
38.3,0.013674
38.4,0.011123
38.5,0.011098
38.6,0.0076541
38.7,0.0090963
38.8,0.0049139
38.9,0.0066755
39,0.0016764
39.1,0.011016
39.2,0.017406
39.3,0.011901
39.4,0.0060305
39.5,0.01091
39.6,0.01025
39.7,0.019837
39.8,0.0083902
39.9,0.013029
40,0.0037582
40.1,0.0098858
40.2,0.01404
40.3,0.01261
40.4,0.0065962
40.5,0.016307
40.6,0.015714
40.7,0.0041942
40.8,0.009746
40.9,0.0086481
41,0.0064052
41.1,0.012778
41.2,0.016539
41.3,0.0048696
41.4,0.0074236
41.5,0.0072127
41.6,0.0064025
41.7,0.0095645
41.8,0.012451
41.9,0.007911
42,0.018305
42.1,0.013657
42.2,0.013714
42.3,0.0081769
42.4,0.017767
42.5,0.0023023
42.6,0.022977
42.7,0.020342
42.8,0.011659
42.9,0.010339
43,0.0218
43.1,0.01838
43.2,0.0084534
43.3,0.012888
43.4,0.0082013
43.5,0.012884
43.6,0.022583
43.7,0.012544
43.8,0.0085456
43.9,0.0098208
44,0.029836
44.1,0.0093354
44.2,0.012867
44.3,0.0047172
44.4,0.014166
44.5,0.018203
44.6,0.034244
44.7,0.020076
44.8,0.026128
44.9,0.0026788
45,0.024945
45.1,0.022164
45.2,0.019833
45.3,0.01398
45.4,0.020654
45.5,0.0061429
45.6,0.0043686
45.7,0.0098991
45.8,0.007308
45.9,0.0027624
46,0.014618
46.1,0.0084636
46.2,0.010969
46.3,0.034281
46.4,0.028755
46.5,0.0091161
46.6,0.0080795
46.7,0.015319
46.8,0.018371
46.9,0.0052877
47,0.01548
47.1,0.0071182
47.2,0.021018
47.3,0.005828
47.4,0.009406
47.5,0.008444
47.6,0.0037592
47.7,0.018535
47.8,0.028721
47.9,0.017567
48,0.026429
48.1,0.021805
48.2,0.016866
48.3,0.007052
48.4,0.0272
48.5,0.031252
48.6,0.017993
48.7,0.01704
48.8,0.033683
48.9,0.02855
49,0.02905
49.1,0.025415
49.2,0.013877
49.3,0.021273
49.4,0.013841
49.5,0.018068
49.6,0.024871
49.7,0.011739
49.8,0.018404
49.9,0.017181
50,0.023118
50.1,0.0043363
50.2,0.017495
50.3,0.023099
50.4,0.030167
50.5,0.013109
50.6,0.012044
50.7,0.017935
50.8,0.023062
50.9,0.020917
51,0.029298
51.1,0.026954
51.2,0.041659
51.3,0.0073466
51.4,0.026184
51.5,0.02375
51.6,0.012501
51.7,0.0038062
51.8,0.021389
51.9,0.012133
52,0.019968
52.1,0.040005
52.2,0.0057179
52.3,0.033879
52.4,0.028944
52.5,0.056864
52.6,0.025071
52.7,0.028631
52.8,0.023135
52.9,0.017288
53,0.0060538
53.1,0.0070621
53.2,0.052634
53.3,0.023066
53.4,0.0041237
53.5,0.021836
53.6,0.03277
53.7,0.025547
53.8,0.065589
53.9,0.029861
54,0.044705
54.1,0.012679
54.2,0.046273
54.3,0.051638
54.4,0.014787
54.5,0.040463
54.6,0.0034215
54.7,0.0070421
54.8,0.019123
54.9,0.021726
55,0.033246
55.1,0.015707
55.2,0.024265
55.3,0.026893
55.4,0.028379
55.5,0.022605
55.6,0.019565
55.7,0.040677
55.8,0.007265
55.9,0.020916
56,0.0075499
56.1,0.012079
56.2,0.023131
56.3,0.04358
56.4,0.024735
56.5,0.020662
56.6,0.024364
56.7,0.022219
56.8,0.025716
56.9,0.008244
57,0.0063119
57.1,0.040977
57.2,0.058164
57.3,0.010723
57.4,0.0090273
57.5,0.010751
57.6,0.058281
57.7,0.028233
57.8,0.020549
57.9,0.025405
58,0.011677
58.1,0.00749
58.2,0.030923
58.3,0.02988
58.4,0.034793
58.5,0.020287
58.6,0.036624
58.7,0.072635
58.8,0.029643
58.9,0.019207
59,0.038214
59.1,0.027915
59.2,0.046629
59.3,0.020139
59.4,0.013241
59.5,0.030376
59.6,0.033996
59.7,0.016814
59.8,0.014326
59.9,0.030469
60,0.017903
60.1,0.015558
60.2,0.018408
60.3,0.031364
60.4,0.048425
60.5,0.053793
60.6,0.0044865
60.7,0.040213
60.8,0.037707
60.9,0.021014
61,0.058348
61.1,0.019639
61.2,0.042932
61.3,0.025177
61.4,0.017554
61.5,0.042465
61.6,0.023444
61.7,0.0070706
61.8,0.035867
61.9,0.037201
62,0.056708
62.1,0.029965
62.2,0.012397
62.3,0.0048655
62.4,0.011224
62.5,0.016881
62.6,0.02871
62.7,0.036935
62.8,0.011585
62.9,0.019421
63,0.020173
63.1,0.022956
63.2,0.029964
63.3,0.035607
63.4,0.032914
63.5,0.025307
63.6,0.0041884
63.7,0.024417
63.8,0.029882
63.9,0.020831
64,0.040572
64.1,0.02691
64.2,0.014202
64.3,0.010982
64.4,0.020783
64.5,0.016613
64.6,0.029215
64.7,0.019443
64.8,0.036549
64.9,0.030312
65,0.023406
65.1,0.013367
65.2,0.020136
65.3,0.023367
65.4,0.01622
65.5,0.015677
65.6,0.043175
65.7,0.019018
65.8,0.025031
65.9,0.021377
66,0.013179
66.1,0.015861
66.2,0.031215
66.3,0.030079
66.4,0.031138
66.5,0.020229
66.6,0.0073928
66.7,0.023745
66.8,0.023188
66.9,0.025172
67,0.01054
67.1,0.01845
67.2,0.017108
67.3,0.0218
67.4,0.0082973
67.5,0.016702
67.6,0.011672
67.7,0.003599
67.8,0.012481
67.9,0.016376
68,0.029426
68.1,0.016569
68.2,0.020267
68.3,0.015571
68.4,0.027461
68.5,0.020249
68.6,0.016959
68.7,0.025689
68.8,0.0090242
68.9,0.012847
69,0.018191
69.1,0.024586
69.2,0.022096
69.3,0.03908
69.4,0.044254
69.5,0.037031
69.6,0.0057677
69.7,0.016951
69.8,0.013384
69.9,0.032247
70,0.033417
70.1,0.016229
70.2,0.026342
70.3,0.032599
70.4,0.016265
70.5,0.021542
70.6,0.013467
70.7,0.0035359
70.8,0.0060948
70.9,0.020303
71,0.017974
71.1,0.011555
71.2,0.029226
71.3,0.016101
71.4,0.0065027
71.5,0.026832
71.6,0.014919
71.7,0.010874
71.8,0.022556
71.9,0.019344
72,0.022655
72.1,0.0029871
72.2,0.013678
72.3,0.030009
72.4,0.0083042
72.5,0.015089
72.6,0.013919
72.7,0.017399
72.8,0.0027404
72.9,0.013412
73,0.010014
73.1,0.012923
73.2,0.01044
73.3,0.0098928
73.4,0.025234
73.5,0.0023269
73.6,0.014459
73.7,0.021346
73.8,0.0017311
73.9,0.0082063
74,0.011028
74.1,0.016052
74.2,0.017966
74.3,0.013591
74.4,0.0068816
74.5,0.024065
74.6,0.0095654
74.7,0.014914
74.8,0.00089743
74.9,0.025013
75,0.026523
75.1,0.0059313
75.2,0.014394
75.3,0.012321
75.4,0.016024
75.5,0.024824
75.6,0.010467
75.7,0.01169
75.8,0.018056
75.9,0.015965
76,0.012151
76.1,0.010141
76.2,0.00349
76.3,0.014992
76.4,0.008172
76.5,0.0089064
76.6,0.017893
76.7,0.017889
76.8,0.02015
76.9,0.010282
77,0.01636
77.1,0.0091409
77.2,0.0092747
77.3,0.028794
77.4,0.020138
77.5,0.010002
77.6,0.0089495
77.7,0.0093793
77.8,0.010492
77.9,0.021779
78,0.013306
78.1,0.0085698
78.2,0.01952
78.3,0.028563
78.4,0.023308
78.5,0.019168
78.6,0.0018234
78.7,0.027432
78.8,0.026593
78.9,0.034813
79,0.01874
79.1,0.0095805
79.2,0.020884
79.3,0.018707
79.4,0.012058
79.5,0.017191
79.6,0.017133
79.7,0.013374
79.8,0.0089454
79.9,0.0064343
80,0.0088644
80.1,0.014698
80.2,0.013088
80.3,0.0038679
80.4,0.019625
80.5,0.016189
80.6,0.037589
80.7,0.026275
80.8,0.044591
80.9,0.00090212
81,0.018924
81.1,0.022414
81.2,0.029852
81.3,0.0078202
81.4,0.015857
81.5,0.023216
81.6,0.012475
81.7,0.009174
81.8,0.022312
81.9,0.012994
82,0.041042
82.1,0.016969
82.2,0.016859
82.3,0.01637
82.4,0.022701
82.5,0.024592
82.6,0.005749
82.7,0.012547
82.8,0.035105
82.9,0.0076236
83,0.024058
83.1,0.022324
83.2,0.021004
83.3,0.036329
83.4,0.018985
83.5,0.010887
83.6,0.02166
83.7,0.035972
83.8,0.021331
83.9,0.023176
84,0.020172
84.1,0.019712
84.2,0.015394
84.3,0.036541
84.4,0.024741
84.5,0.028562
84.6,0.030201
84.7,0.023096
84.8,0.0032961
84.9,0.028828
85,0.014389
85.1,0.0032914
85.2,0.049796
85.3,0.0094202
85.4,0.026785
85.5,0.027588
85.6,0.027879
85.7,0.044835
85.8,0.013955
85.9,0.022359
86,0.027465
86.1,0.022913
86.2,0.019835
86.3,0.020983
86.4,0.037437
86.5,0.029058
86.6,0.015042
86.7,0.033729
86.8,0.05709
86.9,0.012055
87,0.030262
87.1,0.014098
87.2,0.023049
87.3,0.034845
87.4,0.0052089
87.5,0.0078567
87.6,0.030921
87.7,0.045121
87.8,0.0054953
87.9,0.044743
88,0.02124
88.1,0.027237
88.2,0.041953
88.3,0.03533
88.4,0.029764
88.5,0.044519
88.6,0.029079
88.7,0.01668
88.8,0.015937
88.9,0.011298
89,0.040466
89.1,0.022743
89.2,0.035496
89.3,0.0048741
89.4,0.0081804
89.5,0.029335
89.6,0.036757
89.7,0.040621
89.8,0.0062561
89.9,0.042938
90,0.033431
90.1,0.01312
90.2,0.04395
90.3,0.037471
90.4,0.0077174
90.5,0.018542
90.6,0.049438
90.7,0.021066
90.8,0.023837
90.9,0.016623
91,0.062878
91.1,0.030882
91.2,0.077985
91.3,0.055043
91.4,0.029117
91.5,0.012647
91.6,0.057725
91.7,0.039693
91.8,0.047219
91.9,0.052254
92,0.050945
92.1,0.058441
92.2,0.013758
92.3,0.034948
92.4,0.017311
92.5,0.019484
92.6,0.025754
92.7,0.038638
92.8,0.047771
92.9,0.024807
93,0.033864
93.1,0.039664
93.2,0.050506
93.3,0.032403
93.4,0.035084
93.5,0.03968
93.6,0.024774
93.7,0.041657
93.8,0.038301
93.9,0.077778
94,0.028371
94.1,0.028598
94.2,0.067652
94.3,0.082129
94.4,0.078754
94.5,0.066637
94.6,0.010819
94.7,0.049567
94.8,0.039647
94.9,0.018639
95,0.023783
95.1,0.034228
95.2,0.036937
95.3,0.0078687
95.4,0.087825
95.5,0.0041267
95.6,0.052211
95.7,0.047041
95.8,0.067083
95.9,0.010477
96,0.091436
96.1,0.060918
96.2,0.011819
96.3,0.037069
96.4,0.032783
96.5,0.041106
96.6,0.052671
96.7,0.026509
96.8,0.033413
96.9,0.030576
97,0.068835
97.1,0.061176
97.2,0.036283
97.3,0.013337
97.4,0.087795
97.5,0.036326
97.6,0.042918
97.7,0.039161
97.8,0.040872
97.9,0.03885
98,0.02332
98.1,0.014758
98.2,0.0034749
98.3,0.055923
98.4,0.060578
98.5,0.037527
98.6,0.026235
98.7,0.01723
98.8,0.083029
98.9,0.043759
99,0.0045397
99.1,0.019873
99.2,0.032208
99.3,0.090223
99.4,0.021498
99.5,0.011476
99.6,0.033989
99.7,0.09913
99.8,0.039832
99.9,0.054836
100,0.027903
100.1,0.020663
100.2,0.019172
100.3,0.020822
100.4,0.06076
100.5,0.018819
100.6,0.05861
100.7,0.080397
100.8,0.011896
100.9,0.063904
101,0.090421
101.1,0.062831
101.2,0.014534
101.3,0.061235
101.4,0.039287
101.5,0.0012215
101.6,0.071696
101.7,0.015032
101.8,0.067015
101.9,0.02502
102,0.049001
102.1,0.041676
102.2,0.036695
102.3,0.035364
102.4,0.036408
102.5,0.063746
102.6,0.024191
102.7,0.03723
102.8,0.043434
102.9,0.052735
103,0.024955
103.1,0.018302
103.2,0.0045336
103.3,0.046113
103.4,0.038645
103.5,0.013734
103.6,0.0516
103.7,0.02406
103.8,0.062023
103.9,0.021782
104,0.029946
104.1,0.012339
104.2,0.03465
104.3,0.053029
104.4,0.033801
104.5,0.03363
104.6,0.024693
104.7,0.021934
104.8,0.0061967
104.9,0.02965
105,0.015165
105.1,0.015693
105.2,0.044009
105.3,0.069359
105.4,0.053306
105.5,0.019981
105.6,0.045303
105.7,0.007368
105.8,0.052417
105.9,0.066245
106,0.087153
106.1,0.057949
106.2,0.039685
106.3,0.057194
106.4,0.0073102
106.5,0.043393
106.6,0.02442
106.7,0.09591
106.8,0.019381
106.9,0.058343
107,0.02918
107.1,0.038031
107.2,0.078131
107.3,0.048484
107.4,0.024847
107.5,0.025451
107.6,0.039668
107.7,0.017818
107.8,0.014279
107.9,0.06518
108,0.0061612
108.1,0.02126
108.2,0.034253
108.3,0.041098
108.4,0.033038
108.5,0.042121
108.6,0.044025
108.7,0.012106
108.8,0.067573
108.9,0.053498
109,0.04695
109.1,0.034695
109.2,0.025687
109.3,0.014152
109.4,0.035988
109.5,0.042088
109.6,0.047583
109.7,0.021504
109.8,0.043427
109.9,0.041738
110,0.060946
110.1,0.056101
110.2,0.0653
110.3,0.039147
110.4,0.056607
110.5,0.048701
110.6,0.014019
110.7,0.027394
110.8,0.029347
110.9,0.015802
111,0.066468
111.1,0.030089
111.2,0.086515
111.3,0.070456
111.4,0.039803
111.5,0.01189
111.6,0.061049
111.7,0.026291
111.8,0.050268
111.9,0.06109
112,0.013615
112.1,0.035909
112.2,0.026724
112.3,0.068577
112.4,0.078841
112.5,0.022176
112.6,0.08648
112.7,0.0453
112.8,0.028001
112.9,0.037761
113,0.054672
113.1,0.0099117
113.2,0.031511
113.3,0.038306
113.4,0.036911
113.5,0.060177
113.6,0.08094
113.7,0.020919
113.8,0.068798
113.9,0.076157
114,0.069136
114.1,0.03896
114.2,0.022303
114.3,0.037113
114.4,0.021821
114.5,0.051152
114.6,0.013702
114.7,0.024639
114.8,0.042253
114.9,0.068523
115,0.021417
115.1,0.024741
115.2,0.049371
115.3,0.028614
115.4,0.051489
115.5,0.022607
115.6,0.047203
115.7,0.048173
115.8,0.081315
115.9,0.050079
116,0.036398
116.1,0.03716
116.2,0.076316
116.3,0.020638
116.4,0.028843
116.5,0.038027
116.6,0.009727
116.7,0.055654
116.8,0.021295
116.9,0.012699
117,0.067082
117.1,0.079722
117.2,0.01301
117.3,0.063393
117.4,0.040049
117.5,0.043984
117.6,0.081165
117.7,0.014246
117.8,0.077303
117.9,0.043456
118,0.088528
118.1,0.036756
118.2,0.041014
118.3,0.031598
118.4,0.083561
118.5,0.098648
118.6,0.044966
118.7,0.083018
118.8,0.058687
118.9,0.012428
119,0.038548
119.1,0.05909
119.2,0.011077
119.3,0.063391
119.4,0.018739
119.5,0.063933
119.6,0.10428
119.7,0.087595
119.8,0.015085
119.9,0.071599
120,0.045456
120.1,0.094384
120.2,0.025843
120.3,0.059873
120.4,0.032144
120.5,0.047418
120.6,0.09215
120.7,0.048034
120.8,0.030289
120.9,0.033259
121,0.07293
121.1,0.039831
121.2,0.044737
121.3,0.03608
121.4,0.030125
121.5,0.049321
121.6,0.042932
121.7,0.011356
121.8,0.068895
121.9,0.036226
122,0.018549
122.1,0.054974
122.2,0.021099
122.3,0.045057
122.4,0.024375
122.5,0.11006
122.6,0.090496
122.7,0.036249
122.8,0.077106
122.9,0.060667
123,0.12782
123.1,0.056539
123.2,0.044591
123.3,0.084539
123.4,0.095734
123.5,0.061359
123.6,0.04166
123.7,0.11039
123.8,0.0065491
123.9,0.11268
124,0.038918
124.1,0.074738
124.2,0.042155
124.3,0.042225
124.4,0.051901
124.5,0.020974
124.6,0.041528
124.7,0.02257
124.8,0.025705
124.9,0.06415
125,0.06873
125.1,0.046098
125.2,0.14909
125.3,0.044681
125.4,0.063221
125.5,0.047656
125.6,0.069894
125.7,0.15819
125.8,0.042428
125.9,0.019337
126,0.055171
126.1,0.066028
126.2,0.021607
126.3,0.05949
126.4,0.062496
126.5,0.040232
126.6,0.058158
126.7,0.046091
126.8,0.11618
126.9,0.1358
127,0.047437
127.1,0.092968
127.2,0.014759
127.3,0.03706
127.4,0.062743
127.5,0.054011
127.6,0.10539
127.7,0.089526
127.8,0.048738
127.9,0.15053
128,0.12139
128.1,0.10384
128.2,0.11141
128.3,0.097982
128.4,0.075968
128.5,0.052842
128.6,0.193
128.7,0.065558
128.8,0.09289
128.9,0.064143
129,0.079824
129.1,0.027447
129.2,0.036342
129.3,0.046407
129.4,0.14213
129.5,0.095342
129.6,0.12527
129.7,0.058485
129.8,0.055152
129.9,0.11092
130,0.20896
130.1,0.10679
130.2,0.03206
130.3,0.089427
130.4,0.057316
130.5,0.14626
130.6,0.14333
130.7,0.078244
130.8,0.14694
130.9,0.1199
131,0.10223
131.1,0.13954
131.2,0.12712
131.3,0.04381
131.4,0.084125
131.5,0.016627
131.6,0.091278
131.7,0.086805
131.8,0.14771
131.9,0.15644
132,0.14027
132.1,0.10078
132.2,0.1322
132.3,0.087485
132.4,0.097316
132.5,0.086906
132.6,0.16468
132.7,0.10763
132.8,0.016695
132.9,0.1343
133,0.10878
133.1,0.02043
133.2,0.15225
133.3,0.081125
133.4,0.070448
133.5,0.020052
133.6,0.17607
133.7,0.11865
133.8,0.054938
133.9,0.11118
134,0.1322
134.1,0.04167
134.2,0.13407
134.3,0.077168
134.4,0.091735
134.5,0.055664
134.6,0.046135
134.7,0.083218
134.8,0.019786
134.9,0.13448
135,0.03309
135.1,0.075922
135.2,0.13251
135.3,0.061403
135.4,0.11137
135.5,0.044141
135.6,0.13687
135.7,0.10158
135.8,0.14268
135.9,0.018886
136,0.093666
136.1,0.087301
136.2,0.13103
136.3,0.064942
136.4,0.030762
136.5,0.073053
136.6,0.03056
136.7,0.045922
136.8,0.038176
136.9,0.17354
137,0.029886
137.1,0.070736
137.2,0.040033
137.3,0.091617
137.4,0.18712
137.5,0.22667
137.6,0.15363
137.7,0.082091
137.8,0.11171
137.9,0.023
138,0.21364
138.1,0.11827
138.2,0.037854
138.3,0.09766
138.4,0.030014
138.5,0.23298
138.6,0.031077
138.7,0.30146
138.8,0.19681
138.9,0.11026
139,0.13166
139.1,0.0089644
139.2,0.086628
139.3,0.093605
139.4,0.081968
139.5,0.21222
139.6,0.032393
139.7,0.17017
139.8,0.076473
139.9,0.071158
140,0.10329
140.1,0.079896
140.2,0.13992
140.3,0.078714
140.4,0.062365
140.5,0.08485
140.6,0.059008
140.7,0.15431
140.8,0.13753
140.9,0.097316
141,0.19103
141.1,0.18945
141.2,0.13948
141.3,0.0078397
141.4,0.21193
141.5,0.018094
141.6,0.093647
141.7,0.049846
141.8,0.13298
141.9,0.19845
142,0.15582
142.1,0.22903
142.2,0.13329
142.3,0.081042
142.4,0.06506
142.5,0.14722
142.6,0.12911
142.7,0.033682
142.8,0.14043
142.9,0.19554
143,0.020778
143.1,0.093017
143.2,0.16561
143.3,0.054806
143.4,0.073548
143.5,0.11968
143.6,0.074517
143.7,0.1672
143.8,0.10373
143.9,0.13763
144,0.18207
144.1,0.024983
144.2,0.10829
144.3,0.29526
144.4,0.12561
144.5,0.25617
144.6,0.038798
144.7,0.16133
144.8,0.081204
144.9,0.24158
145,0.16154
145.1,0.068097
145.2,0.088261
145.3,0.096881
145.4,0.19678
145.5,0.21985
145.6,0.094191
145.7,0.158
145.8,0.18753
145.9,0.081755
146,0.12088
146.1,0.076999
146.2,0.23498
146.3,0.072098
146.4,0.057996
146.5,0.14867
146.6,0.11074
146.7,0.17423
146.8,0.15769
146.9,0.25888
147,0.024536
147.1,0.27288
147.2,0.082878
147.3,0.035191
147.4,0.15352
147.5,0.21789
147.6,0.1679
147.7,0.12014
147.8,0.098995
147.9,0.091842
148,0.29171
148.1,0.16616
148.2,0.076594
148.3,0.30837
148.4,0.08629
148.5,0.15077
148.6,0.14386
148.7,0.18273
148.8,0.1169
148.9,0.17682
149,0.39216
149.1,0.40581
149.2,0.15652
149.3,0.010885
149.4,0.071102
149.5,0.13468
149.6,0.26178
149.7,0.054372
149.8,0.14529
149.9,0.19712
150,0.22121
150.1,0.028382
150.2,0.088913
150.3,0.062246
150.4,0.083272
150.5,0.14563
150.6,0.065277
150.7,0.060218
150.8,0.1534
150.9,0.18756
151,0.15681
151.1,0.13582
151.2,0.11978
151.3,0.054857
151.4,0.22096
151.5,0.11296
151.6,0.22973
151.7,0.17881
151.8,0.076422
151.9,0.16033
152,0.076269
152.1,0.10824
152.2,0.10616
152.3,0.16008
152.4,0.22785
152.5,0.16845
152.6,0.31583
152.7,0.07067
152.8,0.07076
152.9,0.21873
153,0.18557
153.1,0.039502
153.2,0.22054
153.3,0.16927
153.4,0.13486
153.5,0.014698
153.6,0.11034
153.7,0.16724
153.8,0.069201
153.9,0.085354
154,0.28558
154.1,0.27456
154.2,0.20386
154.3,0.20313
154.4,0.09356
154.5,0.23801
154.6,0.045063
154.7,0.3258
154.8,0.10337
154.9,0.057941
155,0.16955
155.1,0.11433
155.2,0.29197
155.3,0.26746
155.4,0.07273
155.5,0.082744
155.6,0.13266
155.7,0.053089
155.8,0.068866
155.9,0.17993
156,0.17251
156.1,0.047666
156.2,0.12749
156.3,0.19329
156.4,0.12384
156.5,0.099425
156.6,0.20087
156.7,0.16771
156.8,0.10967
156.9,0.10662
157,0.39807
157.1,0.29195
157.2,0.3356
157.3,0.43065
157.4,0.14068
157.5,0.19787
157.6,0.12321
157.7,0.31729
157.8,0.10637
157.9,0.091628
158,0.073603
158.1,0.18916
158.2,0.2891
158.3,0.27782
158.4,0.038356
158.5,0.24264
158.6,0.04035
158.7,0.054596
158.8,0.25307
158.9,0.29852
159,0.16218
159.1,0.29855
159.2,0.078888
159.3,0.54096
159.4,0.31856
159.5,0.22763
159.6,0.091993
159.7,0.15498
159.8,0.055432
159.9,0.15262
160,0.20436
160.1,0.35263
160.2,0.36714
160.3,0.46003
160.4,0.37405
160.5,0.095156
160.6,0.21677
160.7,0.33513
160.8,0.042499
160.9,0.047298
161,0.079399
161.1,0.13809
161.2,0.054887
161.3,0.39581
161.4,0.42565
161.5,0.26619
161.6,0.14189
161.7,0.07245
161.8,0.2557
161.9,0.15674
162,0.18071
162.1,0.094715
162.2,0.074465
162.3,0.19375
162.4,0.33588
162.5,0.074937
162.6,0.13607
162.7,0.22355
162.8,0.12429
162.9,0.12145
163,0.1447
163.1,0.1051
163.2,0.24018
163.3,0.21675
163.4,0.21994
163.5,0.3967
163.6,0.14274
163.7,0.24164
163.8,0.29708
163.9,0.025794
164,0.16401
164.1,0.46508
164.2,0.22847
164.3,0.10366
164.4,0.19555
164.5,0.25687
164.6,0.29498
164.7,0.12952
164.8,0.069863
164.9,0.1381
165,0.096306
165.1,0.17614
165.2,0.53192
165.3,0.22028
165.4,0.44786
165.5,0.35414
165.6,0.11785
165.7,0.084518
165.8,0.21874
165.9,0.083887
166,0.33879
166.1,0.1691
166.2,0.11028
166.3,0.3159
166.4,0.29231
166.5,0.14736
166.6,0.08639
166.7,0.42831
166.8,0.39993
166.9,0.10699
167,0.15573
167.1,0.14244
167.2,0.33724
167.3,0.11888
167.4,0.047609
167.5,0.30973
167.6,0.18806
167.7,0.37931
167.8,0.15714
167.9,0.40058
168,0.24271
168.1,0.14775
168.2,0.11044
168.3,0.31315
168.4,0.36797
168.5,0.27347
168.6,0.038325
168.7,0.26976
168.8,0.16096
168.9,0.31344
169,0.21861
169.1,0.0951
169.2,0.24741
169.3,0.21073
169.4,0.13177
169.5,0.36059
169.6,0.43931
169.7,0.20083
169.8,0.10288
169.9,0.056016
170,0.32002
170.1,0.29636
170.2,0.016239
170.3,0.33083
170.4,0.37414
170.5,0.28952
170.6,0.23569
170.7,0.30761
170.8,0.23056
170.9,0.21461
171,0.080163
171.1,0.22648
171.2,0.24283
171.3,0.15287
171.4,0.25695
171.5,0.27968
171.6,0.29158
171.7,0.28146
171.8,0.127
171.9,0.54111
172,0.26291
172.1,0.375
172.2,0.338
172.3,0.075453
172.4,0.17273
172.5,0.20391
172.6,0.24072
172.7,0.17852
172.8,0.49456
172.9,0.14225
173,0.31442
173.1,0.3158
173.2,0.086331
173.3,0.17529
173.4,0.4319
173.5,0.49
173.6,0.13374
173.7,0.25711
173.8,0.56436
173.9,0.33631
174,0.23925
174.1,0.35114
174.2,0.40677
174.3,0.18531
174.4,0.16724
174.5,0.25005
174.6,0.50194
174.7,0.28137
174.8,0.2543
174.9,0.53218
175,0.21971
175.1,0.22235
175.2,0.78477
175.3,0.45631
175.4,0.44124
175.5,0.63327
175.6,0.087569
175.7,0.14619
175.8,0.1702
175.9,0.7278
176,0.73382
176.1,0.7665
176.2,0.45464
176.3,0.38635
176.4,0.23231
176.5,0.59102
176.6,0.19235
176.7,0.70011
176.8,0.28542
176.9,0.44644
177,0.53405
177.1,0.32498
177.2,0.12465
177.3,0.20609
177.4,0.37013
177.5,0.20854
177.6,0.18367
177.7,0.125
177.8,0.42211
177.9,0.47249
178,0.12361
178.1,0.61566
178.2,0.50033
178.3,0.53457
178.4,0.43654
178.5,0.21806
178.6,0.56534
178.7,0.57512
178.8,0.30638
178.9,0.11936
179,0.14756
179.1,0.21619
179.2,0.23073
179.3,0.3541
179.4,0.30772
179.5,0.293
179.6,0.23915
179.7,0.22688
179.8,0.2535
179.9,0.29422
180,0.38233
180.1,0.57404
180.2,0.51438
180.3,0.60507
180.4,0.24251
180.5,0.39768
180.6,0.35406
180.7,0.27255
180.8,0.094848
180.9,0.31522
181,0.5996
181.1,0.13725
181.2,0.4431
181.3,0.31841
181.4,0.83305
181.5,0.097498
181.6,0.091603
181.7,0.21979
181.8,0.20793
181.9,0.12231
182,0.12053
182.1,0.41773
182.2,0.3755
182.3,0.4182
182.4,0.72515
182.5,0.41489
182.6,0.23864
182.7,0.27302
182.8,0.58334
182.9,0.4872
183,0.48185
183.1,0.20014
183.2,0.46767
183.3,0.43871
183.4,0.62818
183.5,0.29495
183.6,0.25825
183.7,0.29228
183.8,0.22933
183.9,0.51112
184,0.60305
184.1,0.43112
184.2,0.33429
184.3,0.60597
184.4,0.84247
184.5,0.32996
184.6,0.22633
184.7,0.60973
184.8,0.36167
184.9,0.71828
185,0.35502
185.1,0.23457
185.2,0.58535
185.3,0.22021
185.4,0.28776
185.5,0.15481
185.6,0.65955
185.7,0.47956
185.8,0.61417
185.9,0.48166
186,0.14624
186.1,0.16423
186.2,0.31973
186.3,0.48993
186.4,0.23563
186.5,0.33172
186.6,0.21522
186.7,0.50236
186.8,0.25186
186.9,0.12926
187,0.18932
187.1,1
187.2,0.26329
187.3,0.52186
187.4,0.16191
187.5,0.31514
187.6,0.24338
187.7,0.41235
187.8,0.18538
187.9,0.64551
188,0.21724
188.1,0.14658
188.2,0.19375
188.3,0.40076
188.4,0.059963
188.5,0.39317
188.6,0.41383
188.7,0.78393
188.8,0.3331
188.9,0.75555
189,0.51989
189.1,0.4704
189.2,0.82632
189.3,0.60673
189.4,0.060943
189.5,0.55539
189.6,0.13693
189.7,0.36468
189.8,0.44176
189.9,0.29302
190,0.35437
190.1,0.71326
190.2,0.23145
190.3,0.55289
190.4,0.68812
190.5,0.75085
190.6,0.29264
190.7,0.37181
190.8,0.80083
190.9,0.58196
191,0.3066
191.1,0.54512
191.2,0.44655
191.3,0.33359
191.4,0.14001
191.5,0.18226
191.6,0.10942
191.7,0.16882
191.8,0.84167
191.9,0.246
192,0.39764
192.1,0.26033
192.2,0.57127
192.3,0.60188
192.4,0.77815
192.5,0.33242
192.6,0.69242
192.7,0.53856
192.8,0.10094
192.9,0.41966
193,0.57808
193.1,0.49852
193.2,0.2127
193.3,0.45685
193.4,0.78098
193.5,0.43081
193.6,0.24906
193.7,0.78632
193.8,0.60183
193.9,0.69397
194,0.86459
194.1,0.51385
194.2,0.5556
194.3,0.34005
194.4,0.52853
194.5,0.69212
194.6,0.55637
194.7,0.4294
194.8,0.9203
194.9,0.79909
195,0.44079
195.1,0.61904
195.2,0.25005
195.3,0.11588
195.4,0.28844
195.5,0.59474
195.6,0.77834
195.7,0.32968
195.8,0.65938
195.9,0.24122
196,0.32647
196.1,0.34145
196.2,0.66116
196.3,0.73237
196.4,0.38551
196.5,0.73793
196.6,0.39633
196.7,0.4324
196.8,0.60111
196.9,0.48949
197,0.26093
197.1,0.14115
197.2,0.2338
197.3,0.88163
197.4,0.46915
197.5,0.58716
197.6,0.83643
197.7,0.28967
197.8,0.60535
197.9,0.56652
198,0.19448
198.1,0.29408
198.2,0.76212
198.3,0.23387
198.4,0.36765
198.5,0.37571
198.6,0.40438
198.7,0.53374
198.8,0.25191
198.9,0.46594
199,0.30154
199.1,0.42775
199.2,0.1578
199.3,0.29548
199.4,0.045072
199.5,0.29109
199.6,0.27313
199.7,0.72948
199.8,0.47706
199.9,0.42039
200,0.94378
