0.1,0.04398
0.2,0.047174
0.3,0.048619
0.4,0.049832
0.5,0.048172
0.6,0.047284
0.7,0.043591
0.8,0.056267
0.9,0.050021
1,0.046719
1.1,0.039498
1.2,0.054307
1.3,0.055385
1.4,0.050167
1.5,0.053636
1.6,0.0398
1.7,0.039187
1.8,0.046307
1.9,0.10834
2,0.037502
2.1,0.052015
2.2,0.098957
2.3,0.061548
2.4,0.058082
2.5,0.1115
2.6,0.056669
2.7,0.067874
2.8,0.11226
2.9,0.070638
3,0.10254
3.1,0.1228
3.2,0.075766
3.3,0.088693
3.4,0.10837
3.5,0.15883
3.6,0.11016
3.7,0.075445
3.8,0.14609
3.9,0.02607
4,0.14506
4.1,0.29477
4.2,0.18739
4.3,0.23763
4.4,0.32842
4.5,0.23258
4.6,0.41024
4.7,0.45506
4.8,0.66535
4.9,0.24888
5,0.17988
5.1,0.46897
5.2,0.35754
5.3,0.35168
5.4,0.52736
5.5,0.61348
5.6,0.43645
5.7,0.43122
5.8,0.32664
5.9,0.29929
6,0.10209
6.1,0.44416
6.2,0.096938
6.3,0.74
6.4,0.67578
6.5,0.15219
6.6,0.18824
6.7,0.18082
6.8,0.19531
6.9,0.23321
7,0.79717
7.1,0.79233
7.2,0.58091
7.3,0.4177
7.4,0.34335
7.5,0.86015
7.6,0.44178
7.7,0.02055
7.8,0.46882
7.9,0.42902
8,0.49307
8.1,0.33077
8.2,0.51348
8.3,0.43367
8.4,0.24524
8.5,1
8.6,0.30604
8.7,0.44552
8.8,0.56611
8.9,0.37943
9,0.22023
9.1,0.58165
9.2,0.32356
9.3,0.26673
9.4,0.039083
9.5,0.63359
9.6,0.51165
9.7,0.36062
9.8,0.60444
9.9,0.55958
10,0.18058
10.1,0.26994
10.2,0.31051
10.3,0.32591
10.4,0.42648
10.5,0.25855
10.6,0.37272
10.7,0.30433
10.8,0.2425
10.9,0.12848
11,0.20478
11.1,0.085368
11.2,0.48487
11.3,0.063825
11.4,0.20865
11.5,0.24281
11.6,0.053846
11.7,0.094048
11.8,0.40026
11.9,0.21821
12,0.28161
12.1,0.32432
12.2,0.26584
12.3,0.16203
12.4,0.13818
12.5,0.3519
12.6,0.32612
12.7,0.1651
12.8,0.19743
12.9,0.12164
13,0.060577
13.1,0.18134
13.2,0.20854
13.3,0.29923
13.4,0.08924
13.5,0.36939
13.6,0.1991
13.7,0.43272
13.8,0.15698
13.9,0.21761
14,0.26793
14.1,0.39248
14.2,0.27268
14.3,0.10737
14.4,0.2563
14.5,0.39213
14.6,0.41066
14.7,0.27402
14.8,0.18193
14.9,0.15402
15,0.11381
15.1,0.47372
15.2,0.11309
15.3,0.59759
15.4,0.4683
15.5,0.42119
15.6,0.14238
15.7,0.12118
15.8,0.16248
15.9,0.18504
16,0.4198
16.1,0.28997
16.2,0.2163
16.3,0.12007
16.4,0.22038
16.5,0.16665
16.6,0.077463
16.7,0.037156
16.8,0.1889
16.9,0.42019
17,0.32134
17.1,0.039094
17.2,0.30261
17.3,0.2333
17.4,0.11338
17.5,0.23082
17.6,0.10918
17.7,0.35316
17.8,0.46812
17.9,0.076067
18,0.083531
18.1,0.20857
18.2,0.28992
18.3,0.20321
18.4,0.30091
18.5,0.099783
18.6,0.091396
18.7,0.34839
18.8,0.11672
18.9,0.18071
19,0.11886
19.1,0.12099
19.2,0.13605
19.3,0.094589
19.4,0.037052
19.5,0.33496
19.6,0.053778
19.7,0.093018
19.8,0.21323
19.9,0.18485
20,0.17999
20.1,0.24165
20.2,0.042367
20.3,0.13985
20.4,0.15888
20.5,0.10681
20.6,0.28231
20.7,0.36354
20.8,0.26605
20.9,0.38426
21,0.1548
21.1,0.10796
21.2,0.22818
21.3,0.20273
21.4,0.035129
21.5,0.39636
21.6,0.055554
21.7,0.16582
21.8,0.17669
21.9,0.12582
22,0.23189
22.1,0.1175
22.2,0.28264
22.3,0.20031
22.4,0.12602
22.5,0.056913
22.6,0.15883
22.7,0.38163
22.8,0.11949
22.9,0.17064
23,0.36427
23.1,0.021472
23.2,0.44194
23.3,0.12134
23.4,0.21238
23.5,0.36251
23.6,0.010911
23.7,0.17796
23.8,0.29615
23.9,0.42124
24,0.268
24.1,0.15845
24.2,0.1767
24.3,0.13306
24.4,0.261
24.5,0.24561
24.6,0.051231
24.7,0.13593
24.8,0.12146
24.9,0.17441
25,0.33573
25.1,0.15156
25.2,0.24619
25.3,0.41915
25.4,0.26734
25.5,0.071791
25.6,0.22263
25.7,0.20246
25.8,0.23141
25.9,0.20861
26,0.31536
26.1,0.19065
26.2,0.12962
26.3,0.098199
26.4,0.21666
26.5,0.19248
26.6,0.33546
26.7,0.1486
26.8,0.3068
26.9,0.1557
27,0.1066
27.1,0.22425
27.2,0.4253
27.3,0.16878
27.4,0.33615
27.5,0.36249
27.6,0.12155
27.7,0.51236
27.8,0.17509
27.9,0.13543
28,0.52191
28.1,0.078783
28.2,0.22708
28.3,0.10993
28.4,0.40469
28.5,0.36306
28.6,0.21602
28.7,0.16503
28.8,0.48545
28.9,0.24062
29,0.20763
29.1,0.11102
29.2,0.25856
29.3,0.27462
29.4,0.24931
29.5,0.16712
29.6,0.27423
29.7,0.23
29.8,0.36868
29.9,0.19868
30,0.50841
30.1,0.17579
30.2,0.20141
30.3,0.34973
30.4,0.17467
30.5,0.33666
30.6,0.38616
30.7,0.29942
30.8,0.37277
30.9,0.35886
31,0.10888
31.1,0.38187
31.2,0.34376
31.3,0.10896
31.4,0.36729
31.5,0.13225
31.6,0.16792
31.7,0.38814
31.8,0.3632
31.9,0.42055
32,0.24454
32.1,0.17128
32.2,0.24416
32.3,0.13115
32.4,0.011733
32.5,0.45211
32.6,0.41144
32.7,0.20575
32.8,0.41981
32.9,0.15751
33,0.041982
33.1,0.14922
33.2,0.45118
33.3,0.30886
33.4,0.0094011
33.5,0.49555
33.6,0.43755
33.7,0.3613
33.8,0.27104
33.9,0.48571
34,0.1331
34.1,0.2538
34.2,0.30974
34.3,0.39339
34.4,0.37472
34.5,0.081123
34.6,0.50918
34.7,0.13887
34.8,0.15987
34.9,0.43253
35,0.40568
35.1,0.29194
35.2,0.37279
35.3,0.30819
35.4,0.32556
35.5,0.42979
35.6,0.45362
35.7,0.48043
35.8,0.24492
35.9,0.10135
36,0.60202
36.1,0.19198
36.2,0.37493
36.3,0.22754
36.4,0.1074
36.5,0.26195
36.6,0.26798
36.7,0.23137
36.8,0.41863
36.9,0.32525
37,0.35736
37.1,0.15634
37.2,0.30223
37.3,0.31267
37.4,0.39477
37.5,0.17427
37.6,0.096702
37.7,0.21694
37.8,0.46703
37.9,0.53331
38,0.058599
38.1,0.16976
38.2,0.46661
38.3,0.56661
38.4,0.13237
38.5,0.79939
38.6,0.36418
38.7,0.26711
38.8,0.12713
38.9,0.276
39,0.4871
39.1,0.14947
39.2,0.19157
39.3,0.3315
39.4,0.32793
39.5,0.36225
39.6,0.1726
39.7,0.29489
39.8,0.21307
39.9,0.46968
40,0.089707
40.1,0.30024
40.2,0.14068
40.3,0.3977
40.4,0.42797
40.5,0.28095
40.6,0.64668
40.7,0.24367
40.8,0.185
40.9,0.50231
41,0.38072
41.1,0.052223
41.2,0.21046
41.3,0.2403
41.4,0.69644
41.5,0.22043
41.6,0.32814
41.7,0.52179
41.8,0.44667
41.9,0.10065
42,0.45359
42.1,0.28375
42.2,0.16046
42.3,0.16045
42.4,0.57621
42.5,0.25338
42.6,0.39572
42.7,0.04125
42.8,0.34228
42.9,0.57849
43,0.16307
43.1,0.46617
43.2,0.42374
43.3,0.4041
43.4,0.3468
43.5,0.38553
43.6,0.35865
43.7,0.64603
43.8,0.090074
43.9,0.32645
44,0.62764
44.1,0.41673
44.2,0.34579
44.3,0.19046
44.4,0.29852
44.5,0.1542
44.6,0.55221
44.7,0.41935
44.8,0.30315
44.9,0.24829
45,0.38531
45.1,0.38472
45.2,0.51863
45.3,0.25663
45.4,0.27443
45.5,0.29503
45.6,0.49177
45.7,0.52866
45.8,0.10427
45.9,0.27169
46,0.12057
46.1,0.12944
46.2,0.38559
46.3,0.15833
46.4,0.57157
46.5,0.18112
46.6,0.32846
46.7,0.23668
46.8,0.52091
46.9,0.21782
47,0.24701
47.1,0.60806
47.2,0.24249
47.3,0.56809
47.4,0.071338
47.5,0.067112
47.6,0.22029
47.7,0.43334
47.8,0.27015
47.9,0.41874
48,0.62182
48.1,0.34037
48.2,0.29551
48.3,0.26069
48.4,0.47296
48.5,0.1012
48.6,0.55472
48.7,0.44818
48.8,0.38181
48.9,0.097247
49,0.40182
49.1,0.24191
49.2,0.11186
49.3,0.34139
49.4,0.39173
49.5,0.40937
49.6,0.37879
49.7,0.079361
49.8,0.21798
49.9,0.31794
50,0.33699
50.1,0.12726
50.2,0.43808
50.3,0.24647
50.4,0.22106
50.5,0.22736
50.6,0.44347
50.7,0.20526
50.8,0.12089
50.9,0.30614
51,0.53218
51.1,0.19078
51.2,0.34185
51.3,0.060118
51.4,0.27813
51.5,0.30173
51.6,0.28051
51.7,0.25568
51.8,0.24106
51.9,0.22799
52,0.15408
52.1,0.27531
52.2,0.20342
52.3,0.23216
52.4,0.2438
52.5,0.45272
52.6,0.43153
52.7,0.18064
52.8,0.22308
52.9,0.21349
53,0.57282
53.1,0.216
53.2,0.052989
53.3,0.38386
53.4,0.16874
53.5,0.30314
53.6,0.22774
53.7,0.50099
53.8,0.56187
53.9,0.29666
54,0.10856
54.1,0.51815
54.2,0.38262
54.3,0.24059
54.4,0.16573
54.5,0.38728
54.6,0.3721
54.7,0.21706
54.8,0.6129
54.9,0.31366
55,0.74116
55.1,0.23621
55.2,0.13091
55.3,0.13228
55.4,0.050428
55.5,0.24659
55.6,0.15086
55.7,0.5565
55.8,0.28271
55.9,0.50265
56,0.27408
56.1,0.51144
56.2,0.16257
56.3,0.33091
56.4,0.44519
56.5,0.084653
56.6,0.26733
56.7,0.42197
56.8,0.24333
56.9,0.10334
57,0.31793
57.1,0.23885
57.2,0.45384
57.3,0.45173
57.4,0.48316
57.5,0.088336
57.6,0.36077
57.7,0.11514
57.8,0.72525
57.9,0.15418
58,0.33333
58.1,0.038928
58.2,0.18307
58.3,0.37138
58.4,0.64791
58.5,0.35862
58.6,0.13379
58.7,0.27881
58.8,0.24082
58.9,0.49276
59,0.27611
59.1,0.6876
59.2,0.23021
59.3,0.31305
59.4,0.43335
59.5,0.41322
59.6,0.3487
59.7,0.14206
59.8,0.045019
59.9,0.26674
60,0.52648
60.1,0.22933
60.2,0.073037
60.3,0.45726
60.4,0.087988
60.5,0.6828
60.6,0.13756
60.7,0.29645
60.8,0.18318
60.9,0.32735
61,0.34375
61.1,0.23162
61.2,0.29862
61.3,0.26447
61.4,0.18282
61.5,0.20865
61.6,0.097586
61.7,0.42212
61.8,0.43416
61.9,0.33075
62,0.10246
62.1,0.20556
62.2,0.10279
62.3,0.28371
62.4,0.27156
62.5,0.30536
62.6,0.29799
62.7,0.1014
62.8,0.45076
62.9,0.50108
63,0.24757
63.1,0.070359
63.2,0.15038
63.3,0.37873
63.4,0.48638
63.5,0.21268
63.6,0.060658
63.7,0.24517
63.8,0.14182
63.9,0.28557
64,0.23473
64.1,0.44574
64.2,0.28571
64.3,0.071115
64.4,0.29976
64.5,0.17283
64.6,0.29497
64.7,0.23832
64.8,0.12877
64.9,0.44362
65,0.27301
65.1,0.054357
65.2,0.2388
65.3,0.4983
65.4,0.47102
65.5,0.3279
65.6,0.16746
65.7,0.29296
65.8,0.30549
65.9,0.29917
66,0.39184
66.1,0.45171
66.2,0.12567
66.3,0.28903
66.4,0.43382
66.5,0.23334
66.6,0.26618
66.7,0.44022
66.8,0.30497
66.9,0.41555
67,0.26932
67.1,0.2536
67.2,0.48543
67.3,0.34017
67.4,0.088029
67.5,0.39884
67.6,0.27975
67.7,0.38309
67.8,0.15979
67.9,0.18429
68,0.27106
68.1,0.28346
68.2,0.31487
68.3,0.21729
68.4,0.10035
68.5,0.14477
68.6,0.422
68.7,0.25509
68.8,0.17294
68.9,0.042993
69,0.30346
69.1,0.26477
69.2,0.38751
69.3,0.42097
69.4,0.18184
69.5,0.085905
69.6,0.48933
69.7,0.1699
69.8,0.21988
69.9,0.30508
70,0.54319
70.1,0.15723
70.2,0.091636
70.3,0.23404
70.4,0.21532
70.5,0.25487
70.6,0.29469
70.7,0.14045
70.8,0.41672
70.9,0.29825
71,0.2838
71.1,0.097553
71.2,0.040204
71.3,0.24073
71.4,0.18593
71.5,0.23629
71.6,0.28902
71.7,0.1869
71.8,0.22361
71.9,0.33241
72,0.39978
72.1,0.2885
72.2,0.20968
72.3,0.17003
72.4,0.019604
72.5,0.043482
72.6,0.077445
72.7,0.69476
72.8,0.26687
72.9,0.27604
73,0.28941
73.1,0.084863
73.2,0.23088
73.3,0.32726
73.4,0.19519
73.5,0.059405
73.6,0.16721
73.7,0.12093
73.8,0.34739
73.9,0.19872
74,0.12278
74.1,0.36835
74.2,0.12813
74.3,0.11695
74.4,0.21812
74.5,0.28489
74.6,0.3661
74.7,0.2428
74.8,0.14349
74.9,0.33873
75,0.27689
75.1,0.10343
75.2,0.10586
75.3,0.24066
75.4,0.29037
75.5,0.44557
75.6,0.28387
75.7,0.16038
75.8,0.19367
75.9,0.1275
76,0.37284
76.1,0.25373
76.2,0.31891
76.3,0.46673
76.4,0.26306
76.5,0.069729
76.6,0.21594
76.7,0.3489
76.8,0.092259
76.9,0.1156
77,0.47945
77.1,0.088797
77.2,0.33042
77.3,0.2076
77.4,0.22411
77.5,0.41111
77.6,0.17508
77.7,0.2253
77.8,0.13877
77.9,0.15738
78,0.30493
78.1,0.10864
78.2,0.15575
78.3,0.059739
78.4,0.11979
78.5,0.2742
78.6,0.32577
78.7,0.1998
78.8,0.23455
78.9,0.064966
79,0.16681
79.1,0.25986
79.2,0.05477
79.3,0.47574
79.4,0.31013
79.5,0.18035
79.6,0.23639
79.7,0.010191
79.8,0.36443
79.9,0.4646
80,0.17729
80.1,0.27735
80.2,0.17215
80.3,0.32142
80.4,0.4677
80.5,0.20229
80.6,0.37563
80.7,0.071354
80.8,0.28892
80.9,0.29092
81,0.16299
81.1,0.36192
81.2,0.17278
81.3,0.030524
81.4,0.17636
81.5,0.12897
81.6,0.205
81.7,0.15216
81.8,0.10887
81.9,0.033439
82,0.46646
82.1,0.32681
82.2,0.10836
82.3,0.15406
82.4,0.14962
82.5,0.13328
82.6,0.12569
82.7,0.42472
82.8,0.37726
82.9,0.18551
83,0.2066
83.1,0.23245
83.2,0.047682
83.3,0.13577
83.4,0.16286
83.5,0.063303
83.6,0.18216
83.7,0.26028
83.8,0.14197
83.9,0.65131
84,0.33769
84.1,0.30858
84.2,0.27353
84.3,0.36903
84.4,0.56847
84.5,0.03878
84.6,0.12039
84.7,0.1579
84.8,0.09598
84.9,0.08439
85,0.21492
85.1,0.083115
85.2,0.11926
85.3,0.11059
85.4,0.22244
85.5,0.35924
85.6,0.38006
85.7,0.13928
85.8,0.34085
85.9,0.27048
86,0.20641
86.1,0.27736
86.2,0.15826
86.3,0.1464
86.4,0.24591
86.5,0.058752
86.6,0.16977
86.7,0.11986
86.8,0.12393
86.9,0.21926
87,0.27643
87.1,0.24303
87.2,0.16795
87.3,0.22263
87.4,0.16771
87.5,0.21223
87.6,0.15674
87.7,0.2567
87.8,0.36552
87.9,0.29201
88,0.19746
88.1,0.25838
88.2,0.15802
88.3,0.18038
88.4,0.10391
88.5,0.18894
88.6,0.090153
88.7,0.15772
88.8,0.1906
88.9,0.28106
89,0.066713
89.1,0.12238
89.2,0.13647
89.3,0.21102
89.4,0.2462
89.5,0.25817
89.6,0.28115
89.7,0.24878
89.8,0.11674
89.9,0.063892
90,0.44698
90.1,0.29608
90.2,0.47922
90.3,0.15065
90.4,0.15546
90.5,0.044453
90.6,0.19871
90.7,0.21366
90.8,0.25529
90.9,0.16967
91,0.41767
91.1,0.19265
91.2,0.31641
91.3,0.28484
91.4,0.080407
91.5,0.26984
91.6,0.20459
91.7,0.21139
91.8,0.16769
91.9,0.35903
92,0.23159
92.1,0.12476
92.2,0.22363
92.3,0.041544
92.4,0.16366
92.5,0.030407
92.6,0.043492
92.7,0.10351
92.8,0.30302
92.9,0.1334
93,0.14334
93.1,0.22229
93.2,0.22405
93.3,0.32047
93.4,0.2143
93.5,0.14298
93.6,0.056301
93.7,0.06003
93.8,0.31133
93.9,0.23714
94,0.29463
94.1,0.28933
94.2,0.078789
94.3,0.2588
94.4,0.18414
94.5,0.05984
94.6,0.11589
94.7,0.18021
94.8,0.096103
94.9,0.084711
95,0.3292
95.1,0.051757
95.2,0.098014
95.3,0.068737
95.4,0.12008
95.5,0.23293
95.6,0.18779
95.7,0.21344
95.8,0.091394
95.9,0.25388
96,0.15979
96.1,0.21706
96.2,0.061834
96.3,0.30034
96.4,0.25674
96.5,0.18271
96.6,0.16038
96.7,0.14084
96.8,0.16283
96.9,0.14723
97,0.056575
97.1,0.11599
97.2,0.22499
97.3,0.20912
97.4,0.25413
97.5,0.097626
97.6,0.30513
97.7,0.17228
97.8,0.1706
97.9,0.17238
98,0.089411
98.1,0.050784
98.2,0.11067
98.3,0.20934
98.4,0.18567
98.5,0.2212
98.6,0.24011
98.7,0.23773
98.8,0.13818
98.9,0.15024
99,0.14014
99.1,0.039551
99.2,0.14555
99.3,0.084733
99.4,0.10421
99.5,0.20767
99.6,0.43653
99.7,0.009614
99.8,0.37743
99.9,0.24047
100,0.12725
100.1,0.2932
100.2,0.26645
100.3,0.095251
100.4,0.1846
100.5,0.27005
100.6,0.14529
100.7,0.23436
100.8,0.13413
100.9,0.20797
101,0.14083
101.1,0.1061
101.2,0.33204
101.3,0.011228
101.4,0.097466
101.5,0.16959
101.6,0.22218
101.7,0.17272
101.8,0.17186
101.9,0.17803
102,0.15766
102.1,0.022417
102.2,0.13503
102.3,0.15966
102.4,0.10186
102.5,0.18779
102.6,0.25372
102.7,0.15386
102.8,0.11652
102.9,0.057708
103,0.013706
103.1,0.090458
103.2,0.056716
103.3,0.23077
103.4,0.19
103.5,0.16051
103.6,0.1337
103.7,0.023483
103.8,0.098895
103.9,0.14833
104,0.23036
104.1,0.01516
104.2,0.035232
104.3,0.059792
104.4,0.12664
104.5,0.17423
104.6,0.18385
104.7,0.086353
104.8,0.2872
104.9,0.053855
105,0.19181
105.1,0.057357
105.2,0.19995
105.3,0.077713
105.4,0.13162
105.5,0.055987
105.6,0.22496
105.7,0.2582
105.8,0.21258
105.9,0.041876
106,0.09517
106.1,0.18078
106.2,0.20577
106.3,0.15472
106.4,0.097348
106.5,0.25457
106.6,0.15191
106.7,0.1428
106.8,0.063759
106.9,0.09778
107,0.21788
107.1,0.12557
107.2,0.32371
107.3,0.13778
107.4,0.018571
107.5,0.15776
107.6,0.15427
107.7,0.16636
107.8,0.082133
107.9,0.043571
108,0.11922
108.1,0.23215
108.2,0.10769
108.3,0.16966
108.4,0.043208
108.5,0.13281
108.6,0.081835
108.7,0.055528
108.8,0.039328
108.9,0.27663
109,0.088662
109.1,0.082679
109.2,0.11584
109.3,0.25067
109.4,0.15074
109.5,0.16831
109.6,0.090741
109.7,0.2394
109.8,0.24427
109.9,0.15044
110,0.27545
110.1,0.096346
110.2,0.056646
110.3,0.052375
110.4,0.1591
110.5,0.097625
110.6,0.078124
110.7,0.18513
110.8,0.074717
110.9,0.12458
111,0.12481
111.1,0.14578
111.2,0.15486
111.3,0.078845
111.4,0.13895
111.5,0.10472
111.6,0.086283
111.7,0.25021
111.8,0.18922
111.9,0.1014
112,0.17988
112.1,0.16032
112.2,0.13708
112.3,0.080163
112.4,0.1521
112.5,0.13377
112.6,0.11519
112.7,0.12736
112.8,0.22843
112.9,0.30584
113,0.19319
113.1,0.25816
113.2,0.12031
113.3,0.21497
113.4,0.1544
113.5,0.1843
113.6,0.16033
113.7,0.088232
113.8,0.084831
113.9,0.12606
114,0.15825
114.1,0.16576
114.2,0.033897
114.3,0.13188
114.4,0.17563
114.5,0.057428
114.6,0.19785
114.7,0.17339
114.8,0.16164
114.9,0.11173
115,0.055281
115.1,0.17955
115.2,0.15131
115.3,0.18453
115.4,0.13618
115.5,0.17171
115.6,0.097558
115.7,0.14563
115.8,0.088037
115.9,0.10863
116,0.20354
116.1,0.29539
116.2,0.20929
116.3,0.14516
116.4,0.15772
116.5,0.14183
116.6,0.056047
116.7,0.14934
116.8,0.22051
116.9,0.1926
117,0.045741
117.1,0.086888
117.2,0.095924
117.3,0.091355
117.4,0.20907
117.5,0.0569
117.6,0.057419
117.7,0.13931
117.8,0.068371
117.9,0.038589
118,0.13606
118.1,0.24932
118.2,0.10726
118.3,0.22701
118.4,0.097518
118.5,0.056715
118.6,0.11431
118.7,0.049414
118.8,0.073716
118.9,0.066745
119,0.17115
119.1,0.18401
119.2,0.10408
119.3,0.076493
119.4,0.10848
119.5,0.075515
119.6,0.080112
119.7,0.18714
119.8,0.10732
119.9,0.15342
120,0.1008
120.1,0.064379
120.2,0.12798
120.3,0.20962
120.4,0.06166
120.5,0.075495
120.6,0.21767
120.7,0.056422
120.8,0.12462
120.9,0.24196
121,0.15869
121.1,0.29573
121.2,0.12219
121.3,0.17263
121.4,0.067684
121.5,0.35936
121.6,0.078923
121.7,0.10956
121.8,0.15972
121.9,0.14249
122,0.17203
122.1,0.075616
122.2,0.079447
122.3,0.14034
122.4,0.14541
122.5,0.00053813
122.6,0.12412
122.7,0.050798
122.8,0.12119
122.9,0.062209
123,0.086261
123.1,0.13969
123.2,0.17422
123.3,0.18936
123.4,0.12513
123.5,0.13395
123.6,0.05027
123.7,0.041981
123.8,0.016506
123.9,0.070537
124,0.090396
124.1,0.096077
124.2,0.033416
124.3,0.14267
124.4,0.13805
124.5,0.071719
124.6,0.084737
124.7,0.057964
124.8,0.17861
124.9,0.091467
125,0.08551
125.1,0.061448
125.2,0.1203
125.3,0.062571
125.4,0.20411
125.5,0.095674
125.6,0.19826
125.7,0.028598
125.8,0.066551
125.9,0.16545
126,0.067474
126.1,0.058106
126.2,0.14302
126.3,0.1116
126.4,0.075385
126.5,0.068328
126.6,0.060468
126.7,0.031836
126.8,0.1512
126.9,0.096277
127,0.10943
127.1,0.03479
127.2,0.13131
127.3,0.087907
127.4,0.10736
127.5,0.24642
127.6,0.11169
127.7,0.15639
127.8,0.19646
127.9,0.17352
128,0.15142
128.1,0.068452
128.2,0.18105
128.3,0.09769
128.4,0.11957
128.5,0.24291
128.6,0.060873
128.7,0.21902
128.8,0.044034
128.9,0.078335
129,0.1646
129.1,0.035113
129.2,0.083849
129.3,0.10634
129.4,0.076757
129.5,0.10314
129.6,0.11802
129.7,0.089969
129.8,0.057287
129.9,0.10497
130,0.083406
130.1,0.1813
130.2,0.14443
130.3,0.1475
130.4,0.10814
130.5,0.068024
130.6,0.098469
130.7,0.14995
130.8,0.0764
130.9,0.13861
131,0.14982
131.1,0.12418
131.2,0.18119
131.3,0.094277
131.4,0.086558
131.5,0.1242
131.6,0.13104
131.7,0.04452
131.8,0.056208
131.9,0.11684
132,0.15574
132.1,0.058523
132.2,0.085035
132.3,0.030798
132.4,0.29553
132.5,0.042356
132.6,0.047812
132.7,0.061667
132.8,0.22243
132.9,0.11656
133,0.018942
133.1,0.041476
133.2,0.11112
133.3,0.2712
133.4,0.031064
133.5,0.19828
133.6,0.10495
133.7,0.19695
133.8,0.17471
133.9,0.1034
134,0.032283
134.1,0.20359
134.2,0.068158
134.3,0.10586
134.4,0.102
134.5,0.1392
134.6,0.070326
134.7,0.016305
134.8,0.11152
134.9,0.081185
135,0.11306
135.1,0.12424
135.2,0.087809
135.3,0.17635
135.4,0.068015
135.5,0.15013
135.6,0.065092
135.7,0.099355
135.8,0.09018
135.9,0.13056
136,0.01245
136.1,0.20186
136.2,0.030968
136.3,0.095085
136.4,0.15209
136.5,0.17259
136.6,0.14877
136.7,0.044673
136.8,0.062015
136.9,0.06297
137,0.068157
137.1,0.072235
137.2,0.058063
137.3,0.10026
137.4,0.10197
137.5,0.056648
137.6,0.080569
137.7,0.068992
137.8,0.082622
137.9,0.095827
138,0.1396
138.1,0.10694
138.2,0.021049
138.3,0.055147
138.4,0.012846
138.5,0.047566
138.6,0.012163
138.7,0.089947
138.8,0.063137
138.9,0.065438
139,0.12949
139.1,0.066414
139.2,0.16952
139.3,0.041752
139.4,0.083595
139.5,0.060239
139.6,0.041951
139.7,0.23295
139.8,0.080046
139.9,0.11229
140,0.024413
140.1,0.059462
140.2,0.10368
140.3,0.063598
140.4,0.041047
140.5,0.099175
140.6,0.10383
140.7,0.048939
140.8,0.088304
140.9,0.056033
141,0.044414
141.1,0.06965
141.2,0.092511
141.3,0.047415
141.4,0.063811
141.5,0.1465
141.6,0.066187
141.7,0.063055
141.8,0.073042
141.9,0.28897
142,0.054309
142.1,0.1626
142.2,0.082774
142.3,0.023758
142.4,0.042646
142.5,0.045651
142.6,0.064621
142.7,0.11241
142.8,0.022281
142.9,0.01917
143,0.07424
143.1,0.12454
143.2,0.15454
143.3,0.058848
143.4,0.056326
143.5,0.10678
143.6,0.10901
143.7,0.18301
143.8,0.11352
143.9,0.052594
144,0.11256
144.1,0.079562
144.2,0.063698
144.3,0.09917
144.4,0.078666
144.5,0.086835
144.6,0.033281
144.7,0.11693
144.8,0.12633
144.9,0.056044
145,0.090515
145.1,0.034057
145.2,0.051267
145.3,0.051952
145.4,0.093852
145.5,0.089083
145.6,0.067074
145.7,0.031004
145.8,0.1777
145.9,0.12271
146,0.03984
146.1,0.019764
146.2,0.070217
146.3,0.11323
146.4,0.092784
146.5,0.033842
146.6,0.045862
146.7,0.029695
146.8,0.054898
146.9,0.081558
147,0.056885
147.1,0.059214
147.2,0.083125
147.3,0.052549
147.4,0.027625
147.5,0.17103
147.6,0.011718
147.7,0.072424
147.8,0.089866
147.9,0.10822
148,0.081496
148.1,0.25994
148.2,0.060741
148.3,0.074069
148.4,0.075212
148.5,0.060409
148.6,0.082302
148.7,0.098477
148.8,0.079424
148.9,0.084407
149,0.16837
149.1,0.051464
149.2,0.072868
149.3,0.055257
149.4,0.13043
149.5,0.14008
149.6,0.015946
149.7,0.053987
149.8,0.15311
149.9,0.095073
150,0.05512
150.1,0.021549
150.2,0.10055
150.3,0.05493
150.4,0.16193
150.5,0.093423
150.6,0.064218
150.7,0.11648
150.8,0.14022
150.9,0.022994
151,0.033183
151.1,0.087332
151.2,0.12619
151.3,0.064946
151.4,0.058125
151.5,0.072403
151.6,0.09424
151.7,0.12505
151.8,0.19587
151.9,0.080196
152,0.082043
152.1,0.041469
152.2,0.10809
152.3,0.093079
152.4,0.060013
152.5,0.011671
152.6,0.07849
152.7,0.018164
152.8,0.0059882
152.9,0.063344
153,0.056743
153.1,0.075369
153.2,0.083864
153.3,0.085546
153.4,0.045296
153.5,0.035916
153.6,0.029003
153.7,0.10074
153.8,0.045719
153.9,0.039886
154,0.12239
154.1,0.098918
154.2,0.067897
154.3,0.086537
154.4,0.054611
154.5,0.089238
154.6,0.085825
154.7,0.037977
154.8,0.085249
154.9,0.026435
155,0.18679
155.1,0.094699
155.2,0.053054
155.3,0.11596
155.4,0.043659
155.5,0.10841
155.6,0.033243
155.7,0.071378
155.8,0.12393
155.9,0.073495
156,0.08418
156.1,0.06307
156.2,0.049913
156.3,0.078645
156.4,0.051227
156.5,0.043865
156.6,0.038705
156.7,0.037374
156.8,0.11338
156.9,0.035333
157,0.047901
157.1,0.071095
157.2,0.039435
157.3,0.047759
157.4,0.058196
157.5,0.055237
157.6,0.091821
157.7,0.094761
157.8,0.12407
157.9,0.072015
158,0.061757
158.1,0.078519
158.2,0.043312
158.3,0.045531
158.4,0.10572
158.5,0.072121
158.6,0.031611
158.7,0.085933
158.8,0.040867
158.9,0.18397
159,0.022288
159.1,0.073181
159.2,0.047225
159.3,0.0044587
159.4,0.049065
159.5,0.033623
159.6,0.028574
159.7,0.11537
159.8,0.041157
159.9,0.074421
160,0.058827
160.1,0.061612
160.2,0.045232
160.3,0.043004
160.4,0.13795
160.5,0.063846
160.6,0.11833
160.7,0.040015
160.8,0.044083
160.9,0.029306
161,0.088324
161.1,0.14411
161.2,0.12154
161.3,0.062701
161.4,0.10854
161.5,0.050976
161.6,0.095324
161.7,0.056579
161.8,0.045364
161.9,0.052828
162,0.0054052
162.1,0.069555
162.2,0.050938
162.3,0.039674
162.4,0.090516
162.5,0.039669
162.6,0.05835
162.7,0.10813
162.8,0.050789
162.9,0.0098568
163,0.038548
163.1,0.080813
163.2,0.08534
163.3,0.035276
163.4,0.020404
163.5,0.043736
163.6,0.10985
163.7,0.079472
163.8,0.049115
163.9,0.045169
164,0.085679
164.1,0.026205
164.2,0.023646
164.3,0.12782
164.4,0.050877
164.5,0.023329
164.6,0.027712
164.7,0.10637
164.8,0.042912
164.9,0.019138
165,0.035767
165.1,0.068066
165.2,0.040124
165.3,0.079951
165.4,0.039931
165.5,0.095864
165.6,0.027139
165.7,0.02344
165.8,0.057442
165.9,0.096635
166,0.031936
166.1,0.062976
166.2,0.065247
166.3,0.047782
166.4,0.089937
166.5,0.01153
166.6,0.017169
166.7,0.087719
166.8,0.049039
166.9,0.035245
167,0.10263
167.1,0.022082
167.2,0.03853
167.3,0.055095
167.4,0.051814
167.5,0.066714
167.6,0.039874
167.7,0.039151
167.8,0.038095
167.9,0.088442
168,0.086397
168.1,0.020821
168.2,0.071027
168.3,0.032431
168.4,0.068184
168.5,0.069265
168.6,0.049358
168.7,0.028879
168.8,0.066156
168.9,0.060072
169,0.14407
169.1,0.04124
169.2,0.040525
169.3,0.061287
169.4,0.08926
169.5,0.063468
169.6,0.038078
169.7,0.040392
169.8,0.037012
169.9,0.083274
170,0.034194
170.1,0.067285
170.2,0.088922
170.3,0.0059935
170.4,0.047015
170.5,0.043056
170.6,0.035159
170.7,0.074696
170.8,0.060816
170.9,0.04541
171,0.058289
171.1,0.063685
171.2,0.043561
171.3,0.11031
171.4,0.043861
171.5,0.065625
171.6,0.074857
171.7,0.020309
171.8,0.014804
171.9,0.06576
172,0.11677
172.1,0.018017
172.2,0.038845
172.3,0.054068
172.4,0.061883
172.5,0.061609
172.6,0.085033
172.7,0.091284
172.8,0.033695
172.9,0.066695
173,0.093144
173.1,0.034344
173.2,0.11372
173.3,0.050336
173.4,0.011084
173.5,0.066354
173.6,0.020906
173.7,0.0098777
173.8,0.027887
173.9,0.035614
174,0.078895
174.1,0.078405
174.2,0.03572
174.3,0.041018
174.4,0.016654
174.5,0.061361
174.6,0.088804
174.7,0.043488
174.8,0.038702
174.9,0.038573
175,0.03558
175.1,0.047986
175.2,0.039374
175.3,0.070574
175.4,0.033464
175.5,0.066996
175.6,0.04938
175.7,0.05953
175.8,0.084142
175.9,0.018592
176,0.050727
176.1,0.053255
176.2,0.043805
176.3,0.064121
176.4,0.063846
176.5,0.04957
176.6,0.037945
176.7,0.081028
176.8,0.010714
176.9,0.011649
177,0.032539
177.1,0.026983
177.2,0.0057911
177.3,0.056177
177.4,0.043649
177.5,0.034158
177.6,0.079688
177.7,0.09996
177.8,0.016598
177.9,0.049311
178,0.063138
178.1,0.057125
178.2,0.10372
178.3,0.017344
178.4,0.019764
178.5,0.061753
178.6,0.029179
178.7,0.031637
178.8,0.021754
178.9,0.03126
179,0.049962
179.1,0.027439
179.2,0.055747
179.3,0.041381
179.4,0.024119
179.5,0.021612
179.6,0.069495
179.7,0.010874
179.8,0.039383
179.9,0.017469
180,0.042372
180.1,0.051725
180.2,0.021389
180.3,0.042626
180.4,0.081902
180.5,0.049259
180.6,0.031439
180.7,0.026197
180.8,0.035982
180.9,0.082078
181,0.017268
181.1,0.062261
181.2,0.067752
181.3,0.034159
181.4,0.09456
181.5,0.016436
181.6,0.019948
181.7,0.074204
181.8,0.030131
181.9,0.043099
182,0.073624
182.1,0.026051
182.2,0.0094743
182.3,0.07175
182.4,0.024145
182.5,0.048665
182.6,0.048456
182.7,0.046775
182.8,0.041993
182.9,0.010048
183,0.051254
183.1,0.019149
183.2,0.012496
183.3,0.085139
183.4,0.030983
183.5,0.02632
183.6,0.018967
183.7,0.026672
183.8,0.057407
183.9,0.040849
184,0.046658
184.1,0.01779
184.2,0.052213
184.3,0.030678
184.4,0.029745
184.5,0.019163
184.6,0.033401
184.7,0.10395
184.8,0.0091542
184.9,0.028488
185,0.081394
185.1,0.04652
185.2,0.013537
185.3,0.037656
185.4,0.07136
185.5,0.051128
185.6,0.082305
185.7,0.048797
185.8,0.030552
185.9,0.058496
186,0.025143
186.1,0.015844
186.2,0.044901
186.3,0.029687
186.4,0.0070019
186.5,0.023456
186.6,0.044081
186.7,0.056512
186.8,0.045123
186.9,0.019422
187,0.048922
187.1,0.050137
187.2,0.040229
187.3,0.027004
187.4,0.023318
187.5,0.051529
187.6,0.026273
187.7,0.029733
187.8,0.036845
187.9,0.058449
188,0.0057112
188.1,0.076746
188.2,0.032995
188.3,0.0050693
188.4,0.0056192
188.5,0.05356
188.6,0.0526
188.7,0.025911
188.8,0.037801
188.9,0.07117
189,0.049099
189.1,0.0097423
189.2,0.02326
189.3,0.076439
189.4,0.047586
189.5,0.02704
189.6,0.038951
189.7,0.085899
189.8,0.039388
189.9,0.043505
190,0.029688
190.1,0.0085869
190.2,0.029344
190.3,0.069544
190.4,0.045647
190.5,0.031359
190.6,0.059115
190.7,0.019412
190.8,0.059074
190.9,0.036211
191,0.012776
191.1,0.027361
191.2,0.036755
191.3,0.0036486
191.4,0.033255
191.5,0.023161
191.6,0.030474
191.7,0.068745
191.8,0.0052125
191.9,0.023564
192,0.027078
192.1,0.038874
192.2,0.022217
192.3,0.015394
192.4,0.018301
192.5,0.033168
192.6,0.057621
192.7,0.063025
192.8,0.0079893
192.9,0.08774
193,0.049498
193.1,0.0072388
193.2,0.024743
193.3,0.032448
193.4,0.055117
193.5,0.048515
193.6,0.057556
193.7,0.011416
193.8,0.029992
193.9,0.061777
194,0.021693
194.1,0.041262
194.2,0.02192
194.3,0.029255
194.4,0.045778
194.5,0.05342
194.6,0.045163
194.7,0.0042116
194.8,0.022886
194.9,0.0073039
195,0.048789
195.1,0.019922
195.2,0.099069
195.3,0.083933
195.4,0.037005
195.5,0.041531
195.6,0.02919
195.7,0.051303
195.8,0.036468
195.9,0.017697
196,0.02633
196.1,0.035685
196.2,0.022121
196.3,0.0098669
196.4,0.010225
196.5,0.019321
196.6,0.0087609
196.7,0.020826
196.8,0.043489
196.9,0.010956
197,0.056873
197.1,0.066168
197.2,0.0086404
197.3,0.043909
197.4,0.02946
197.5,0.027979
197.6,0.053586
197.7,0.051786
197.8,0.012046
197.9,0.048374
198,0.062958
198.1,0.06229
198.2,0.022842
198.3,0.014514
198.4,0.027127
198.5,0.0298
198.6,0.035526
198.7,0.028741
198.8,0.075232
198.9,0.054507
199,0.073591
199.1,0.05842
199.2,0.030422
199.3,0.050233
199.4,0.040951
199.5,0.013083
199.6,0.035536
199.7,0.018192
199.8,0.024498
199.9,0.03326
200,0.032686
