0.1,0.0099481
0.2,0.011285
0.3,0.023612
0.4,0.011213
0.5,0.010679
0.6,0.0084527
0.7,0.013897
0.8,0.0090918
0.9,0.0028278
1,0.029798
1.1,0.023658
1.2,0.027884
1.3,0.038596
1.4,0.013104
1.5,0.011937
1.6,0.030927
1.7,0.022976
1.8,0.07253
1.9,0.045643
2,0.016709
2.1,0.085878
2.2,0.030054
2.3,0.062264
2.4,0.10258
2.5,0.06379
2.6,0.06153
2.7,0.058388
2.8,0.034914
2.9,0.035236
3,0.0046764
3.1,0.13762
3.2,0.021935
3.3,0.070993
3.4,0.047942
3.5,0.08047
3.6,0.028924
3.7,0.091876
3.8,0.069216
3.9,0.077348
4,0.024378
4.1,0.10239
4.2,0.08585
4.3,0.070118
4.4,0.18085
4.5,0.30689
4.6,0.1058
4.7,0.15063
4.8,0.206
4.9,0.19779
5,0.075686
5.1,0.13713
5.2,0.15939
5.3,0.25518
5.4,0.20291
5.5,0.19328
5.6,0.28014
5.7,0.059317
5.8,0.099014
5.9,0.21538
6,0.032015
6.1,0.23167
6.2,0.19739
6.3,0.18274
6.4,0.12085
6.5,0.20364
6.6,0.26561
6.7,0.14849
6.8,0.35204
6.9,0.25384
7,0.15226
7.1,0.25052
7.2,0.25875
7.3,0.085292
7.4,0.13431
7.5,0.31908
7.6,0.12509
7.7,0.23676
7.8,0.2457
7.9,0.23381
8,0.30673
8.1,0.31053
8.2,0.27309
8.3,0.23385
8.4,0.56876
8.5,0.44119
8.6,0.66753
8.7,0.52321
8.8,0.40108
8.9,0.36936
9,0.2215
9.1,0.10233
9.2,0.27076
9.3,0.41445
9.4,0.86738
9.5,0.4319
9.6,1
9.7,0.75929
9.8,0.36591
9.9,0.19921
10,0.33946
10.1,0.28638
10.2,0.435
10.3,0.15591
10.4,0.19512
10.5,0.28691
10.6,0.20614
10.7,0.27547
10.8,0.22619
10.9,0.18163
11,0.031617
11.1,0.1052
11.2,0.10722
11.3,0.18447
11.4,0.043623
11.5,0.093842
11.6,0.03404
11.7,0.088071
11.8,0.2564
11.9,0.075739
12,0.086878
12.1,0.25991
12.2,0.10135
12.3,0.21354
12.4,0.20305
12.5,0.076791
12.6,0.060624
12.7,0.16238
12.8,0.066311
12.9,0.2014
13,0.073697
13.1,0.062767
13.2,0.11524
13.3,0.18516
13.4,0.16745
13.5,0.14888
13.6,0.16727
13.7,0.17637
13.8,0.19589
13.9,0.1642
14,0.14681
14.1,0.22617
14.2,0.33932
14.3,0.20314
14.4,0.22324
14.5,0.21552
14.6,0.20189
14.7,0.20986
14.8,0.25134
14.9,0.11224
15,0.28513
15.1,0.095074
15.2,0.14619
15.3,0.1697
15.4,0.27977
15.5,0.1329
15.6,0.20814
15.7,0.057063
15.8,0.15531
15.9,0.23577
16,0.14288
16.1,0.071728
16.2,0.14446
16.3,0.40369
16.4,0.17436
16.5,0.066175
16.6,0.32496
16.7,0.19622
16.8,0.16021
16.9,0.17527
17,0.22253
17.1,0.083752
17.2,0.20107
17.3,0.074824
17.4,0.1335
17.5,0.11995
17.6,0.10522
17.7,0.13272
17.8,0.1998
17.9,0.14357
18,0.27407
18.1,0.094555
18.2,0.062509
18.3,0.049681
18.4,0.18137
18.5,0.017744
18.6,0.069277
18.7,0.20579
18.8,0.074721
18.9,0.18126
19,0.042991
19.1,0.10797
19.2,0.14662
19.3,0.12607
19.4,0.15208
19.5,0.10995
19.6,0.15203
19.7,0.097187
19.8,0.13921
19.9,0.12472
20,0.14099
20.1,0.069805
20.2,0.25254
20.3,0.16883
20.4,0.13651
20.5,0.25527
20.6,0.20498
20.7,0.078745
20.8,0.098739
20.9,0.18206
21,0.17435
21.1,0.099779
21.2,0.11253
21.3,0.19967
21.4,0.21389
21.5,0.28022
21.6,0.1121
21.7,0.15227
21.8,0.22359
21.9,0.046586
22,0.24477
22.1,0.12668
22.2,0.1142
22.3,0.061283
22.4,0.15051
22.5,0.37657
22.6,0.10154
22.7,0.079379
22.8,0.26925
22.9,0.098441
23,0.22573
23.1,0.15544
23.2,0.11509
23.3,0.10826
23.4,0.063667
23.5,0.16601
23.6,0.096757
23.7,0.10784
23.8,0.18938
23.9,0.13962
24,0.17108
24.1,0.29396
24.2,0.24417
24.3,0.18571
24.4,0.11755
24.5,0.22774
24.6,0.066341
24.7,0.12416
24.8,0.10075
24.9,0.070329
25,0.30492
25.1,0.18754
25.2,0.35695
25.3,0.17803
25.4,0.18669
25.5,0.090528
25.6,0.28107
25.7,0.17299
25.8,0.3047
25.9,0.26256
26,0.089888
26.1,0.12086
26.2,0.15656
26.3,0.51078
26.4,0.23636
26.5,0.32528
26.6,0.20863
26.7,0.10451
26.8,0.22033
26.9,0.13656
27,0.31968
27.1,0.15733
27.2,0.091315
27.3,0.26788
27.4,0.11656
27.5,0.1433
27.6,0.28058
27.7,0.26524
27.8,0.21527
27.9,0.12896
28,0.22217
28.1,0.43604
28.2,0.44172
28.3,0.28331
28.4,0.16358
28.5,0.53424
28.6,0.14782
28.7,0.15724
28.8,0.29056
28.9,0.25081
29,0.30624
29.1,0.18665
29.2,0.22963
29.3,0.071795
29.4,0.28905
29.5,0.15092
29.6,0.072729
29.7,0.39509
29.8,0.28809
29.9,0.13766
30,0.32721
30.1,0.31328
30.2,0.2551
30.3,0.072555
30.4,0.16846
30.5,0.16129
30.6,0.15502
30.7,0.12598
30.8,0.10431
30.9,0.23669
31,0.27411
31.1,0.51291
31.2,0.35415
31.3,0.33098
31.4,0.23791
31.5,0.20679
31.6,0.25344
31.7,0.51505
31.8,0.55969
31.9,0.29807
32,0.32778
32.1,0.33822
32.2,0.31818
32.3,0.43339
32.4,0.22549
32.5,0.10622
32.6,0.40791
32.7,0.42291
32.8,0.36542
32.9,0.15534
33,0.31255
33.1,0.42388
33.2,0.22758
33.3,0.32113
33.4,0.45666
33.5,0.046431
33.6,0.12226
33.7,0.49712
33.8,0.16699
33.9,0.43345
34,0.35186
34.1,0.29901
34.2,0.48095
34.3,0.20625
34.4,0.43957
34.5,0.32863
34.6,0.13075
34.7,0.30618
34.8,0.53677
34.9,0.47005
35,0.16817
35.1,0.43481
35.2,0.21966
35.3,0.29864
35.4,0.42575
35.5,0.23598
35.6,0.43297
35.7,0.21358
35.8,0.34364
35.9,0.20737
36,0.39522
36.1,0.17878
36.2,0.63516
36.3,0.35176
36.4,0.42845
36.5,0.24433
36.6,0.39693
36.7,0.71937
36.8,0.12249
36.9,0.93526
37,0.31894
37.1,0.81793
37.2,0.084067
37.3,0.33627
37.4,0.10463
37.5,0.42301
37.6,0.19764
37.7,0.40502
37.8,0.14912
37.9,0.33392
38,0.36261
38.1,0.58757
38.2,0.52067
38.3,0.38083
38.4,0.16267
38.5,0.511
38.6,0.29713
38.7,0.51845
38.8,0.29716
38.9,0.20545
39,0.40947
39.1,0.46942
39.2,0.12929
39.3,0.43018
39.4,0.16575
39.5,0.21042
39.6,0.37106
39.7,0.18641
39.8,0.19355
39.9,0.078016
40,0.40387
40.1,0.31561
40.2,0.53237
40.3,0.63205
40.4,0.37865
40.5,0.62048
40.6,0.24826
40.7,0.40846
40.8,0.57738
40.9,0.49564
41,0.31928
41.1,0.26289
41.2,0.24585
41.3,0.29424
41.4,0.38232
41.5,0.91809
41.6,0.53132
41.7,0.096751
41.8,0.41863
41.9,0.1803
42,0.29078
42.1,0.56735
42.2,0.35899
42.3,0.20792
42.4,0.25326
42.5,0.16817
42.6,0.11138
42.7,0.26414
42.8,0.53001
42.9,0.69958
43,0.23944
43.1,0.19368
43.2,0.23614
43.3,0.35497
43.4,0.42714
43.5,0.4741
43.6,0.26294
43.7,0.30444
43.8,0.5865
43.9,0.40836
44,0.066837
44.1,0.40076
44.2,0.35363
44.3,0.30347
44.4,0.22713
44.5,0.36939
44.6,0.42843
44.7,0.30548
44.8,0.20467
44.9,0.43468
45,0.11362
45.1,0.30826
45.2,0.24273
45.3,0.16487
45.4,0.31307
45.5,0.26509
45.6,0.28726
45.7,0.448
45.8,0.19839
45.9,0.12273
46,0.37654
46.1,0.56581
46.2,0.41499
46.3,0.47621
46.4,0.30464
46.5,0.2035
46.6,0.13453
46.7,0.31733
46.8,0.21162
46.9,0.55671
47,0.60383
47.1,0.4145
47.2,0.48588
47.3,0.18781
47.4,0.18687
47.5,0.23795
47.6,0.26571
47.7,0.15261
47.8,0.4189
47.9,0.46546
48,0.32994
48.1,0.73668
48.2,0.24689
48.3,0.1766
48.4,0.34983
48.5,0.060723
48.6,0.16413
48.7,0.43679
48.8,0.33553
48.9,0.47307
49,0.22878
49.1,0.23542
49.2,0.45428
49.3,0.26399
49.4,0.26547
49.5,0.05735
49.6,0.52555
49.7,0.45688
49.8,0.28936
49.9,0.47666
50,0.54882
50.1,0.28427
50.2,0.30178
50.3,0.38217
50.4,0.41313
50.5,0.082706
50.6,0.22589
50.7,0.16693
50.8,0.36997
50.9,0.1644
51,0.058362
51.1,0.64628
51.2,0.37457
51.3,0.12489
51.4,0.60709
51.5,0.70157
51.6,0.11548
51.7,0.19087
51.8,0.5093
51.9,0.094219
52,0.22519
52.1,0.47447
52.2,0.29483
52.3,0.39345
52.4,0.14469
52.5,0.14377
52.6,0.42486
52.7,0.16694
52.8,0.62994
52.9,0.60961
53,0.30833
53.1,0.03091
53.2,0.3535
53.3,0.62403
53.4,0.34613
53.5,0.45906
53.6,0.43283
53.7,0.33917
53.8,0.33331
53.9,0.15672
54,0.20459
54.1,0.28125
54.2,0.15943
54.3,0.20655
54.4,0.89126
54.5,0.21592
54.6,0.36539
54.7,0.24495
54.8,0.31455
54.9,0.47101
55,0.3935
55.1,0.37246
55.2,0.65637
55.3,0.17892
55.4,0.32832
55.5,0.11621
55.6,0.27374
55.7,0.24817
55.8,0.20906
55.9,0.75103
56,0.51503
56.1,0.12721
56.2,0.3969
56.3,0.62467
56.4,0.30067
56.5,0.38096
56.6,0.3803
56.7,0.16857
56.8,0.11078
56.9,0.72182
57,0.33502
57.1,0.42167
57.2,0.30188
57.3,0.29556
57.4,0.45334
57.5,0.29695
57.6,0.6111
57.7,0.42948
57.8,0.085902
57.9,0.11308
58,0.40345
58.1,0.21177
58.2,0.29258
58.3,0.67262
58.4,0.67394
58.5,0.73002
58.6,0.498
58.7,0.76861
58.8,0.18329
58.9,0.25747
59,0.45156
59.1,0.30108
59.2,0.29267
59.3,0.45945
59.4,0.24141
59.5,0.22316
59.6,0.18654
59.7,0.19276
59.8,0.54043
59.9,0.20174
60,0.4074
60.1,0.15686
60.2,0.32531
60.3,0.54675
60.4,0.48779
60.5,0.12918
60.6,0.348
60.7,0.39959
60.8,0.55468
60.9,0.36947
61,0.25041
61.1,0.66511
61.2,0.21652
61.3,0.13423
61.4,0.3261
61.5,0.29653
61.6,0.45659
61.7,0.99619
61.8,0.4624
61.9,0.35721
62,0.35912
62.1,0.12681
62.2,0.52912
62.3,0.48706
62.4,0.21222
62.5,0.35244
62.6,0.37325
62.7,0.34847
62.8,0.30862
62.9,0.23305
63,0.48987
63.1,0.20936
63.2,0.29897
63.3,0.59531
63.4,0.35203
63.5,0.2466
63.6,0.32541
63.7,0.072515
63.8,0.39291
63.9,0.40296
64,0.14625
64.1,0.24522
64.2,0.29933
64.3,0.17312
64.4,0.55201
64.5,0.41301
64.6,0.47777
64.7,0.45474
64.8,0.44268
64.9,0.63637
65,0.26927
65.1,0.075294
65.2,0.27377
65.3,0.2953
65.4,0.64918
65.5,0.17551
65.6,0.12897
65.7,0.28261
65.8,0.18345
65.9,0.61885
66,0.42039
66.1,0.1024
66.2,0.64632
66.3,0.17644
66.4,0.34417
66.5,0.25253
66.6,0.37759
66.7,0.22434
66.8,0.45145
66.9,0.12792
67,0.27709
67.1,0.85154
67.2,0.2929
67.3,0.17223
67.4,0.34208
67.5,0.37479
67.6,0.53148
67.7,0.1843
67.8,0.41327
67.9,0.72141
68,0.36884
68.1,0.13515
68.2,0.30355
68.3,0.41788
68.4,0.30172
68.5,0.26407
68.6,0.31053
68.7,0.31779
68.8,0.11165
68.9,0.2598
69,0.24786
69.1,0.2233
69.2,0.30025
69.3,0.52088
69.4,0.3638
69.5,0.10136
69.6,0.27133
69.7,0.51549
69.8,0.20094
69.9,0.17077
70,0.23246
70.1,0.19104
70.2,0.63523
70.3,0.49551
70.4,0.30548
70.5,0.43326
70.6,0.13992
70.7,0.46529
70.8,0.26698
70.9,0.15742
71,0.031335
71.1,0.49446
71.2,0.04406
71.3,0.39189
71.4,0.044168
71.5,0.2853
71.6,0.64402
71.7,0.13393
71.8,0.33725
71.9,0.45587
72,0.45521
72.1,0.35727
72.2,0.27709
72.3,0.19564
72.4,0.12361
72.5,0.073485
72.6,0.50546
72.7,0.034763
72.8,0.17544
72.9,0.19907
73,0.59972
73.1,0.41133
73.2,0.39939
73.3,0.39815
73.4,0.1913
73.5,0.6134
73.6,0.55032
73.7,0.33627
73.8,0.21852
73.9,0.53131
74,0.18786
74.1,0.12469
74.2,0.066422
74.3,0.18012
74.4,0.1214
74.5,0.057373
74.6,0.18878
74.7,0.19188
74.8,0.30763
74.9,0.1371
75,0.12705
75.1,0.046222
75.2,0.13193
75.3,0.23524
75.4,0.2385
75.5,0.27781
75.6,0.35128
75.7,0.22594
75.8,0.14044
75.9,0.13783
76,0.57183
76.1,0.2017
76.2,0.27638
76.3,0.13597
76.4,0.32673
76.5,0.44603
76.6,0.068986
76.7,0.26992
76.8,0.33258
76.9,0.34301
77,0.4788
77.1,0.19606
77.2,0.30924
77.3,0.16534
77.4,0.24185
77.5,0.025508
77.6,0.18007
77.7,0.1738
77.8,0.38537
77.9,0.14895
78,0.024785
78.1,0.13101
78.2,0.14909
78.3,0.20464
78.4,0.45664
78.5,0.34188
78.6,0.44604
78.7,0.32132
78.8,0.27093
78.9,0.13845
79,0.33407
79.1,0.26268
79.2,0.5055
79.3,0.28768
79.4,0.074436
79.5,0.10279
79.6,0.41539
79.7,0.45023
79.8,0.28015
79.9,0.33159
80,0.30408
80.1,0.74568
80.2,0.31211
80.3,0.23985
80.4,0.20965
80.5,0.26279
80.6,0.18718
80.7,0.071753
80.8,0.49194
80.9,0.41975
81,0.29236
81.1,0.30834
81.2,0.41224
81.3,0.55029
81.4,0.31108
81.5,0.3605
81.6,0.25151
81.7,0.47812
81.8,0.17212
81.9,0.29455
82,0.24039
82.1,0.37565
82.2,0.18589
82.3,0.14312
82.4,0.21069
82.5,0.1083
82.6,0.079181
82.7,0.42443
82.8,0.098604
82.9,0.07829
83,0.068387
83.1,0.21005
83.2,0.6721
83.3,0.091864
83.4,0.39247
83.5,0.36174
83.6,0.31949
83.7,0.36982
83.8,0.18046
83.9,0.19938
84,0.38162
84.1,0.066272
84.2,0.34746
84.3,0.31448
84.4,0.15108
84.5,0.18831
84.6,0.20439
84.7,0.54611
84.8,0.14607
84.9,0.27624
85,0.16476
85.1,0.3151
85.2,0.17185
85.3,0.14031
85.4,0.43786
85.5,0.17612
85.6,0.37724
85.7,0.013025
85.8,0.11823
85.9,0.20112
86,0.15146
86.1,0.3746
86.2,0.16781
86.3,0.13463
86.4,0.035219
86.5,0.17497
86.6,0.15874
86.7,0.37145
86.8,0.19706
86.9,0.21814
87,0.33575
87.1,0.30517
87.2,0.13498
87.3,0.12001
87.4,0.15468
87.5,0.32232
87.6,0.20528
87.7,0.36913
87.8,0.20867
87.9,0.22422
88,0.11518
88.1,0.30705
88.2,0.10038
88.3,0.1272
88.4,0.20304
88.5,0.22531
88.6,0.60627
88.7,0.28227
88.8,0.43684
88.9,0.22805
89,0.11404
89.1,0.18964
89.2,0.13789
89.3,0.049165
89.4,0.36474
89.5,0.56356
89.6,0.37877
89.7,0.40438
89.8,0.061969
89.9,0.42113
90,0.044364
90.1,0.19264
90.2,0.27183
90.3,0.094642
90.4,0.1895
90.5,0.19382
90.6,0.25361
90.7,0.23707
90.8,0.48834
90.9,0.34754
91,0.11532
91.1,0.15649
91.2,0.31096
91.3,0.26959
91.4,0.29322
91.5,0.46397
91.6,0.29945
91.7,0.10005
91.8,0.17422
91.9,0.24486
92,0.22639
92.1,0.15178
92.2,0.36499
92.3,0.22483
92.4,0.067598
92.5,0.11319
92.6,0.05224
92.7,0.10682
92.8,0.31958
92.9,0.3937
93,0.1835
93.1,0.33516
93.2,0.15238
93.3,0.12393
93.4,0.064688
93.5,0.081282
93.6,0.41137
93.7,0.10202
93.8,0.097283
93.9,0.21156
94,0.25102
94.1,0.016587
94.2,0.2302
94.3,0.24127
94.4,0.21155
94.5,0.28397
94.6,0.0438
94.7,0.3559
94.8,0.11747
94.9,0.26332
95,0.14151
95.1,0.16889
95.2,0.13181
95.3,0.2287
95.4,0.13588
95.5,0.11966
95.6,0.33838
95.7,0.30394
95.8,0.24798
95.9,0.20856
96,0.38858
96.1,0.25182
96.2,0.2483
96.3,0.21221
96.4,0.34593
96.5,0.14869
96.6,0.10562
96.7,0.24303
96.8,0.16488
96.9,0.1282
97,0.21325
97.1,0.19937
97.2,0.064144
97.3,0.30222
97.4,0.022447
97.5,0.25242
97.6,0.25401
97.7,0.027314
97.8,0.17057
97.9,0.15876
98,0.21292
98.1,0.29183
98.2,0.16033
98.3,0.14359
98.4,0.25561
98.5,0.08864
98.6,0.21478
98.7,0.28598
98.8,0.397
98.9,0.079868
99,0.39451
99.1,0.32248
99.2,0.14766
99.3,0.20123
99.4,0.070987
99.5,0.28034
99.6,0.10622
99.7,0.24205
99.8,0.40226
99.9,0.14778
100,0.21097
100.1,0.1413
100.2,0.22272
100.3,0.16385
100.4,0.067406
100.5,0.25123
100.6,0.40366
100.7,0.28848
100.8,0.401
100.9,0.15323
101,0.13293
101.1,0.21721
101.2,0.063139
101.3,0.1765
101.4,0.090085
101.5,0.27807
101.6,0.24
101.7,0.31753
101.8,0.15978
101.9,0.26452
102,0.2782
102.1,0.071074
102.2,0.30048
102.3,0.20802
102.4,0.11378
102.5,0.185
102.6,0.22887
102.7,0.30291
102.8,0.36289
102.9,0.18674
103,0.23155
103.1,0.2426
103.2,0.090737
103.3,0.13894
103.4,0.18819
103.5,0.18723
103.6,0.084905
103.7,0.26798
103.8,0.26948
103.9,0.17281
104,0.090789
104.1,0.094332
104.2,0.28331
104.3,0.31715
104.4,0.22702
104.5,0.34904
104.6,0.022145
104.7,0.41421
104.8,0.20922
104.9,0.35023
105,0.19325
105.1,0.3218
105.2,0.4819
105.3,0.028232
105.4,0.34503
105.5,0.2463
105.6,0.15856
105.7,0.12777
105.8,0.16015
105.9,0.10188
106,0.078929
106.1,0.089313
106.2,0.2031
106.3,0.35755
106.4,0.2665
106.5,0.33392
106.6,0.1483
106.7,0.02395
106.8,0.16188
106.9,0.17392
107,0.080499
107.1,0.13485
107.2,0.16461
107.3,0.18516
107.4,0.22782
107.5,0.2496
107.6,0.28457
107.7,0.27518
107.8,0.24406
107.9,0.10598
108,0.21577
108.1,0.11275
108.2,0.070262
108.3,0.13332
108.4,0.2278
108.5,0.039935
108.6,0.045914
108.7,0.21915
108.8,0.069865
108.9,0.10091
109,0.038895
109.1,0.12387
109.2,0.22736
109.3,0.091294
109.4,0.20301
109.5,0.10476
109.6,0.095156
109.7,0.27072
109.8,0.12171
109.9,0.23523
110,0.05234
110.1,0.21448
110.2,0.13995
110.3,0.084717
110.4,0.26878
110.5,0.10928
110.6,0.14362
110.7,0.19526
110.8,0.10276
110.9,0.24725
111,0.28109
111.1,0.43129
111.2,0.10327
111.3,0.25032
111.4,0.026034
111.5,0.14784
111.6,0.19271
111.7,0.17302
111.8,0.14374
111.9,0.24234
112,0.15536
112.1,0.2055
112.2,0.22316
112.3,0.18673
112.4,0.18499
112.5,0.19561
112.6,0.17605
112.7,0.13451
112.8,0.16122
112.9,0.12403
113,0.079139
113.1,0.24317
113.2,0.17806
113.3,0.17091
113.4,0.12411
113.5,0.16227
113.6,0.10289
113.7,0.22456
113.8,0.10004
113.9,0.025897
114,0.08036
114.1,0.10773
114.2,0.19641
114.3,0.18806
114.4,0.20651
114.5,0.22512
114.6,0.039004
114.7,0.10412
114.8,0.18907
114.9,0.069487
115,0.089243
115.1,0.27454
115.2,0.11353
115.3,0.14589
115.4,0.12353
115.5,0.11745
115.6,0.30359
115.7,0.28208
115.8,0.097699
115.9,0.21598
116,0.30021
116.1,0.038354
116.2,0.25225
116.3,0.090584
116.4,0.12444
116.5,0.1001
116.6,0.36508
116.7,0.048086
116.8,0.14049
116.9,0.18156
117,0.18948
117.1,0.087566
117.2,0.10381
117.3,0.11151
117.4,0.02739
117.5,0.11224
117.6,0.17883
117.7,0.1352
117.8,0.074687
117.9,0.17519
118,0.19899
118.1,0.18129
118.2,0.093041
118.3,0.28906
118.4,0.051118
118.5,0.087932
118.6,0.12483
118.7,0.24138
118.8,0.1535
118.9,0.064467
119,0.077137
119.1,0.059266
119.2,0.1359
119.3,0.12609
119.4,0.22149
119.5,0.23494
119.6,0.073287
119.7,0.24079
119.8,0.1693
119.9,0.2181
120,0.14768
120.1,0.19035
120.2,0.1836
120.3,0.052981
120.4,0.077783
120.5,0.046942
120.6,0.14943
120.7,0.1496
120.8,0.057522
120.9,0.10133
121,0.12727
121.1,0.18494
121.2,0.15806
121.3,0.11158
121.4,0.24741
121.5,0.078782
121.6,0.010502
121.7,0.13601
121.8,0.12109
121.9,0.088291
122,0.19976
122.1,0.28589
122.2,0.27437
122.3,0.054494
122.4,0.26795
122.5,0.14596
122.6,0.13581
122.7,0.11257
122.8,0.16389
122.9,0.081887
123,0.11388
123.1,0.15021
123.2,0.033713
123.3,0.11762
123.4,0.16965
123.5,0.2046
123.6,0.091464
123.7,0.030934
123.8,0.16679
123.9,0.074648
124,0.15961
124.1,0.10286
124.2,0.078453
124.3,0.1232
124.4,0.14026
124.5,0.039911
124.6,0.042297
124.7,0.19037
124.8,0.1194
124.9,0.056715
125,0.10029
125.1,0.13088
125.2,0.075842
125.3,0.078228
125.4,0.15718
125.5,0.17922
125.6,0.217
125.7,0.19355
125.8,0.091875
125.9,0.13313
126,0.072961
126.1,0.051222
126.2,0.13796
126.3,0.22579
126.4,0.11304
126.5,0.081379
126.6,0.30101
126.7,0.028864
126.8,0.1565
126.9,0.17159
127,0.21857
127.1,0.074085
127.2,0.016268
127.3,0.14295
127.4,0.054349
127.5,0.13304
127.6,0.059628
127.7,0.082794
127.8,0.12855
127.9,0.11871
128,0.096904
128.1,0.28848
128.2,0.27517
128.3,0.18732
128.4,0.11317
128.5,0.15597
128.6,0.14321
128.7,0.11873
128.8,0.10281
128.9,0.2128
129,0.19946
129.1,0.08742
129.2,0.092242
129.3,0.072415
129.4,0.24025
129.5,0.15029
129.6,0.047999
129.7,0.12678
129.8,0.30032
129.9,0.14829
130,0.081463
130.1,0.10003
130.2,0.11459
130.3,0.16302
130.4,0.1241
130.5,0.063672
130.6,0.17753
130.7,0.18351
130.8,0.11058
130.9,0.088625
131,0.13908
131.1,0.17713
131.2,0.21058
131.3,0.092471
131.4,0.10882
131.5,0.1021
131.6,0.16941
131.7,0.067221
131.8,0.18651
131.9,0.10741
132,0.04559
132.1,0.10175
132.2,0.14759
132.3,0.16249
132.4,0.12503
132.5,0.056942
132.6,0.041699
132.7,0.088357
132.8,0.065332
132.9,0.07823
133,0.12928
133.1,0.093336
133.2,0.084972
133.3,0.2132
133.4,0.13456
133.5,0.13058
133.6,0.10027
133.7,0.12802
133.8,0.13643
133.9,0.14659
134,0.059641
134.1,0.016161
134.2,0.046315
134.3,0.099458
134.4,0.032479
134.5,0.067473
134.6,0.067912
134.7,0.15273
134.8,0.12533
134.9,0.11251
135,0.069714
135.1,0.06888
135.2,0.041457
135.3,0.066316
135.4,0.06927
135.5,0.096934
135.6,0.19667
135.7,0.17255
135.8,0.10871
135.9,0.10806
136,0.043987
136.1,0.076274
136.2,0.046163
136.3,0.138
136.4,0.10166
136.5,0.027672
136.6,0.16075
136.7,0.10082
136.8,0.035571
136.9,0.070407
137,0.17276
137.1,0.25232
137.2,0.14974
137.3,0.12518
137.4,0.20136
137.5,0.021281
137.6,0.067201
137.7,0.15516
137.8,0.13408
137.9,0.17463
138,0.16659
138.1,0.099671
138.2,0.13461
138.3,0.12822
138.4,0.19499
138.5,0.027616
138.6,0.087673
138.7,0.19795
138.8,0.0060678
138.9,0.14037
139,0.13102
139.1,0.072647
139.2,0.097532
139.3,0.10239
139.4,0.043484
139.5,0.035595
139.6,0.17728
139.7,0.066748
139.8,0.093147
139.9,0.058435
140,0.093776
140.1,0.13052
140.2,0.098057
140.3,0.11161
140.4,0.054202
140.5,0.16761
140.6,0.020571
140.7,0.11565
140.8,0.15174
140.9,0.10629
141,0.069132
141.1,0.040015
141.2,0.12957
141.3,0.041858
141.4,0.17434
141.5,0.099724
141.6,0.093503
141.7,0.19259
141.8,0.080799
141.9,0.069698
142,0.21189
142.1,0.091749
142.2,0.15889
142.3,0.12145
142.4,0.19188
142.5,0.086002
142.6,0.10334
142.7,0.071206
142.8,0.04138
142.9,0.12217
143,0.042641
143.1,0.058423
143.2,0.050871
143.3,0.08437
143.4,0.17229
143.5,0.022811
143.6,0.051492
143.7,0.13062
143.8,0.057467
143.9,0.010406
144,0.16161
144.1,0.098282
144.2,0.035437
144.3,0.18897
144.4,0.16306
144.5,0.13785
144.6,0.17586
144.7,0.06819
144.8,0.091229
144.9,0.034092
145,0.10453
145.1,0.075452
145.2,0.016027
145.3,0.04736
145.4,0.037255
145.5,0.099327
145.6,0.089477
145.7,0.014297
145.8,0.018746
145.9,0.23841
146,0.19444
146.1,0.063325
146.2,0.097742
146.3,0.080606
146.4,0.079631
146.5,0.048838
146.6,0.057472
146.7,0.11304
146.8,0.14202
146.9,0.0075582
147,0.035834
147.1,0.04868
147.2,0.073494
147.3,0.13901
147.4,0.043703
147.5,0.2262
147.6,0.014204
147.7,0.030682
147.8,0.073918
147.9,0.095651
148,0.069394
148.1,0.12209
148.2,0.11512
148.3,0.068723
148.4,0.085615
148.5,0.1109
148.6,0.083179
148.7,0.091276
148.8,0.016445
148.9,0.1366
149,0.087183
149.1,0.016303
149.2,0.033518
149.3,0.014451
149.4,0.098534
149.5,0.04993
149.6,0.1734
149.7,0.084785
149.8,0.050118
149.9,0.041432
150,0.07903
150.1,0.064195
150.2,0.15126
150.3,0.073387
150.4,0.080926
150.5,0.12374
150.6,0.077951
150.7,0.076451
150.8,0.050946
150.9,0.049883
151,0.12401
151.1,0.18043
151.2,0.065542
151.3,0.18349
151.4,0.055645
151.5,0.27132
151.6,0.038377
151.7,0.11273
151.8,0.055115
151.9,0.07761
152,0.10893
152.1,0.10633
152.2,0.029602
152.3,0.12595
152.4,0.04441
152.5,0.1108
152.6,0.13333
152.7,0.15421
152.8,0.17416
152.9,0.032242
153,0.061406
153.1,0.025384
153.2,0.087365
153.3,0.059915
153.4,0.088203
153.5,0.044995
153.6,0.12821
153.7,0.049654
153.8,0.10443
153.9,0.077974
154,0.15905
154.1,0.20439
154.2,0.086301
154.3,0.010807
154.4,0.098545
154.5,0.029825
154.6,0.043687
154.7,0.15607
154.8,0.074085
154.9,0.010797
155,0.029199
155.1,0.060336
155.2,0.11797
155.3,0.059045
155.4,0.10066
155.5,0.044378
155.6,0.088472
155.7,0.053832
155.8,0.048749
155.9,0.091677
156,0.094051
156.1,0.063327
156.2,0.037269
156.3,0.15241
156.4,0.11941
156.5,0.086745
156.6,0.037619
156.7,0.033856
156.8,0.062867
156.9,0.15221
157,0.032652
157.1,0.10546
157.2,0.043733
157.3,0.12577
157.4,0.057098
157.5,0.10274
157.6,0.091462
157.7,0.055724
157.8,0.014649
157.9,0.099267
158,0.070855
158.1,0.041883
158.2,0.047475
158.3,0.11405
158.4,0.070944
158.5,0.087442
158.6,0.091828
158.7,0.11264
158.8,0.031893
158.9,0.08729
159,0.11408
159.1,0.036141
159.2,0.014999
159.3,0.094532
159.4,0.079607
159.5,0.12075
159.6,0.060805
159.7,0.16047
159.8,0.10914
159.9,0.088341
160,0.033983
160.1,0.10908
160.2,0.10756
160.3,0.13758
160.4,0.017035
160.5,0.12553
160.6,0.077083
160.7,0.089054
160.8,0.07182
160.9,0.069839
161,0.080873
161.1,0.049985
161.2,0.11294
161.3,0.061683
161.4,0.015518
161.5,0.070628
161.6,0.059248
161.7,0.094093
161.8,0.049659
161.9,0.099779
162,0.02768
162.1,0.053491
162.2,0.0478
162.3,0.041411
162.4,0.04201
162.5,0.1048
162.6,0.02946
162.7,0.051081
162.8,0.056482
162.9,0.055142
163,0.059271
163.1,0.037672
163.2,0.066859
163.3,0.10834
163.4,0.018986
163.5,0.065711
163.6,0.079246
163.7,0.093312
163.8,0.079763
163.9,0.021525
164,0.073747
164.1,0.07066
164.2,0.11064
164.3,0.045984
164.4,0.028213
164.5,0.13065
164.6,0.044494
164.7,0.11911
164.8,0.031047
164.9,0.048428
165,0.075295
165.1,0.057467
165.2,0.10742
165.3,0.043089
165.4,0.044838
165.5,0.07519
165.6,0.098798
165.7,0.018898
165.8,0.13969
165.9,0.069234
166,0.052221
166.1,0.064307
166.2,0.052879
166.3,0.048135
166.4,0.071551
166.5,0.024936
166.6,0.057591
166.7,0.026463
166.8,0.083726
166.9,0.028612
167,0.11965
167.1,0.068465
167.2,0.089586
167.3,0.079693
167.4,0.042849
167.5,0.017328
167.6,0.064902
167.7,0.19077
167.8,0.11386
167.9,0.066086
168,0.061427
168.1,0.023331
168.2,0.087027
168.3,0.024854
168.4,0.026495
168.5,0.08603
168.6,0.050189
168.7,0.07572
168.8,0.022849
168.9,0.10618
169,0.045838
169.1,0.046747
169.2,0.040943
169.3,0.056043
169.4,0.043953
169.5,0.066831
169.6,0.14474
169.7,0.02213
169.8,0.053416
169.9,0.10319
170,0.031387
170.1,0.085559
170.2,0.065893
170.3,0.039386
170.4,0.052594
170.5,0.070831
170.6,0.1059
170.7,0.02963
170.8,0.084774
170.9,0.042534
171,0.031576
171.1,0.065599
171.2,0.087572
171.3,0.061651
171.4,0.074529
171.5,0.023334
171.6,0.064011
171.7,0.08642
171.8,0.08385
171.9,0.052171
172,0.027885
172.1,0.022813
172.2,0.042683
172.3,0.015177
172.4,0.057967
172.5,0.054602
172.6,0.029088
172.7,0.017093
172.8,0.027562
172.9,0.10888
173,0.16375
173.1,0.11778
173.2,0.015446
173.3,0.049409
173.4,0.049908
173.5,0.040118
173.6,0.083365
173.7,0.079169
173.8,0.094019
173.9,0.048451
174,0.083716
174.1,0.060277
174.2,0.062936
174.3,0.044889
174.4,0.13276
174.5,0.053121
174.6,0.076454
174.7,0.09063
174.8,0.029013
174.9,0.030442
175,0.11894
175.1,0.098368
175.2,0.016042
175.3,0.066203
175.4,0.025988
175.5,0.10071
175.6,0.04316
175.7,0.090165
175.8,0.050293
175.9,0.030255
176,0.071619
176.1,0.10781
176.2,0.017885
176.3,0.12216
176.4,0.051025
176.5,0.06975
176.6,0.063157
176.7,0.097156
176.8,0.030395
176.9,0.097334
177,0.013988
177.1,0.01391
177.2,0.031691
177.3,0.056807
177.4,0.078174
177.5,0.060596
177.6,0.017586
177.7,0.11609
177.8,0.090515
177.9,0.046414
178,0.094048
178.1,0.078293
178.2,0.038449
178.3,0.047501
178.4,0.027093
178.5,0.032285
178.6,0.05889
178.7,0.063464
178.8,0.044223
178.9,0.024582
179,0.074781
179.1,0.077167
179.2,0.07391
179.3,0.073195
179.4,0.016084
179.5,0.023014
179.6,0.10601
179.7,0.0094863
179.8,0.016758
179.9,0.03563
180,0.017425
180.1,0.10516
180.2,0.081095
180.3,0.026762
180.4,0.036602
180.5,0.064437
180.6,0.073419
180.7,0.018019
180.8,0.075099
180.9,0.05226
181,0.049515
181.1,0.02152
181.2,0.069987
181.3,0.046769
181.4,0.022712
181.5,0.026939
181.6,0.10093
181.7,0.09273
181.8,0.087394
181.9,0.090407
182,0.039911
182.1,0.013375
182.2,0.074261
182.3,0.05786
182.4,0.024013
182.5,0.041676
182.6,0.046315
182.7,0.087227
182.8,0.03145
182.9,0.075428
183,0.027353
183.1,0.073869
183.2,0.093539
183.3,0.096151
183.4,0.048704
183.5,0.027263
183.6,0.076973
183.7,0.099651
183.8,0.031266
183.9,0.062351
184,0.052656
184.1,0.030607
184.2,0.086782
184.3,0.045645
184.4,0.052652
184.5,0.020593
184.6,0.057897
184.7,0.037065
184.8,0.014125
184.9,0.075732
185,0.049807
185.1,0.070864
185.2,0.03137
185.3,0.068449
185.4,0.057635
185.5,0.021252
185.6,0.036169
185.7,0.028091
185.8,0.034445
185.9,0.035325
186,0.088552
186.1,0.048777
186.2,0.0182
186.3,0.08769
186.4,0.075896
186.5,0.068263
186.6,0.070189
186.7,0.050789
186.8,0.059333
186.9,0.082557
187,0.10095
187.1,0.018947
187.2,0.038399
187.3,0.057809
187.4,0.0362
187.5,0.029462
187.6,0.044571
187.7,0.036634
187.8,0.073833
187.9,0.021477
188,0.060085
188.1,0.045536
188.2,0.070084
188.3,0.075468
188.4,0.016812
188.5,0.09238
188.6,0.060795
188.7,0.052475
188.8,0.10745
188.9,0.061654
189,0.017137
189.1,0.021066
189.2,0.041134
189.3,0.055903
189.4,0.027287
189.5,0.026965
189.6,0.038957
189.7,0.039624
189.8,0.02548
189.9,0.017137
190,0.087968
190.1,0.051334
190.2,0.053154
190.3,0.048685
190.4,0.054603
190.5,0.023189
190.6,0.071158
190.7,0.067339
190.8,0.092513
190.9,0.01622
191,0.013463
191.1,0.037544
191.2,0.015317
191.3,0.050517
191.4,0.069311
191.5,0.035873
191.6,0.082501
191.7,0.042891
191.8,0.024193
191.9,0.066696
192,0.083023
192.1,0.036248
192.2,0.08109
192.3,0.078768
192.4,0.06128
192.5,0.016123
192.6,0.054232
192.7,0.048886
192.8,0.0364
192.9,0.041085
193,0.02007
193.1,0.0079237
193.2,0.029067
193.3,0.10137
193.4,0.04783
193.5,0.02973
193.6,0.079109
193.7,0.029137
193.8,0.092734
193.9,0.064133
194,0.025768
194.1,0.083567
194.2,0.1163
194.3,0.028939
194.4,0.027004
194.5,0.034256
194.6,0.060231
194.7,0.043072
194.8,0.021668
194.9,0.021384
195,0.033859
195.1,0.061857
195.2,0.050595
195.3,0.041433
195.4,0.060312
195.5,0.010406
195.6,0.033777
195.7,0.095693
195.8,0.06066
195.9,0.054971
196,0.074356
196.1,0.039567
196.2,0.028356
196.3,0.03503
196.4,0.056079
196.5,0.013946
196.6,0.031007
196.7,0.037183
196.8,0.025074
196.9,0.086769
197,0.067302
197.1,0.035929
197.2,0.01028
197.3,0.050247
197.4,0.019352
197.5,0.018965
197.6,0.020306
197.7,0.060159
197.8,0.0093423
197.9,0.049957
198,0.094448
198.1,0.026072
198.2,0.058759
198.3,0.049958
198.4,0.074057
198.5,0.034761
198.6,0.011514
198.7,0.037168
198.8,0.018453
198.9,0.038098
199,0.049555
199.1,0.021949
199.2,0.06838
199.3,0.065614
199.4,0.014897
199.5,0.035163
199.6,0.069273
199.7,0.041148
199.8,0.05281
199.9,0.03665
200,0.036276
